StartDate,EndDate,Status,IPAddress,Progress,Duration (in seconds),Finished,RecordedDate,ResponseId,RecipientLastName,RecipientFirstName,RecipientEmail,ExternalReference,LocationLatitude,LocationLongitude,DistributionChannel,UserLanguage,TOSS_1,TOSS_2,TOSS_3,TOSS_4,TOSS_5,TOSS_6,TOSS_7,TOSS_8,TOSS_9,TOSS_10,TOSS_11,TOSS_12,TOSS_13,TOSS_14,TOSS_15,TOSS_16,TOSS_17,TOSS_18,TOSS_19,TOSS_20,TOSS_21,TOSS_22,TOSS_23,TOSS_24,TOSS_25,TOSS_26,TOSS_27,TOSS_28,TOSS_29,TOSS_30,TOSS_31,Q2_1,Q2_2,Q2_3,Q2_4,Q2_5,Q2_6,Q2_7,Q2_8,Q2_9,Q2_10,Q2_11,Q2_12,Q2_13,Q2_14,Q2_15,Q2_16,Q2_17,Q2_18,Q2_19,Q2_20,Q2_21,Q2_22,Q2_23,Q2_24,Q2_25,Q2_26,Q2_27,Q2_28,Q2_29,Q2_30,Q2_31
2019-07-20 12:21,2019-07-20 12:21,2,,100,0,1,2019-07-20 12:21,R_2ofzY2wPW52jXBb,,,,,48.44960022,-123.302597,test,,4,4,0,2,0,1,2,2,1,4,4,2,4,1,1,0,2,2,3,4,4,3,2,2,3,0,2,3,0,1,0,0,2,2,3,3,2,0,4,4,1,0,1,2,1,1,3,1,4,0,2,3,0,3,4,3,3,3,2,0,2,0
2019-07-20 12:21,2019-07-20 12:21,2,,100,0,1,2019-07-20 12:21,R_9H7xYY9qXLo7tC5,,,,,48.44960022,-123.302597,test,,2,0,4,2,3,3,0,4,0,2,0,3,2,1,2,2,3,1,3,3,2,4,1,1,0,3,1,3,1,4,1,0,4,1,4,1,3,1,1,0,2,3,3,3,3,4,2,2,3,0,2,0,4,2,4,0,1,1,0,2,0,3
2019-07-20 12:21,2019-07-20 12:21,2,,100,0,1,2019-07-20 12:21,R_bIu3jsazJjwilvL,,,,,48.44960022,-123.302597,test,,4,2,3,1,1,0,4,3,2,2,2,2,1,0,2,3,2,0,3,2,1,0,4,1,0,4,4,4,0,0,4,1,3,0,1,2,1,1,2,2,2,4,4,4,2,4,1,2,4,2,3,3,4,0,4,1,0,0,2,1,3,2
2019-07-20 12:21,2019-07-20 12:21,2,,100,0,1,2019-07-20 12:21,R_1yTqo6OHqDoYBqR,,,,,48.44960022,-123.302597,test,,1,2,3,4,0,3,1,3,3,1,3,1,0,4,1,4,4,1,1,4,4,3,0,4,4,4,0,0,4,3,1,4,3,1,3,2,0,2,3,1,3,1,0,2,2,0,4,2,4,1,3,2,3,3,4,4,0,1,0,1,3,0
2019-07-20 12:21,2019-07-20 12:21,2,,100,0,1,2019-07-20 12:21,R_037oFpUBiL6LvhP,,,,,48.44960022,-123.302597,test,,1,4,0,2,0,0,3,1,2,3,2,0,1,4,3,1,4,4,3,1,3,2,4,4,3,3,4,4,1,0,3,4,3,2,2,0,4,3,0,0,1,0,4,3,3,0,3,3,2,3,0,0,2,0,3,3,1,4,4,3,3,4
2019-07-20 12:21,2019-07-20 12:21,2,,100,0,1,2019-07-20 12:21,R_dhbfZrMLXYDCHSl,,,,,48.44960022,-123.302597,test,,4,4,3,2,2,2,3,2,0,2,2,0,1,4,4,1,3,3,2,4,2,0,3,4,0,0,4,3,4,2,1,3,3,0,0,1,3,3,3,0,3,0,3,2,4,1,4,2,0,3,3,4,2,4,1,4,1,1,4,2,2,1
2019-07-20 12:21,2019-07-20 12:21,2,,100,0,1,2019-07-20 12:21,R_a2AmpV0yx0oyJ1P,,,,,48.44960022,-123.302597,test,,0,0,2,3,0,1,1,4,0,2,0,0,3,1,0,4,1,1,0,1,2,4,1,0,1,2,1,2,3,0,3,1,2,4,1,0,0,3,4,0,2,0,0,2,1,1,2,2,1,1,0,2,3,4,4,2,3,1,3,0,4,3
2019-07-20 12:21,2019-07-20 12:21,2,,100,0,1,2019-07-20 12:21,R_02HrVlWwqJVyoFD,,,,,48.44960022,-123.302597,test,,2,3,2,2,1,4,3,1,1,4,1,4,4,3,4,3,4,4,2,0,2,4,2,1,0,3,3,3,4,0,0,2,2,3,2,4,2,4,2,4,1,2,3,0,3,1,2,2,1,2,1,0,4,3,4,2,4,1,3,2,2,2
2019-07-20 12:21,2019-07-20 12:21,2,,100,1,1,2019-07-20 12:21,R_1ZYHaMvP8nRfn8h,,,,,48.44960022,-123.302597,test,,4,2,1,1,0,4,1,2,1,4,4,1,3,4,3,2,4,4,4,1,2,3,3,2,3,1,3,1,2,4,3,1,4,0,2,2,4,4,2,3,0,2,4,1,4,1,1,0,2,0,2,4,0,1,3,0,3,2,0,2,0,2
2019-07-20 12:21,2019-07-20 12:21,2,,100,0,1,2019-07-20 12:21,R_1B4r0vCjdDOtcmV,,,,,48.44960022,-123.302597,test,,4,3,1,3,0,2,0,1,0,1,2,2,0,1,2,3,2,1,0,4,2,2,4,4,0,0,4,0,0,3,4,0,0,4,0,4,3,0,2,2,4,3,1,0,0,3,4,4,2,1,2,1,3,0,4,0,4,1,4,3,4,1
2019-07-20 12:21,2019-07-20 12:21,2,,100,0,1,2019-07-20 12:21,R_23ND2hJoqgq4DC5,,,,,48.44960022,-123.302597,test,,1,1,1,2,1,3,4,3,3,3,3,4,1,3,4,3,2,0,2,4,2,4,4,4,0,3,2,3,0,3,4,0,2,2,4,2,1,3,2,3,2,3,4,4,0,4,1,0,2,0,0,1,0,1,2,0,0,3,3,3,2,2
2019-07-20 12:21,2019-07-20 12:21,2,,100,0,1,2019-07-20 12:21,R_3yMLhjQlo7JcRAV,,,,,48.44960022,-123.302597,test,,4,2,0,4,1,1,2,1,2,4,2,4,0,1,3,3,2,1,2,1,1,0,0,1,4,2,3,0,0,0,4,2,2,1,0,4,4,3,2,2,3,3,0,2,3,1,0,2,1,0,4,4,0,4,2,0,4,2,0,2,2,2
2019-07-20 12:21,2019-07-20 12:21,2,,100,0,1,2019-07-20 12:21,R_81EvaKtYdPWS2oJ,,,,,48.44960022,-123.302597,test,,2,4,4,0,2,4,3,4,2,4,3,4,4,4,3,4,0,4,0,1,0,3,3,2,4,2,3,3,4,0,2,2,1,3,1,3,3,4,2,4,4,3,1,0,0,1,3,3,4,4,4,1,3,4,2,1,3,1,4,2,0,3
2019-07-20 12:21,2019-07-20 12:21,2,,100,0,1,2019-07-20 12:21,R_6gwTwvpblbQx3hj,,,,,48.44960022,-123.302597,test,,3,0,4,0,2,0,1,0,2,4,3,0,1,2,4,3,4,2,4,3,0,1,3,1,3,4,3,4,0,1,1,3,1,0,1,4,4,0,4,3,1,0,0,2,4,4,4,0,1,3,1,3,0,2,3,2,2,4,4,1,2,1
2019-07-20 12:21,2019-07-20 12:21,2,,100,0,1,2019-07-20 12:21,R_0cW92UfYgEBy7Ln,,,,,48.44960022,-123.302597,test,,0,3,0,3,0,0,1,2,4,4,2,3,2,1,2,3,3,3,3,3,2,3,2,0,2,1,2,1,3,3,1,2,3,3,1,0,1,4,3,3,3,1,4,0,2,4,0,4,1,2,1,3,4,4,0,4,1,2,4,3,4,0
2019-07-20 12:21,2019-07-20 12:21,2,,100,0,1,2019-07-20 12:21,R_b7bgLq6K8lXT3Tv,,,,,48.44960022,-123.302597,test,,1,3,3,3,3,3,2,3,0,2,2,2,1,1,4,1,2,4,1,1,0,2,3,0,0,2,1,2,0,2,1,2,3,4,0,3,1,3,1,2,4,0,1,4,3,2,4,3,3,1,3,4,4,1,3,4,3,1,0,1,4,2
2019-07-20 12:21,2019-07-20 12:21,2,,100,0,1,2019-07-20 12:21,R_9YWMa2klnAXsX1r,,,,,48.44960022,-123.302597,test,,2,2,2,3,0,0,2,1,2,4,3,1,1,0,1,0,4,3,1,3,4,0,3,1,0,1,3,4,4,2,3,0,0,1,1,0,0,1,4,2,3,4,0,0,4,4,3,0,4,0,0,3,0,3,0,3,4,2,1,1,1,0
2019-07-20 12:21,2019-07-20 12:21,2,,100,0,1,2019-07-20 12:21,R_bad35u31s3euXZj,,,,,48.44960022,-123.302597,test,,0,2,0,3,3,1,2,4,1,0,2,3,0,4,1,0,4,0,2,4,0,3,4,2,4,2,4,2,4,1,2,2,3,0,2,1,2,1,4,4,1,1,0,2,1,3,4,0,3,4,2,1,3,1,2,1,2,0,3,2,2,0
2019-07-20 12:21,2019-07-20 12:21,2,,100,0,1,2019-07-20 12:21,R_bf0niQmhkeziFMN,,,,,48.44960022,-123.302597,test,,2,3,3,0,2,3,2,3,3,4,4,0,4,0,1,0,4,3,2,0,0,1,0,1,0,1,3,3,4,1,4,1,0,1,0,0,2,0,4,2,0,2,3,2,0,0,0,1,2,0,2,3,4,0,1,2,3,1,2,4,1,1
2019-07-20 12:21,2019-07-20 12:21,2,,100,0,1,2019-07-20 12:21,R_9S4QIViHnZp5oqx,,,,,48.44960022,-123.302597,test,,0,0,3,1,4,1,3,0,2,4,1,4,0,1,4,1,1,2,4,0,4,4,4,2,3,1,4,0,0,0,0,3,3,0,4,4,1,1,1,1,2,2,1,3,2,2,2,3,1,1,1,3,0,2,4,3,4,2,4,0,4,2
2019-07-20 12:21,2019-07-20 12:21,2,,100,0,1,2019-07-20 12:21,R_39FyT88jAAEibvT,,,,,48.44960022,-123.302597,test,,3,1,2,0,1,3,0,2,2,4,0,2,2,1,0,0,0,2,3,0,2,1,3,3,2,3,2,1,3,0,0,2,0,3,2,3,3,3,3,3,0,4,3,1,2,4,2,4,4,1,3,3,2,0,1,3,0,2,2,0,1,4
2019-07-20 12:21,2019-07-20 12:21,2,,100,0,1,2019-07-20 12:21,R_8D2CpeZJu2rbD8N,,,,,48.44960022,-123.302597,test,,0,3,3,0,1,3,3,4,1,0,4,2,0,3,0,1,0,3,2,4,0,0,2,1,2,0,4,3,1,3,3,2,3,3,1,2,3,2,3,3,1,1,3,3,1,4,1,2,2,2,0,1,2,0,0,1,1,4,0,0,1,1
2019-07-20 12:21,2019-07-20 12:21,2,,100,0,1,2019-07-20 12:21,R_81xaV0cxFeTdtXf,,,,,48.44960022,-123.302597,test,,4,2,4,3,1,1,3,3,1,4,1,0,0,2,3,4,0,4,1,1,3,4,1,1,2,0,2,0,3,1,3,0,3,4,0,0,1,4,4,0,0,2,3,3,3,2,3,4,1,3,4,4,3,3,4,4,3,2,1,3,1,3
2019-07-20 12:21,2019-07-20 12:21,2,,100,0,1,2019-07-20 12:21,R_aVGwlXym1HTvkhf,,,,,48.44960022,-123.302597,test,,1,3,3,2,2,0,1,4,2,0,0,3,0,3,1,2,1,3,2,0,2,4,4,4,1,4,1,2,1,1,1,1,0,3,4,4,1,0,4,1,1,2,0,3,2,3,0,4,0,0,0,2,3,2,3,0,2,0,1,1,1,1
2019-07-20 12:21,2019-07-20 12:21,2,,100,0,1,2019-07-20 12:21,R_3XhpFNZQpBwwHHv,,,,,48.44960022,-123.302597,test,,2,4,3,1,2,2,3,4,3,1,2,0,4,0,2,1,4,4,1,1,1,0,2,1,3,4,2,4,0,1,3,2,2,2,0,2,0,3,1,1,2,4,0,1,2,2,1,3,2,3,3,4,1,3,1,4,4,4,3,3,4,3
2019-07-20 12:21,2019-07-20 12:21,2,,100,0,1,2019-07-20 12:21,R_88PdHTVkIjdYO21,,,,,48.44960022,-123.302597,test,,1,3,2,1,0,1,3,0,4,2,1,2,2,3,1,3,1,4,1,4,2,2,0,0,2,0,4,2,3,2,3,3,2,3,0,3,0,4,3,3,0,2,0,3,2,2,4,2,3,4,4,4,3,1,1,4,2,2,3,2,3,3
2019-07-20 12:21,2019-07-20 12:21,2,,100,0,1,2019-07-20 12:21,R_9o8EoRedctbaTbf,,,,,48.44960022,-123.302597,test,,1,3,1,1,0,2,2,0,3,2,4,1,4,2,4,0,4,4,4,3,1,0,4,4,0,0,3,2,3,4,1,3,4,2,3,1,4,1,3,1,2,4,2,0,0,0,1,3,1,4,1,2,1,3,0,1,1,1,1,2,1,0
2019-07-20 12:21,2019-07-20 12:21,2,,100,0,1,2019-07-20 12:21,R_4JcnmuzkZGrnAGx,,,,,48.44960022,-123.302597,test,,1,0,2,1,2,2,0,2,2,3,0,1,1,4,2,1,4,0,1,2,2,4,0,4,4,4,2,2,4,2,3,0,1,0,1,1,1,2,2,1,0,0,1,3,0,4,1,0,4,0,3,2,1,0,3,4,1,0,0,2,3,3
2019-07-20 12:21,2019-07-20 12:21,2,,100,0,1,2019-07-20 12:21,R_8HULJNdqkKpRUbz,,,,,48.44960022,-123.302597,test,,0,4,0,4,2,4,1,2,3,0,1,4,3,3,1,1,4,1,1,1,0,0,2,3,4,0,0,2,4,3,1,1,0,2,2,0,3,0,1,2,3,0,1,3,2,3,4,2,1,4,2,4,4,4,1,0,4,0,0,1,1,4
2019-07-20 12:21,2019-07-20 12:21,2,,100,0,1,2019-07-20 12:21,R_0ocBzFl5tjJjIr3,,,,,48.44960022,-123.302597,test,,1,0,4,0,1,1,1,0,1,1,1,0,3,2,1,1,1,3,3,1,1,4,1,2,0,1,1,1,3,3,2,0,0,1,2,1,1,3,0,3,4,2,3,0,0,3,2,4,4,1,3,0,1,2,0,1,0,4,4,3,1,3
2019-07-20 12:21,2019-07-20 12:21,2,,100,0,1,2019-07-20 12:21,R_0TEsnLyRJ3BlO05,,,,,48.44960022,-123.302597,test,,1,0,3,4,2,3,1,0,4,0,4,1,0,1,2,4,3,4,0,0,2,1,2,0,0,0,0,2,4,3,0,2,1,2,2,1,4,4,3,1,3,1,3,0,0,2,0,4,4,4,1,3,2,0,1,1,2,4,2,0,4,3
2019-07-20 12:21,2019-07-20 12:21,2,,100,0,1,2019-07-20 12:21,R_7ZASKkwjJctxnXD,,,,,48.44960022,-123.302597,test,,1,2,3,1,0,4,1,4,2,1,2,3,0,3,0,1,1,4,1,1,4,2,1,2,2,2,3,1,2,3,1,2,2,0,3,0,3,3,1,1,3,2,1,0,0,2,3,4,0,2,1,0,2,0,3,2,1,2,4,1,4,4
2019-07-20 12:21,2019-07-20 12:21,2,,100,0,1,2019-07-20 12:21,R_bsAHizxgSsTtvfL,,,,,48.44960022,-123.302597,test,,2,0,3,4,3,1,3,0,4,2,0,0,4,1,0,0,0,2,1,2,2,3,1,0,0,3,4,3,3,3,1,4,0,2,1,4,1,2,4,0,4,3,0,3,4,1,0,0,0,0,4,0,0,3,4,0,0,4,2,3,4,1
2019-07-20 12:21,2019-07-20 12:21,2,,100,0,1,2019-07-20 12:21,R_6Xy5cWBudISLFmR,,,,,48.44960022,-123.302597,test,,4,1,2,1,3,4,3,4,1,3,4,1,4,1,4,0,3,0,0,3,4,4,1,0,4,3,3,4,1,0,4,2,0,3,0,0,2,3,0,2,4,4,1,1,2,3,3,0,4,3,2,4,3,4,2,2,3,1,0,4,1,0
2019-07-20 12:21,2019-07-20 12:21,2,,100,1,1,2019-07-20 12:21,R_8qwJlwZOiWOj1gF,,,,,48.44960022,-123.302597,test,,3,1,3,3,2,3,3,4,3,0,2,3,4,3,1,1,2,4,2,2,0,2,4,2,1,4,4,0,1,4,2,2,0,2,2,3,3,3,2,4,0,1,2,1,3,2,4,1,2,2,0,1,3,0,2,3,3,3,0,3,2,1
2019-07-20 12:21,2019-07-20 12:21,2,,100,0,1,2019-07-20 12:21,R_73TiGE1AarQLEGx,,,,,48.44960022,-123.302597,test,,4,1,1,3,4,3,4,4,2,0,0,0,3,1,2,3,0,4,3,3,3,4,3,0,1,3,0,1,2,4,3,2,4,1,3,4,0,3,3,3,4,3,0,3,3,2,2,2,1,2,4,0,3,0,3,1,2,3,0,1,1,4
2019-07-20 12:21,2019-07-20 12:21,2,,100,0,1,2019-07-20 12:21,R_2geNZ3c6NQTj3WB,,,,,48.44960022,-123.302597,test,,3,1,3,4,0,2,2,0,3,1,3,2,2,4,3,2,1,3,4,1,3,0,4,0,4,0,3,3,4,0,1,3,4,4,0,4,3,3,4,4,0,0,4,2,4,0,2,4,3,4,0,1,1,1,3,4,4,2,3,1,2,4
2019-07-20 12:21,2019-07-20 12:21,2,,100,0,1,2019-07-20 12:21,R_0OhQYJfQJNhJozP,,,,,48.44960022,-123.302597,test,,0,0,2,0,1,2,4,2,0,1,2,2,2,3,4,0,0,1,3,2,4,4,1,1,4,4,4,4,3,3,0,4,0,2,3,0,3,3,0,2,0,2,1,1,4,4,2,0,2,1,0,1,3,4,0,4,2,2,2,0,0,3
2019-07-20 12:21,2019-07-20 12:21,2,,100,0,1,2019-07-20 12:21,R_8CACPO68n6Y8zfD,,,,,48.44960022,-123.302597,test,,3,3,0,0,3,1,0,1,0,2,2,0,1,4,4,0,4,4,4,0,3,1,0,0,0,3,4,2,0,0,3,4,4,3,4,2,2,1,4,0,0,1,1,0,4,4,1,4,1,4,3,1,3,0,4,1,2,0,4,1,1,0
2019-07-20 12:21,2019-07-20 12:21,2,,100,0,1,2019-07-20 12:21,R_1BSkJO0CQL40IYZ,,,,,48.44960022,-123.302597,test,,0,4,2,0,1,0,1,2,0,1,2,0,0,2,3,3,2,0,4,2,0,0,1,1,1,1,2,1,4,0,3,1,3,4,3,0,1,3,2,2,3,1,0,2,4,2,0,4,1,3,3,0,3,0,1,4,3,1,0,3,0,3
2019-07-20 12:21,2019-07-20 12:21,2,,100,0,1,2019-07-20 12:21,R_8qSFPIVCEU65CkJ,,,,,48.44960022,-123.302597,test,,3,3,2,0,3,3,0,0,0,4,0,4,4,2,3,3,0,3,0,4,2,1,4,1,0,3,2,4,1,2,2,1,3,0,4,1,0,0,0,4,1,4,0,4,2,2,1,3,4,1,0,3,0,3,2,3,4,0,3,4,0,0
2019-07-20 12:21,2019-07-20 12:21,2,,100,0,1,2019-07-20 12:21,R_0iEtqkQIel5cCa1,,,,,48.44960022,-123.302597,test,,1,4,2,1,4,4,3,0,0,1,4,3,2,1,2,3,4,2,3,0,2,3,4,4,2,2,4,2,1,0,0,4,1,0,2,4,2,1,3,2,4,1,0,3,2,3,3,4,4,2,2,2,4,3,2,2,4,0,1,0,0,1
2019-07-20 12:21,2019-07-20 12:21,2,,100,0,1,2019-07-20 12:21,R_3jvJHNm1se0ifyJ,,,,,48.44960022,-123.302597,test,,4,1,4,3,1,4,4,1,0,2,3,2,3,4,1,3,0,3,2,4,2,4,4,4,0,2,3,1,4,1,3,2,0,4,3,0,0,0,0,1,4,4,3,3,4,1,1,4,3,4,2,2,3,3,4,2,2,2,1,1,2,3
2019-07-20 12:21,2019-07-20 12:21,2,,100,0,1,2019-07-20 12:21,R_eDKwiyRFdig5FZj,,,,,48.44960022,-123.302597,test,,1,1,3,2,4,0,1,4,0,4,2,1,1,1,1,3,0,1,0,1,1,0,3,2,0,4,3,1,2,0,4,4,4,3,4,4,2,0,4,2,1,4,1,0,0,0,4,3,3,2,0,0,4,0,4,2,2,3,2,4,2,1
2019-07-20 12:21,2019-07-20 12:21,2,,100,0,1,2019-07-20 12:21,R_eIZCUnHkOJGncIR,,,,,48.44960022,-123.302597,test,,4,1,4,3,0,4,3,0,4,1,3,3,0,3,4,3,3,1,1,0,3,3,1,3,1,0,4,4,1,1,2,4,1,3,0,3,1,3,4,1,3,3,2,4,3,0,3,0,3,3,4,3,4,4,2,1,4,3,2,3,2,0
2019-07-20 12:21,2019-07-20 12:21,2,,100,0,1,2019-07-20 12:21,R_d4iP5Opu1qVv4BT,,,,,48.44960022,-123.302597,test,,3,4,0,2,2,0,4,3,3,2,3,4,0,4,0,2,2,0,0,0,2,1,0,1,0,1,4,1,0,1,2,1,1,1,3,4,0,2,0,2,1,2,3,2,2,2,0,1,4,2,2,3,0,4,1,0,4,0,1,1,4,0
2019-07-20 12:21,2019-07-20 12:21,2,,100,0,1,2019-07-20 12:21,R_bxZ95pd1jHpvk0d,,,,,48.44960022,-123.302597,test,,3,2,1,0,0,1,3,2,0,1,0,1,3,1,1,0,4,0,0,0,4,1,0,1,2,1,3,4,1,1,1,4,1,3,2,1,0,3,4,1,2,2,0,3,1,4,3,3,1,0,0,2,2,2,4,4,2,4,1,2,0,2
2019-07-20 12:21,2019-07-20 12:21,2,,100,0,1,2019-07-20 12:21,R_cU7qfFCzB01EgRL,,,,,48.44960022,-123.302597,test,,3,2,2,4,3,4,1,1,0,3,2,4,2,3,0,1,4,4,0,2,2,0,0,1,1,1,3,3,3,1,0,1,4,0,0,1,4,3,4,4,2,3,2,0,0,0,3,0,0,3,2,1,3,0,2,1,4,4,3,4,2,3
2019-07-20 12:21,2019-07-20 12:21,2,,100,0,1,2019-07-20 12:21,R_8rkvO0Kd0l4TRLT,,,,,48.44960022,-123.302597,test,,4,1,4,0,2,2,4,2,1,1,3,3,1,0,2,0,3,1,1,4,4,4,0,0,4,0,2,0,3,0,4,1,3,2,4,4,3,4,3,0,0,0,0,3,3,1,3,0,4,3,3,2,3,1,4,2,0,0,3,4,4,1
2019-07-20 12:21,2019-07-20 12:21,2,,100,0,1,2019-07-20 12:21,R_4N2IAntGaey4UG9,,,,,48.44960022,-123.302597,test,,4,0,4,2,0,4,0,1,3,2,4,0,4,1,2,0,1,1,3,4,2,4,3,4,1,0,4,3,0,1,2,1,4,3,2,3,3,3,3,4,4,2,2,1,1,4,0,1,1,1,2,1,2,4,2,4,3,4,2,4,3,3
2019-07-20 12:21,2019-07-20 12:21,2,,100,0,1,2019-07-20 12:21,R_doNebVCkX18gGiN,,,,,48.44960022,-123.302597,test,,1,0,3,4,1,1,3,2,4,0,4,3,4,1,1,0,3,0,2,4,1,4,3,4,1,2,1,4,4,1,1,4,4,2,3,2,4,3,3,4,0,0,0,1,0,0,2,3,1,0,2,1,0,2,0,1,4,2,3,1,4,3
2019-07-20 12:21,2019-07-20 12:21,2,,100,0,1,2019-07-20 12:21,R_d4HpchnkDvwTD0h,,,,,48.44960022,-123.302597,test,,3,3,3,2,1,0,1,1,1,2,0,2,4,2,1,2,3,4,3,3,2,4,0,4,4,2,1,1,4,2,1,3,4,2,2,4,3,2,4,1,4,3,4,0,4,2,2,2,2,3,4,3,2,0,4,3,3,3,3,1,3,4
2019-07-20 12:21,2019-07-20 12:21,2,,100,0,1,2019-07-20 12:21,R_8oeXtMA5HMYQv89,,,,,48.44960022,-123.302597,test,,3,3,2,0,2,4,3,2,2,0,3,2,2,3,0,3,0,0,0,1,3,2,3,1,2,0,0,0,4,1,4,2,4,4,2,0,3,2,3,2,0,1,1,0,4,3,3,0,3,2,4,4,2,2,4,1,1,4,0,4,0,2
2019-07-20 12:21,2019-07-20 12:21,2,,100,0,1,2019-07-20 12:21,R_0qxSaeKlIpC6vbv,,,,,48.44960022,-123.302597,test,,1,3,1,2,4,4,3,0,4,3,3,1,3,2,0,1,3,3,4,2,3,4,1,1,4,4,0,3,3,1,1,0,0,0,2,4,4,4,4,3,0,3,4,2,4,3,3,2,1,2,1,1,2,3,4,4,3,3,1,2,2,3
2019-07-20 12:21,2019-07-20 12:21,2,,100,0,1,2019-07-20 12:21,R_cNK4D2ToBVExH2l,,,,,48.44960022,-123.302597,test,,0,1,1,0,1,1,0,0,3,1,4,3,1,3,2,0,3,1,2,1,0,4,3,4,4,1,1,2,1,3,1,3,3,3,0,2,1,1,1,4,4,4,3,2,1,3,3,2,3,1,1,2,4,2,3,2,4,4,2,2,0,1
2019-07-20 12:21,2019-07-20 12:21,2,,100,0,1,2019-07-20 12:21,R_6xQiUFLGJRD6PBP,,,,,48.44960022,-123.302597,test,,1,2,4,4,2,4,4,2,0,4,0,0,3,2,4,0,2,1,0,2,2,1,0,0,4,1,4,1,3,3,1,3,2,3,3,0,4,3,3,1,4,4,4,1,0,0,0,1,1,1,2,3,1,0,3,0,4,4,3,4,0,4
2019-07-20 12:21,2019-07-20 12:21,2,,100,0,1,2019-07-20 12:21,R_bedCXhSMtWrptPv,,,,,48.44960022,-123.302597,test,,4,2,2,1,1,3,0,2,2,3,0,2,2,1,2,1,0,3,1,2,4,0,0,0,4,1,0,1,1,0,3,2,3,2,1,1,0,1,2,2,2,0,2,0,1,3,2,1,4,1,4,1,3,1,2,2,3,0,0,2,3,3
2019-07-20 12:21,2019-07-20 12:21,2,,100,0,1,2019-07-20 12:21,R_4TqsY48dBUMY9MN,,,,,48.44960022,-123.302597,test,,2,2,0,4,4,2,3,2,3,2,0,1,3,2,3,1,3,1,4,1,1,4,3,0,4,1,4,2,1,3,1,3,2,0,4,1,2,4,2,4,2,4,4,0,4,4,3,4,2,2,3,3,4,1,2,2,0,0,2,1,3,0
2019-07-20 12:21,2019-07-20 12:21,2,,100,0,1,2019-07-20 12:21,R_6lGnNUxAsYCSb65,,,,,48.44960022,-123.302597,test,,2,2,0,1,0,1,3,4,2,2,1,2,0,1,0,4,0,2,2,3,0,2,3,0,4,2,0,3,1,2,3,4,3,0,3,4,3,0,3,1,0,1,0,1,4,4,3,4,3,4,1,0,0,1,4,4,2,2,1,4,1,3
2019-07-20 12:21,2019-07-20 12:21,2,,100,0,1,2019-07-20 12:21,R_6mO51bGYaUuLyGV,,,,,48.44960022,-123.302597,test,,3,2,4,2,4,3,4,2,3,4,4,0,4,3,0,0,4,3,1,2,0,0,3,1,2,4,3,2,0,0,0,0,1,1,0,2,3,4,0,0,0,2,0,1,3,4,3,3,1,1,0,3,3,4,3,4,0,0,1,4,4,0
2019-07-20 12:21,2019-07-20 12:21,2,,100,0,1,2019-07-20 12:21,R_4Gk5sf4oPwChBzL,,,,,48.44960022,-123.302597,test,,3,0,3,2,4,3,3,1,4,0,0,4,3,1,0,4,3,3,2,0,2,1,0,0,0,4,0,1,2,3,4,1,2,0,0,4,4,0,2,4,4,3,1,1,1,4,2,4,4,0,0,2,3,4,2,3,1,4,1,0,1,0
2019-07-20 12:21,2019-07-20 12:21,2,,100,0,1,2019-07-20 12:21,R_1KPTGZMAreX3mg5,,,,,48.44960022,-123.302597,test,,4,1,1,1,4,4,0,2,0,2,4,1,1,0,1,3,4,3,4,0,3,1,0,0,3,3,4,2,4,2,3,0,0,1,3,4,3,1,3,0,3,2,1,4,3,0,1,3,2,3,3,1,0,0,3,4,2,2,1,4,1,0
2019-07-20 12:21,2019-07-20 12:21,2,,100,0,1,2019-07-20 12:21,R_0IirgXCtGUKGCQl,,,,,48.44960022,-123.302597,test,,2,2,4,4,3,0,0,4,3,1,2,4,1,0,1,4,2,3,4,2,1,0,4,3,4,2,1,1,0,0,2,3,1,1,3,0,3,1,4,2,0,1,3,1,2,2,2,1,1,4,0,1,0,1,0,0,0,3,4,0,1,1
2019-07-20 12:21,2019-07-20 12:21,2,,100,0,1,2019-07-20 12:21,R_cZyw7Vc06W49KVn,,,,,48.44960022,-123.302597,test,,4,1,3,2,2,0,2,1,4,4,3,0,1,0,3,1,0,0,2,0,3,2,3,1,0,1,0,3,4,0,0,1,2,1,0,2,3,0,0,0,4,4,1,0,1,1,3,4,2,3,2,4,3,2,1,2,3,4,3,3,4,4
2019-07-20 12:21,2019-07-20 12:21,2,,100,0,1,2019-07-20 12:21,R_896SwoeGe6slIKF,,,,,48.44960022,-123.302597,test,,0,1,1,2,2,0,0,0,1,2,4,3,1,4,3,1,2,3,3,0,3,0,3,4,0,1,1,2,4,4,3,1,3,0,2,0,1,2,2,4,1,1,1,1,1,4,2,2,0,0,3,3,0,1,4,2,3,4,2,1,2,4
2019-07-20 12:21,2019-07-20 12:21,2,,100,0,1,2019-07-20 12:21,R_0cEYbKQz9M74WEJ,,,,,48.44960022,-123.302597,test,,1,0,2,2,3,1,0,0,0,2,0,0,3,4,0,3,0,4,3,3,3,4,2,0,1,0,0,1,2,0,3,2,0,0,4,4,3,1,2,3,2,0,3,2,3,2,2,1,4,3,0,2,2,3,3,2,2,1,0,1,2,1
2019-07-20 12:21,2019-07-20 12:21,2,,100,0,1,2019-07-20 12:21,R_dnZagt2MSXWToa1,,,,,48.44960022,-123.302597,test,,3,0,1,3,3,1,0,0,2,3,0,3,1,2,4,3,3,3,1,2,0,0,3,3,2,4,2,2,4,1,2,4,3,0,3,4,4,3,1,3,4,1,2,2,2,2,4,1,4,1,2,1,3,4,2,0,0,2,1,1,0,1
2019-07-20 12:21,2019-07-20 12:21,2,,100,0,1,2019-07-20 12:21,R_57w8wSRy3QKhIvb,,,,,48.44960022,-123.302597,test,,3,3,1,2,4,0,0,2,0,1,1,4,4,0,0,2,0,3,0,3,3,3,4,4,4,4,3,1,0,0,1,4,2,0,3,1,1,1,4,2,3,4,3,1,1,0,0,3,4,2,3,1,0,4,2,2,1,3,4,0,0,3
2019-07-20 12:21,2019-07-20 12:21,2,,100,0,1,2019-07-20 12:21,R_6FNoBrgtwWoJlBP,,,,,48.44960022,-123.302597,test,,4,2,2,1,1,1,3,4,0,4,1,2,4,0,4,1,1,4,1,0,1,0,2,3,4,4,0,2,2,0,0,2,2,3,4,3,3,4,4,3,2,0,2,1,4,1,4,4,3,4,1,3,4,4,0,0,0,3,0,3,3,3
2019-07-20 12:21,2019-07-20 12:21,2,,100,0,1,2019-07-20 12:21,R_eEB1mcAo7WwrShT,,,,,48.44960022,-123.302597,test,,3,1,3,4,0,1,3,4,4,1,2,4,4,4,3,3,1,2,3,2,4,0,1,1,1,1,4,2,2,3,3,3,3,4,3,4,2,0,1,1,0,3,4,4,3,1,2,0,3,3,0,2,1,1,0,3,1,4,4,3,2,2
2019-07-20 12:21,2019-07-20 12:21,2,,100,0,1,2019-07-20 12:21,R_ctONBPsHw8VLAQl,,,,,48.44960022,-123.302597,test,,0,2,0,2,0,0,3,1,1,4,2,1,4,2,2,0,1,0,1,2,1,0,0,2,3,2,0,2,4,1,1,2,0,2,0,2,3,3,3,0,1,0,1,2,2,2,0,4,2,0,4,3,0,2,4,1,4,3,1,0,2,3
2019-07-20 12:21,2019-07-20 12:21,2,,100,0,1,2019-07-20 12:21,R_bwlwOhEcvquwk8R,,,,,48.44960022,-123.302597,test,,1,3,1,1,1,3,4,1,3,1,3,3,3,4,0,4,2,3,1,3,0,2,3,1,0,1,3,3,2,4,1,1,0,2,3,2,0,0,4,1,2,0,4,3,1,2,0,1,3,2,4,2,1,4,3,3,0,1,0,4,2,1
2019-07-20 12:21,2019-07-20 12:21,2,,100,0,1,2019-07-20 12:21,R_cNrGzX2tZ8GdTBb,,,,,48.44960022,-123.302597,test,,0,0,1,0,3,2,1,4,3,4,0,1,0,3,1,3,0,0,2,2,0,2,4,2,2,3,3,3,0,3,1,0,2,1,4,4,4,4,1,0,1,3,1,0,1,0,3,4,4,1,4,3,4,4,0,3,2,0,2,4,1,0
2019-07-20 12:21,2019-07-20 12:21,2,,100,0,1,2019-07-20 12:21,R_6Wmh10BeptTIWWN,,,,,48.44960022,-123.302597,test,,2,2,0,0,4,2,3,0,3,2,2,3,2,2,0,0,3,1,3,4,1,3,2,4,4,1,3,0,2,3,3,3,0,0,0,0,2,1,2,3,0,4,1,3,4,1,0,0,2,3,3,2,2,0,4,3,3,4,4,1,3,4
2019-07-20 12:21,2019-07-20 12:21,2,,100,0,1,2019-07-20 12:21,R_1MKw4jKlv9V22Oh,,,,,48.44960022,-123.302597,test,,3,2,4,1,4,1,4,0,4,1,1,0,3,1,2,2,1,1,1,0,3,0,0,2,3,0,0,0,0,2,1,3,4,3,2,3,2,4,0,3,4,3,2,1,3,2,0,1,0,3,1,4,0,1,0,1,0,0,4,4,2,2
2019-07-20 12:21,2019-07-20 12:21,2,,100,0,1,2019-07-20 12:21,R_byiYwqUPKxZ8Ymx,,,,,48.44960022,-123.302597,test,,1,3,0,2,3,3,2,1,0,0,4,4,0,2,3,2,1,0,3,0,2,0,4,0,1,1,4,4,2,0,4,2,1,1,3,3,3,3,1,1,4,2,0,1,1,3,3,4,0,1,0,1,0,4,0,2,2,0,3,4,2,0
2019-07-20 12:21,2019-07-20 12:21,2,,100,0,1,2019-07-20 12:21,R_1LikAGmgGTxsuHz,,,,,48.44960022,-123.302597,test,,1,2,0,4,4,3,3,2,4,3,1,3,2,0,0,1,1,2,3,2,2,1,4,4,2,3,0,2,2,2,2,0,1,0,1,3,3,4,4,2,3,3,2,1,3,0,2,1,2,4,0,4,0,4,2,3,1,4,4,4,2,4
2019-07-20 12:21,2019-07-20 12:21,2,,100,0,1,2019-07-20 12:21,R_08U0SiAHB5ZdTyR,,,,,48.44960022,-123.302597,test,,2,0,1,1,4,0,3,2,4,1,1,0,2,4,4,0,3,4,1,1,4,3,4,2,4,3,3,3,4,4,3,3,1,0,3,0,0,0,3,0,0,0,3,4,0,4,0,0,0,3,4,3,2,3,3,2,2,0,2,4,1,1
2019-07-20 12:21,2019-07-20 12:21,2,,100,0,1,2019-07-20 12:21,R_5dKOcYlNqS678Gx,,,,,48.44960022,-123.302597,test,,0,3,0,2,2,3,2,1,2,1,2,2,1,4,2,3,3,2,2,2,2,3,4,1,1,0,3,0,4,2,4,3,4,4,0,1,1,1,4,0,3,1,1,3,1,4,2,4,1,3,4,2,0,4,3,3,2,3,0,0,3,1
2019-07-20 12:21,2019-07-20 12:21,2,,100,0,1,2019-07-20 12:21,R_bdSWmLC3oHQGV3D,,,,,48.44960022,-123.302597,test,,1,1,0,4,0,4,0,1,3,2,1,1,4,2,3,0,0,0,4,0,3,3,4,0,2,4,4,4,4,4,0,3,2,0,2,2,1,4,4,2,0,0,0,0,2,2,3,1,4,2,2,1,0,4,0,4,2,1,0,1,0,4
2019-07-20 12:21,2019-07-20 12:21,2,,100,0,1,2019-07-20 12:21,R_6D0nXz2BcyvAwGp,,,,,48.44960022,-123.302597,test,,2,1,2,4,0,3,1,4,0,1,0,4,4,1,3,2,1,2,0,1,1,2,3,4,1,3,4,4,2,3,2,2,4,3,4,1,4,2,0,2,2,1,0,1,0,0,3,4,3,2,1,4,1,4,1,1,0,0,0,2,0,4
2019-07-20 12:21,2019-07-20 12:21,2,,100,0,1,2019-07-20 12:21,R_e51ggVchEEBen0p,,,,,48.44960022,-123.302597,test,,1,3,4,3,4,0,4,0,1,2,0,1,2,2,3,2,1,2,3,4,4,0,0,4,2,1,0,3,0,2,0,3,1,1,3,1,1,0,0,4,0,4,2,3,4,0,4,0,2,1,3,0,3,1,0,0,1,2,3,1,1,4
2019-07-20 12:21,2019-07-20 12:21,2,,100,0,1,2019-07-20 12:21,R_1Xp9uHB0I2ex8tn,,,,,48.44960022,-123.302597,test,,1,3,2,1,4,4,0,2,3,0,2,3,0,3,0,3,2,3,1,3,2,0,1,1,1,2,4,4,1,0,4,0,3,3,1,0,0,3,3,0,1,2,4,1,3,4,3,0,2,2,3,1,4,4,2,0,3,2,3,3,2,2
2019-07-20 12:21,2019-07-20 12:21,2,,100,0,1,2019-07-20 12:21,R_bPCfAUAxovVLK1D,,,,,48.44960022,-123.302597,test,,1,4,3,2,3,0,3,0,4,0,4,0,1,0,1,1,0,4,3,1,3,4,0,1,2,2,2,2,1,0,2,3,0,3,2,3,1,4,1,0,4,3,4,2,2,2,0,1,3,3,3,0,0,2,0,1,1,3,1,2,1,1
2019-07-20 12:21,2019-07-20 12:21,2,,100,0,1,2019-07-20 12:21,R_26oo0VTYsyVDqOV,,,,,48.44960022,-123.302597,test,,4,3,3,2,0,3,1,0,1,2,0,0,0,4,3,0,3,1,2,4,1,0,4,1,0,4,4,1,4,4,2,2,2,2,3,1,4,4,1,0,2,2,2,4,3,4,0,4,4,4,2,2,3,1,0,1,4,0,2,1,0,0
2019-07-20 12:21,2019-07-20 12:21,2,,100,0,1,2019-07-20 12:21,R_3xABrAD7SkMG72d,,,,,48.44960022,-123.302597,test,,2,0,3,2,1,3,0,1,3,0,4,0,2,3,2,0,1,1,3,3,2,0,4,1,1,2,4,4,0,3,0,2,0,4,4,2,0,2,4,4,2,2,4,3,3,1,2,3,4,4,2,0,0,3,0,4,1,4,4,0,1,0
2019-07-20 12:21,2019-07-20 12:21,2,,100,0,1,2019-07-20 12:21,R_2sPxhZegs889QUZ,,,,,48.44960022,-123.302597,test,,2,2,4,0,1,4,0,3,0,0,0,4,1,1,0,1,2,1,4,4,3,0,4,2,4,1,2,4,1,4,0,2,1,3,2,3,3,4,4,1,1,2,1,2,4,0,0,2,3,3,2,2,0,2,0,3,2,4,2,2,0,0
2019-07-20 12:21,2019-07-20 12:21,2,,100,0,1,2019-07-20 12:21,R_2iffY47MzBFTz5r,,,,,48.44960022,-123.302597,test,,4,0,1,3,0,1,3,0,0,1,3,3,1,3,2,2,4,1,3,2,0,4,2,3,1,4,2,3,4,0,3,4,3,1,3,2,0,3,1,4,3,0,2,1,0,0,0,4,4,3,3,0,2,2,2,3,1,3,1,2,1,4
2019-07-20 12:21,2019-07-20 12:21,2,,100,0,1,2019-07-20 12:21,R_eh7aOFdKqqcoMfP,,,,,48.44960022,-123.302597,test,,2,3,4,3,1,4,3,0,4,0,1,2,0,3,0,2,2,4,0,2,2,0,4,3,3,1,1,3,0,0,2,4,2,2,1,3,4,0,3,0,3,2,1,2,3,3,3,4,1,3,4,2,0,4,4,4,4,2,1,4,0,0
2019-07-20 12:21,2019-07-20 12:21,2,,100,0,1,2019-07-20 12:21,R_0kMRdxm2a5SSgJv,,,,,48.44960022,-123.302597,test,,0,0,4,4,4,2,0,3,0,0,0,3,0,3,0,4,0,0,4,2,4,0,1,1,1,3,1,4,4,4,2,0,4,0,1,3,2,2,1,1,0,4,1,0,0,3,3,2,1,0,2,2,1,0,3,3,1,4,1,0,3,0
2019-07-20 12:21,2019-07-20 12:21,2,,100,0,1,2019-07-20 12:21,R_cA9Dhpga6Fj1hcx,,,,,48.44960022,-123.302597,test,,0,4,2,0,0,1,0,4,2,4,2,4,0,2,1,1,1,3,1,3,2,4,0,2,0,0,3,4,1,1,3,2,1,4,0,2,4,3,1,2,2,0,4,0,2,4,1,2,1,1,2,2,1,2,2,3,0,1,4,0,3,4
2019-07-20 12:21,2019-07-20 12:21,2,,100,0,1,2019-07-20 12:21,R_6sMokRa1RfB8ZsF,,,,,48.44960022,-123.302597,test,,1,2,3,3,4,2,1,1,1,3,4,3,2,2,1,0,0,1,0,0,2,3,4,3,1,4,0,2,2,4,1,0,3,4,1,3,0,4,3,2,0,3,0,4,4,2,1,2,3,1,1,4,3,0,4,1,0,0,3,1,0,3
2019-07-20 12:21,2019-07-20 12:21,2,,100,1,1,2019-07-20 12:21,R_0SPCYBM2PwzGvUF,,,,,48.44960022,-123.302597,test,,3,1,1,0,2,3,1,2,2,4,3,4,1,1,0,3,3,1,1,2,2,3,4,2,4,4,2,1,2,1,3,4,3,4,1,2,4,3,3,1,0,4,4,4,4,0,2,1,3,0,4,0,4,4,4,1,2,2,4,3,2,4
2019-07-20 12:21,2019-07-20 12:21,2,,100,0,1,2019-07-20 12:21,R_50G03HJupUrAVh3,,,,,48.44960022,-123.302597,test,,2,4,4,3,0,1,0,0,1,0,2,3,3,3,3,1,4,2,4,4,4,3,1,4,3,4,1,0,4,4,1,1,2,3,1,4,3,2,0,1,1,2,2,1,2,2,0,4,2,2,0,2,0,0,1,0,4,2,2,0,2,2
2019-07-20 12:21,2019-07-20 12:21,2,,100,0,1,2019-07-20 12:21,R_03af1KOu9qgSLs1,,,,,48.44960022,-123.302597,test,,1,1,3,0,0,4,0,4,1,0,0,1,0,3,2,4,3,4,2,1,0,0,3,2,1,0,1,4,3,1,3,3,0,2,3,3,4,2,1,1,1,1,3,4,3,3,0,2,3,2,0,2,1,4,4,1,4,4,4,2,4,2
2019-07-20 12:21,2019-07-20 12:21,2,,100,0,1,2019-07-20 12:21,R_b114gMD3BhkSjhX,,,,,48.44960022,-123.302597,test,,2,0,3,3,0,0,4,1,3,1,3,4,0,0,3,0,3,2,0,3,4,3,3,2,1,2,1,1,3,3,2,3,1,3,2,0,2,2,0,0,0,1,4,4,4,0,2,1,0,2,3,1,2,0,2,1,2,1,1,4,3,3
2019-07-20 12:21,2019-07-20 12:21,2,,100,0,1,2019-07-20 12:21,R_7Un8xFMw1qxeGax,,,,,48.44960022,-123.302597,test,,0,0,3,2,4,4,0,0,1,2,1,1,3,0,0,3,0,3,2,0,1,0,0,1,0,4,2,2,3,1,4,3,2,0,1,3,0,1,4,0,3,3,2,4,2,1,2,4,3,0,0,2,4,4,2,0,3,4,3,1,1,2
2019-07-20 12:21,2019-07-20 12:21,2,,100,1,1,2019-07-20 12:21,R_eKCCnKOImATGk9T,,,,,48.44960022,-123.302597,test,,2,2,0,1,3,4,4,0,4,3,2,2,3,0,3,0,0,3,1,0,3,2,0,4,3,0,2,4,4,3,2,1,2,4,1,3,0,4,4,0,2,1,1,0,0,4,0,4,4,1,0,2,2,4,1,1,3,1,0,4,1,2
2019-07-20 12:21,2019-07-20 12:21,2,,100,0,1,2019-07-20 12:21,R_a2z4IODU5coCQVD,,,,,48.44960022,-123.302597,test,,0,0,4,0,1,4,4,4,4,3,2,0,3,1,1,0,4,1,3,4,4,2,1,3,2,0,1,0,1,2,3,4,0,4,1,0,4,1,0,1,4,2,0,4,4,3,3,2,3,0,3,3,3,2,3,2,2,2,1,1,4,2
2019-07-20 12:21,2019-07-20 12:21,2,,100,0,1,2019-07-20 12:21,R_9Mra3uXicf0lflb,,,,,48.44960022,-123.302597,test,,3,3,1,3,0,4,3,4,1,2,2,0,3,0,2,4,2,0,3,0,2,0,4,2,2,0,4,0,0,4,0,1,2,2,2,1,1,2,4,2,1,4,0,3,4,2,1,3,1,1,0,2,3,2,1,3,3,4,3,3,1,0
2019-07-20 12:21,2019-07-20 12:21,2,,100,0,1,2019-07-20 12:21,R_6PZmmLsDiUIHRn7,,,,,48.44960022,-123.302597,test,,2,3,3,2,3,3,0,3,3,3,4,1,1,4,2,2,2,4,1,4,3,1,3,4,4,3,2,4,3,0,0,3,0,4,0,3,2,3,0,4,4,1,3,2,4,1,3,4,4,0,1,0,0,2,3,1,1,1,3,3,0,2
2019-07-20 12:21,2019-07-20 12:21,2,,100,0,1,2019-07-20 12:21,R_9Ypbs7cqBNQoRTf,,,,,48.44960022,-123.302597,test,,0,1,1,4,1,3,3,3,3,3,3,4,3,1,2,0,1,2,1,4,2,4,1,2,1,0,4,1,0,2,2,3,2,3,3,3,0,0,0,1,4,0,1,4,2,3,3,1,0,3,3,3,2,3,0,0,2,0,3,4,0,2
2019-07-20 12:21,2019-07-20 12:21,2,,100,1,1,2019-07-20 12:21,R_eyXdGcxv39JvpyZ,,,,,48.44960022,-123.302597,test,,4,1,3,2,2,0,2,0,4,2,3,4,1,2,4,4,1,3,2,4,3,4,2,4,0,0,3,2,0,1,1,1,2,4,4,2,0,3,4,3,4,4,1,1,3,4,2,0,3,0,0,0,3,1,3,4,4,1,1,4,1,3
2019-07-20 12:21,2019-07-20 12:21,2,,100,0,1,2019-07-20 12:21,R_enb5qZ0dgIly4Lz,,,,,48.44960022,-123.302597,test,,2,1,1,0,0,3,4,2,0,2,4,2,0,4,0,3,4,2,0,1,3,1,1,2,1,2,1,1,4,4,4,4,2,3,2,3,0,3,3,3,0,1,3,1,3,3,1,1,0,1,1,4,1,1,0,0,0,2,4,2,1,2
2019-07-20 12:21,2019-07-20 12:21,2,,100,0,1,2019-07-20 12:21,R_0JayVon9EDcA7uR,,,,,48.44960022,-123.302597,test,,4,3,2,0,4,2,1,3,2,1,4,2,1,3,4,4,2,4,2,3,1,2,4,1,0,0,0,2,4,4,1,3,3,0,1,4,2,0,3,0,4,2,2,3,1,0,1,0,1,2,4,1,4,0,2,1,3,3,4,3,0,3
2019-07-20 12:21,2019-07-20 12:21,2,,100,0,1,2019-07-20 12:21,R_4TNMAh9mOFYgyI5,,,,,48.44960022,-123.302597,test,,0,1,0,4,2,0,4,3,3,3,2,0,2,3,1,1,0,3,2,3,4,1,1,2,4,4,0,0,1,0,3,0,4,1,2,0,3,0,1,4,3,2,2,0,1,2,1,2,4,2,2,3,4,2,1,1,0,3,4,2,3,2
2019-07-20 12:21,2019-07-20 12:21,2,,100,0,1,2019-07-20 12:21,R_3fL7QdgW0tXl0yN,,,,,48.44960022,-123.302597,test,,4,1,3,0,0,3,2,3,1,2,1,2,0,4,1,1,1,1,1,1,4,3,1,4,1,4,4,3,1,0,1,0,0,3,2,0,3,1,4,4,3,1,4,1,4,3,3,0,0,2,3,3,1,1,4,0,3,3,3,3,3,4
2019-07-20 12:21,2019-07-20 12:21,2,,100,0,1,2019-07-20 12:21,R_6Apld18XLGhi3lP,,,,,48.44960022,-123.302597,test,,0,0,1,2,0,0,4,3,2,2,2,4,3,4,1,1,0,0,1,3,2,1,4,2,0,4,4,2,2,0,0,4,0,4,3,3,2,2,2,4,3,0,1,1,4,3,3,0,3,3,4,2,3,4,4,2,2,1,2,2,1,4
2019-07-20 12:21,2019-07-20 12:21,2,,100,0,1,2019-07-20 12:21,R_4Pl1DCsLFFgfDtb,,,,,48.44960022,-123.302597,test,,1,3,0,1,0,4,0,0,4,3,2,3,4,2,4,0,2,0,2,3,3,2,1,3,2,4,1,4,4,2,3,1,4,2,4,4,1,1,4,1,1,1,3,0,1,2,3,2,3,1,2,2,0,2,2,3,3,3,0,3,4,3
2019-07-20 12:21,2019-07-20 12:21,2,,100,0,1,2019-07-20 12:21,R_24yxCVLGx71diLz,,,,,48.44960022,-123.302597,test,,3,0,4,3,2,3,3,4,4,0,1,2,2,2,0,1,4,2,2,2,1,4,4,0,4,1,4,3,2,3,2,4,2,1,1,2,1,3,4,3,1,4,1,4,0,1,1,1,4,2,0,1,3,0,4,4,4,1,3,1,3,1
2019-07-20 12:21,2019-07-20 12:21,2,,100,0,1,2019-07-20 12:21,R_2hELe5WCWwYjJPv,,,,,48.44960022,-123.302597,test,,3,0,4,1,1,2,1,3,1,0,4,1,0,4,2,4,2,1,3,1,0,4,1,3,3,0,3,3,1,1,2,3,3,4,2,0,1,3,0,0,4,1,1,4,0,3,4,4,0,1,3,2,3,4,4,0,4,1,4,3,3,0
2019-07-20 12:21,2019-07-20 12:21,2,,100,0,1,2019-07-20 12:21,R_5vSKHURGAAWFuex,,,,,48.44960022,-123.302597,test,,3,4,1,3,0,1,4,2,1,2,1,1,4,3,3,4,2,3,1,0,4,2,3,0,3,2,1,4,3,3,2,1,4,2,2,3,4,0,1,4,4,0,4,4,3,2,0,2,4,1,3,3,3,2,4,0,4,1,1,3,4,4
2019-07-20 12:21,2019-07-20 12:21,2,,100,1,1,2019-07-20 12:21,R_cMUY6JhbI9lsHGJ,,,,,48.44960022,-123.302597,test,,3,2,2,1,3,3,3,2,3,3,1,1,3,3,3,2,4,0,4,0,1,1,2,2,0,1,1,2,1,1,3,2,0,1,2,1,3,0,3,2,0,3,1,3,4,3,3,4,3,1,2,2,2,4,4,1,0,1,4,0,1,1
2019-07-20 12:21,2019-07-20 12:21,2,,100,0,1,2019-07-20 12:21,R_3qkNbIE25VJdCrH,,,,,48.44960022,-123.302597,test,,1,4,3,0,3,0,4,3,0,3,3,0,1,1,0,3,1,4,3,1,0,4,1,4,1,0,0,0,0,3,3,4,4,4,4,2,4,4,4,2,3,3,3,4,2,1,3,3,3,1,1,4,2,2,3,2,0,2,0,3,1,4
2019-07-20 12:21,2019-07-20 12:21,2,,100,0,1,2019-07-20 12:21,R_77l5aJdlhfQUwcd,,,,,48.44960022,-123.302597,test,,0,3,3,0,1,2,3,3,1,1,0,2,0,0,2,3,1,0,4,4,1,3,0,0,4,0,3,0,0,4,4,4,3,4,4,1,0,1,0,2,4,0,0,0,1,3,1,1,2,3,4,1,0,1,1,2,4,1,3,1,0,1
2019-07-20 12:21,2019-07-20 12:21,2,,100,0,1,2019-07-20 12:21,R_1TvkrHEXbMV5l3v,,,,,48.44960022,-123.302597,test,,3,1,0,3,0,4,2,1,0,4,0,3,4,1,0,2,4,4,1,2,3,3,1,2,2,4,1,1,2,3,1,4,2,4,4,0,2,4,3,0,0,2,1,3,0,2,2,2,3,2,4,2,4,0,3,2,3,3,1,3,1,2
2019-07-20 12:21,2019-07-20 12:21,2,,100,0,1,2019-07-20 12:21,R_7O4k38kcZxxj0y1,,,,,48.44960022,-123.302597,test,,4,2,3,4,1,3,2,2,4,4,2,4,4,0,2,1,2,2,1,4,4,0,4,2,3,1,3,3,3,1,3,4,4,0,1,1,4,4,1,0,3,1,4,1,1,3,0,0,3,3,0,1,2,0,0,1,1,0,0,4,0,3
2019-07-20 12:21,2019-07-20 12:21,2,,100,0,1,2019-07-20 12:21,R_eM0CDaHn6uGaVXn,,,,,48.44960022,-123.302597,test,,0,0,1,4,3,2,4,4,4,4,2,0,3,2,2,1,3,2,0,3,0,0,2,2,2,3,3,2,4,3,1,4,0,2,4,1,0,1,1,1,0,0,1,0,4,1,2,3,0,1,1,1,2,2,4,1,3,0,2,2,1,2
2019-07-20 12:21,2019-07-20 12:21,2,,100,0,1,2019-07-20 12:21,R_9ploK5H38byzH01,,,,,48.44960022,-123.302597,test,,3,0,3,2,4,4,0,4,2,2,3,1,2,4,4,3,2,4,1,3,0,0,0,2,2,1,1,2,0,3,4,3,3,1,3,1,1,3,2,1,1,4,3,4,4,4,0,1,0,1,0,3,1,0,1,1,1,4,1,1,2,0
2019-07-20 12:21,2019-07-20 12:21,2,,100,0,1,2019-07-20 12:21,R_bPIpLNws6xoFArz,,,,,48.44960022,-123.302597,test,,0,4,1,4,2,4,4,1,1,1,0,0,2,1,1,4,3,1,0,0,1,2,0,1,3,3,1,2,4,3,1,3,4,0,4,4,0,2,1,2,2,2,1,3,0,1,2,0,0,1,0,0,1,1,3,4,3,2,4,1,0,4
2019-07-20 12:21,2019-07-20 12:21,2,,100,0,1,2019-07-20 12:21,R_b8h7Ay8Ke47d8jj,,,,,48.44960022,-123.302597,test,,3,1,0,4,3,0,2,1,2,0,4,1,4,1,0,4,3,2,0,0,0,3,2,3,3,1,2,3,4,1,0,2,1,3,3,0,4,2,2,4,1,3,4,4,3,4,4,0,3,1,4,3,4,2,1,0,1,0,3,3,1,1
2019-07-20 12:21,2019-07-20 12:21,2,,100,0,1,2019-07-20 12:21,R_3sVY4FzZCssPw6V,,,,,48.44960022,-123.302597,test,,0,2,3,4,2,2,1,0,4,2,4,3,3,1,2,2,4,0,1,0,0,3,3,1,2,4,4,4,4,2,2,3,1,3,4,1,2,0,1,0,0,1,4,0,1,2,0,4,3,1,4,0,0,0,4,2,1,3,2,4,3,2
2019-07-20 12:21,2019-07-20 12:21,2,,100,0,1,2019-07-20 12:21,R_cUsf2d4Jx0Ibs0Z,,,,,48.44960022,-123.302597,test,,4,0,4,4,4,3,3,0,1,0,0,4,4,4,2,4,1,4,3,2,1,0,3,0,1,0,0,0,1,0,4,1,3,0,0,2,1,2,4,3,1,1,4,1,4,3,3,1,2,0,4,3,3,3,2,3,3,0,2,0,0,1
2019-07-20 12:21,2019-07-20 12:21,2,,100,0,1,2019-07-20 12:21,R_1FAPiziicgOzPsV,,,,,48.44960022,-123.302597,test,,1,4,1,4,2,4,3,1,3,4,0,2,2,0,0,0,4,2,3,3,3,4,4,0,2,1,4,4,2,2,2,3,4,2,2,0,3,4,1,1,4,4,0,2,3,2,3,0,4,1,1,3,0,1,2,1,0,1,3,3,3,0
2019-07-20 12:21,2019-07-20 12:21,2,,100,0,1,2019-07-20 12:21,R_davFSpeaa1GO8u1,,,,,48.44960022,-123.302597,test,,3,2,1,2,2,1,3,0,0,1,2,1,0,1,1,0,3,1,0,3,2,4,1,3,0,1,1,2,0,0,0,0,2,2,2,1,2,4,4,4,3,0,4,4,0,4,2,0,4,3,1,4,4,1,0,4,4,4,1,1,3,3
2019-07-20 12:21,2019-07-20 12:21,2,,100,0,1,2019-07-20 12:21,R_6nBRKpGjG7DJ12J,,,,,48.44960022,-123.302597,test,,1,1,0,1,3,4,2,3,0,2,1,0,3,0,1,1,3,4,1,4,1,1,4,2,0,1,3,1,3,4,0,1,3,2,1,0,3,3,2,1,1,3,0,2,0,4,1,4,0,3,3,1,1,3,3,3,0,2,1,0,4,2
2019-07-20 12:21,2019-07-20 12:21,2,,100,0,1,2019-07-20 12:21,R_blvLCtGGtANXrqB,,,,,48.44960022,-123.302597,test,,2,2,4,0,3,0,4,1,3,2,1,1,0,1,4,3,3,3,4,2,1,0,3,1,1,0,1,3,0,2,1,3,0,1,4,1,0,4,4,3,0,4,1,0,1,0,3,2,3,2,1,0,0,3,4,3,4,0,0,2,4,3
2019-07-20 12:21,2019-07-20 12:21,2,,100,0,1,2019-07-20 12:21,R_0iBYEZ7cUsNQYwR,,,,,48.44960022,-123.302597,test,,3,2,1,1,1,0,4,3,2,2,4,1,0,4,1,0,4,4,0,4,2,3,1,1,0,4,0,2,3,4,0,0,1,2,0,3,4,3,1,4,2,4,4,1,1,2,3,2,0,1,2,4,1,2,4,1,4,2,4,4,4,4
2019-07-20 12:21,2019-07-20 12:21,2,,100,0,1,2019-07-20 12:21,R_bJARridy5EevVs1,,,,,48.44960022,-123.302597,test,,0,2,0,0,2,2,4,3,2,4,3,2,4,2,3,1,4,3,4,4,2,3,3,2,1,0,0,0,2,0,0,4,1,3,0,3,2,0,1,2,1,0,3,0,0,3,1,3,0,2,1,4,4,4,1,3,0,3,0,2,4,1
2019-07-20 12:21,2019-07-20 12:21,2,,100,0,1,2019-07-20 12:21,R_8vUQVqmCWQm1BAN,,,,,48.44960022,-123.302597,test,,0,3,3,2,4,2,2,0,3,4,3,0,2,3,4,1,1,3,4,1,2,1,4,3,0,2,2,0,1,0,3,4,0,3,1,4,1,2,3,2,2,1,0,2,1,0,1,1,3,4,0,1,4,2,2,3,1,1,0,1,3,1
2019-07-20 12:21,2019-07-20 12:21,2,,100,0,1,2019-07-20 12:21,R_0eaBMEGLL4YQaEt,,,,,48.44960022,-123.302597,test,,1,1,2,0,0,0,1,4,0,2,0,4,1,2,1,2,1,4,0,2,2,4,1,2,4,0,3,0,2,0,2,1,4,0,1,1,3,2,1,4,0,0,0,4,0,0,3,0,3,1,3,0,0,0,1,0,2,1,3,4,2,0
2019-07-20 12:21,2019-07-20 12:21,2,,100,0,1,2019-07-20 12:21,R_3CdFSzKlGk52JP7,,,,,48.44960022,-123.302597,test,,1,2,3,3,2,1,3,0,4,2,2,2,4,1,1,1,1,3,0,3,2,3,2,0,4,2,4,2,4,1,3,1,2,0,1,0,1,4,3,3,3,4,2,0,1,1,2,2,1,3,1,0,4,1,0,4,4,3,4,4,3,2
2019-07-20 12:21,2019-07-20 12:21,2,,100,0,1,2019-07-20 12:21,R_1RmCCNAB0VJ0Axn,,,,,48.44960022,-123.302597,test,,2,0,0,2,1,0,3,1,0,0,2,1,4,1,0,2,3,4,1,3,0,1,4,4,2,4,1,2,0,0,0,0,4,3,4,3,3,2,2,1,3,2,4,3,2,2,4,2,0,1,4,3,2,0,4,3,4,3,2,1,4,1
2019-07-20 12:21,2019-07-20 12:21,2,,100,0,1,2019-07-20 12:21,R_8wsA20lpeN1t7I9,,,,,48.44960022,-123.302597,test,,4,4,4,0,1,1,2,2,1,1,4,2,1,4,2,1,4,4,2,0,4,1,3,2,0,3,1,3,4,3,1,3,2,3,0,3,2,1,1,0,2,0,3,2,2,1,3,2,1,3,2,1,2,1,3,4,2,0,2,1,1,4
2019-07-20 12:21,2019-07-20 12:21,2,,100,0,1,2019-07-20 12:21,R_37ybDMfesbIMUNT,,,,,48.44960022,-123.302597,test,,2,1,0,2,0,2,1,0,3,0,0,0,1,1,3,3,4,4,2,2,1,3,2,3,4,0,0,4,4,0,0,0,1,4,1,4,2,2,0,0,4,4,2,0,3,0,0,1,3,0,2,2,0,3,2,0,1,4,3,2,0,3
2019-07-20 12:21,2019-07-20 12:21,2,,100,0,1,2019-07-20 12:21,R_3t2fKGYeZI6ZXUx,,,,,48.44960022,-123.302597,test,,4,2,2,4,0,4,0,4,0,3,1,1,2,4,0,1,1,4,2,4,4,1,0,4,1,3,3,3,1,3,3,3,1,1,4,1,2,1,0,3,0,2,2,1,0,0,3,0,4,0,2,0,1,4,1,2,1,4,0,1,3,1
2019-07-20 12:21,2019-07-20 12:21,2,,100,0,1,2019-07-20 12:21,R_enE5bL5zDmvDauN,,,,,48.44960022,-123.302597,test,,2,0,1,1,3,3,0,1,3,4,3,0,0,2,2,3,2,2,1,2,2,3,4,2,4,4,2,0,1,0,4,0,1,1,0,0,3,1,3,3,3,2,2,4,0,0,2,0,0,4,1,1,1,2,4,3,2,4,4,1,4,1
2019-07-20 12:21,2019-07-20 12:21,2,,100,0,1,2019-07-20 12:21,R_9Yv9Zz4y8agH6uh,,,,,48.44960022,-123.302597,test,,2,0,2,0,2,2,2,4,2,0,4,2,4,2,2,2,0,3,4,4,4,3,0,4,4,2,4,1,3,0,1,3,3,3,3,4,1,0,0,1,1,3,0,0,1,1,0,2,2,3,1,4,1,3,4,0,3,3,3,3,0,2
2019-07-20 12:21,2019-07-20 12:21,2,,100,0,1,2019-07-20 12:21,R_eRiLEpgX7mLNral,,,,,48.44960022,-123.302597,test,,2,1,1,4,0,0,1,1,1,2,1,2,3,2,2,0,2,2,4,0,0,2,1,4,3,1,1,2,0,0,4,3,0,2,3,3,1,4,4,0,1,0,4,4,4,4,4,3,2,0,0,3,4,3,0,4,0,3,2,2,1,0
2019-07-20 12:21,2019-07-20 12:21,2,,100,0,1,2019-07-20 12:21,R_eMdZWT7ZbvQhF4x,,,,,48.44960022,-123.302597,test,,4,2,0,0,0,2,0,3,3,2,3,4,3,2,2,1,3,1,1,0,3,0,0,0,2,0,3,0,3,1,1,2,4,2,4,3,2,2,1,4,3,0,4,2,3,0,4,3,4,4,4,2,1,3,3,0,3,3,2,2,2,1
2019-07-20 12:21,2019-07-20 12:21,2,,100,0,1,2019-07-20 12:21,R_3TLh9f2rCZYLbsV,,,,,48.44960022,-123.302597,test,,1,3,1,4,2,1,0,3,4,3,4,3,1,2,1,2,1,0,1,4,4,0,0,4,1,1,3,2,4,3,1,4,3,1,4,0,4,1,2,2,2,2,3,1,4,3,1,2,4,1,4,0,4,3,3,0,0,0,2,4,0,3
2019-07-20 12:21,2019-07-20 12:21,2,,100,0,1,2019-07-20 12:21,R_1N4RmMpb5kWt5QN,,,,,48.44960022,-123.302597,test,,3,4,0,0,2,2,2,1,1,2,2,2,4,3,1,4,3,4,3,2,2,3,1,2,3,2,3,2,0,2,4,0,4,2,0,1,3,3,1,3,2,3,2,0,0,1,3,3,3,3,1,0,1,0,1,0,1,0,1,3,2,2
2019-07-20 12:21,2019-07-20 12:21,2,,100,0,1,2019-07-20 12:21,R_cuJOQOV8TpiBVT7,,,,,48.44960022,-123.302597,test,,1,0,3,3,1,0,1,0,0,0,4,0,3,2,1,4,1,1,3,4,0,1,2,2,4,2,1,1,1,0,3,0,4,3,4,0,3,1,1,4,2,4,1,0,3,1,2,3,3,4,0,1,4,1,0,1,3,3,2,1,2,4
2019-07-20 12:21,2019-07-20 12:21,2,,100,0,1,2019-07-20 12:21,R_5svJ4WFSqTg66Cp,,,,,48.44960022,-123.302597,test,,3,4,0,4,4,2,2,1,2,2,0,3,1,1,0,1,3,4,1,3,1,1,0,2,2,0,0,1,4,2,4,3,3,4,3,2,0,2,4,4,2,0,1,2,1,0,1,1,1,4,0,0,2,2,2,2,1,4,3,4,1,4
2019-07-20 12:21,2019-07-20 12:21,2,,100,0,1,2019-07-20 12:21,R_9mM6rMLeaQdEe8t,,,,,48.44960022,-123.302597,test,,0,1,1,1,2,1,3,1,0,2,4,3,2,0,4,4,3,3,2,4,4,3,4,1,3,0,0,1,0,1,1,4,1,0,4,3,3,4,3,3,3,2,4,2,4,4,4,2,0,4,3,3,4,4,1,4,2,4,1,2,2,2
2019-07-20 12:21,2019-07-20 12:21,2,,100,0,1,2019-07-20 12:21,R_bDtylLthCs6TFxb,,,,,48.44960022,-123.302597,test,,3,3,4,1,0,2,0,3,1,3,2,4,3,4,4,2,3,3,4,4,2,0,2,1,3,3,0,0,2,4,1,1,1,4,1,2,3,2,0,3,1,2,0,2,1,1,2,4,1,4,4,3,2,0,1,0,4,1,3,2,4,0
2019-07-20 12:21,2019-07-20 12:21,2,,100,0,1,2019-07-20 12:21,R_1LaodocgFIhT2Qt,,,,,48.44960022,-123.302597,test,,2,1,2,3,0,4,1,3,3,4,3,2,3,1,4,4,0,1,0,3,1,2,2,1,3,4,4,0,4,4,2,4,3,3,4,2,3,1,4,4,4,3,2,2,4,4,0,2,3,4,3,3,1,3,3,2,1,3,2,3,4,1
2019-07-20 12:21,2019-07-20 12:21,2,,100,0,1,2019-07-20 12:21,R_9yi7RwqgwNS3HVP,,,,,48.44960022,-123.302597,test,,0,1,3,1,0,3,2,1,3,0,0,3,2,2,4,4,1,4,3,3,1,3,3,1,4,4,1,0,1,2,4,1,1,1,4,3,1,2,3,4,2,1,3,2,4,4,2,1,0,0,4,3,1,3,3,0,2,4,1,1,0,4
2019-07-20 12:21,2019-07-20 12:21,2,,100,0,1,2019-07-20 12:21,R_6zEaf8A5uRr2OcB,,,,,48.44960022,-123.302597,test,,0,2,0,2,0,4,1,1,0,0,1,1,3,4,0,3,1,2,4,3,1,3,3,4,2,3,0,1,3,3,4,3,2,0,4,4,0,1,3,4,3,0,3,1,1,0,4,2,1,4,3,4,3,1,0,2,4,3,4,2,2,4
2019-07-20 12:21,2019-07-20 12:21,2,,100,0,1,2019-07-20 12:21,R_6QiQ1yMfRMUdn2B,,,,,48.44960022,-123.302597,test,,4,0,4,3,2,1,4,2,1,0,3,1,1,3,1,3,4,3,3,1,4,0,3,3,2,0,2,4,3,0,1,3,3,4,1,1,2,0,1,3,3,2,1,4,3,2,1,4,4,0,2,4,0,0,1,3,2,2,2,2,4,3
2019-07-20 12:21,2019-07-20 12:21,2,,100,0,1,2019-07-20 12:21,R_3gyZJ5lYYY3KOfH,,,,,48.44960022,-123.302597,test,,3,1,0,0,2,3,4,2,1,4,4,3,2,2,2,3,2,3,0,0,0,1,0,3,1,4,2,4,1,2,1,4,0,3,2,4,4,0,1,0,0,1,1,1,2,3,1,4,2,0,3,2,3,1,2,0,1,1,0,2,4,3
2019-07-20 12:21,2019-07-20 12:21,2,,100,0,1,2019-07-20 12:21,R_77dVXWel34CoCMZ,,,,,48.44960022,-123.302597,test,,0,2,0,4,1,3,4,2,1,1,0,4,4,0,0,3,3,3,1,1,2,3,2,1,2,2,3,1,2,4,0,0,0,0,2,1,2,0,1,3,3,4,3,2,3,2,4,0,1,1,2,3,0,0,4,0,2,1,4,1,2,3
2019-07-20 12:21,2019-07-20 12:21,2,,100,0,1,2019-07-20 12:21,R_40D2as0JVg8ylSZ,,,,,48.44960022,-123.302597,test,,0,0,4,0,3,2,1,2,2,2,1,2,4,3,4,4,2,4,3,0,0,0,3,1,4,1,3,1,0,1,3,0,3,2,3,2,0,1,4,1,2,1,0,0,1,0,0,2,1,3,0,1,0,3,4,4,2,4,2,0,3,1
2019-07-20 12:21,2019-07-20 12:21,2,,100,0,1,2019-07-20 12:21,R_41H62vrvHhom23z,,,,,48.44960022,-123.302597,test,,3,4,4,2,4,2,0,3,2,3,2,0,3,4,0,2,0,0,2,2,3,1,4,1,4,2,1,2,0,2,1,3,2,3,3,0,2,4,0,1,0,1,0,4,4,1,4,0,1,0,0,1,2,1,0,2,0,2,4,1,4,2
2019-07-20 12:21,2019-07-20 12:21,2,,100,0,1,2019-07-20 12:21,R_cvTBlDGmSfu5NYN,,,,,48.44960022,-123.302597,test,,2,3,2,3,0,2,3,0,3,3,1,4,3,4,3,3,3,1,1,1,4,3,2,3,1,4,3,2,1,3,1,4,3,4,1,0,3,2,4,3,3,3,1,0,1,3,0,3,1,3,2,3,0,3,3,0,0,1,3,4,2,1
2019-07-20 12:21,2019-07-20 12:21,2,,100,0,1,2019-07-20 12:21,R_6llfS3xaNT8BP1j,,,,,48.44960022,-123.302597,test,,1,4,0,0,2,4,2,4,4,4,2,0,2,3,3,0,0,1,3,4,1,2,3,4,0,3,2,1,2,0,3,4,1,1,0,3,0,1,3,2,1,2,0,4,2,3,2,1,3,4,4,1,0,0,2,2,2,1,0,4,3,1
2019-07-20 12:21,2019-07-20 12:21,2,,100,0,1,2019-07-20 12:21,R_832HyPreHHPAqwZ,,,,,48.44960022,-123.302597,test,,0,1,1,1,2,3,2,0,4,1,2,2,2,1,1,1,2,1,2,3,1,1,0,4,1,1,1,4,2,2,0,4,1,4,0,0,0,2,0,0,0,1,0,4,0,2,2,3,4,0,4,3,2,0,2,4,2,2,3,3,2,1
2019-07-20 12:21,2019-07-20 12:21,2,,100,0,1,2019-07-20 12:21,R_8G4raTUUhvyxubX,,,,,48.44960022,-123.302597,test,,4,3,4,0,2,3,0,1,3,4,4,4,2,2,0,1,2,3,4,3,0,2,3,4,4,3,3,0,0,1,0,0,3,4,3,0,4,3,1,1,3,3,1,1,0,3,0,0,3,0,2,2,3,2,1,0,4,3,3,2,2,3
2019-07-20 12:21,2019-07-20 12:21,2,,100,0,1,2019-07-20 12:21,R_00Bbq179XV1CHBP,,,,,48.44960022,-123.302597,test,,3,4,0,3,1,1,1,4,3,0,1,0,0,4,1,0,4,4,2,2,1,1,0,3,4,2,3,4,4,0,1,3,1,4,3,3,2,4,4,4,1,2,3,4,1,0,2,1,3,4,2,2,4,1,2,0,2,3,1,3,3,2
2019-07-20 12:21,2019-07-20 12:21,2,,100,0,1,2019-07-20 12:21,R_3ghKohxEN7GF9VH,,,,,48.44960022,-123.302597,test,,0,3,3,0,2,3,0,1,4,0,0,0,4,1,1,4,4,4,2,4,3,2,4,3,0,2,0,3,0,2,3,1,4,3,1,2,3,1,3,0,3,4,4,0,1,2,1,2,2,4,1,1,4,0,4,3,3,3,2,1,2,2
2019-07-20 12:21,2019-07-20 12:21,2,,100,0,1,2019-07-20 12:21,R_9BQg87Xv7UMRxMp,,,,,48.44960022,-123.302597,test,,2,1,2,2,2,3,2,0,3,4,1,0,4,1,3,0,4,0,0,1,4,2,0,3,3,2,3,3,0,3,4,3,4,1,0,2,1,4,3,2,3,1,1,4,1,4,3,0,1,0,4,2,4,1,4,4,1,4,2,1,0,0
2019-07-20 12:21,2019-07-20 12:21,2,,100,0,1,2019-07-20 12:21,R_9ulBYUesG73SUjX,,,,,48.44960022,-123.302597,test,,3,2,0,1,1,0,4,4,2,1,1,3,4,2,2,0,4,2,0,4,4,4,1,0,2,1,4,0,2,1,3,1,0,3,4,2,0,0,0,4,1,3,4,4,1,2,4,2,3,4,4,2,3,4,4,1,1,0,1,4,1,3
2019-07-20 12:21,2019-07-20 12:21,2,,100,1,1,2019-07-20 12:21,R_0xD0wTMUbCw09YF,,,,,48.44960022,-123.302597,test,,2,0,1,2,1,2,3,2,1,2,1,0,2,3,4,0,4,0,3,2,1,2,4,1,0,2,2,0,1,1,2,2,0,2,3,3,1,4,1,1,1,4,0,2,1,0,0,4,2,2,4,1,1,1,1,1,2,3,4,1,1,3
2019-07-20 12:21,2019-07-20 12:21,2,,100,0,1,2019-07-20 12:21,R_eDKSEhLQo5DF8K9,,,,,48.44960022,-123.302597,test,,3,0,1,4,4,2,4,2,3,1,4,0,0,1,4,3,4,3,3,2,0,1,2,1,3,3,4,0,0,2,1,4,0,1,3,0,1,4,2,3,1,0,0,3,2,2,3,1,2,0,0,2,1,4,3,3,4,2,2,1,1,0
2019-07-20 12:21,2019-07-20 12:21,2,,100,0,1,2019-07-20 12:21,R_0JImlZMScZ86f7T,,,,,48.44960022,-123.302597,test,,4,4,1,2,4,2,1,0,3,0,3,4,2,0,2,2,4,3,3,0,4,0,3,0,3,0,4,2,0,1,0,3,4,4,4,0,2,2,2,3,4,0,0,3,3,0,2,2,1,0,3,2,2,3,4,3,3,0,4,0,1,3
2019-07-20 12:21,2019-07-20 12:21,2,,100,0,1,2019-07-20 12:21,R_3lwUGcCvLKbY7L7,,,,,48.44960022,-123.302597,test,,4,0,0,2,0,1,1,4,2,2,0,1,1,1,0,1,2,3,2,3,0,4,1,3,2,0,4,2,3,3,1,3,3,4,1,1,0,0,1,3,0,4,1,1,3,1,2,2,4,4,2,3,0,1,2,1,4,3,1,2,1,0
2019-07-20 12:21,2019-07-20 12:21,2,,100,0,1,2019-07-20 12:21,R_9FvcjQcDlCA0sxD,,,,,48.44960022,-123.302597,test,,3,1,3,3,3,4,1,3,4,1,1,3,0,0,0,0,4,3,0,3,2,1,2,3,1,0,2,1,4,2,1,0,4,2,4,2,0,3,1,3,4,4,3,0,2,4,1,4,4,0,1,3,2,1,4,3,1,2,4,2,1,1
2019-07-20 12:21,2019-07-20 12:21,2,,100,0,1,2019-07-20 12:21,R_0J3sEJGcT0PdJrf,,,,,48.44960022,-123.302597,test,,2,1,0,3,0,3,0,1,4,0,3,2,0,4,0,1,4,4,0,2,4,3,0,4,2,4,2,3,3,4,4,3,2,4,2,1,1,1,3,3,2,2,0,2,0,1,0,1,4,0,1,2,4,1,2,1,4,0,3,1,0,2
2019-07-20 12:21,2019-07-20 12:21,2,,100,0,1,2019-07-20 12:21,R_3sK2Sq1nvGxIPm5,,,,,48.44960022,-123.302597,test,,4,3,1,4,0,3,0,3,3,1,0,1,3,0,0,3,1,0,1,0,3,4,3,4,4,3,4,0,4,2,2,2,3,3,4,3,2,3,4,0,0,0,0,0,4,2,1,3,2,3,3,0,0,1,4,3,4,0,0,0,4,0
2019-07-20 12:21,2019-07-20 12:21,2,,100,0,1,2019-07-20 12:21,R_79GwpsJFmkQ0NCt,,,,,48.44960022,-123.302597,test,,3,4,4,3,1,4,0,3,2,3,2,0,1,0,0,2,0,2,4,2,2,1,1,4,3,1,3,4,3,3,0,4,0,3,0,1,0,3,3,0,4,3,1,0,2,4,2,0,0,4,3,2,4,3,0,2,2,0,2,0,4,2
2019-07-20 12:21,2019-07-20 12:21,2,,100,0,1,2019-07-20 12:21,R_3n53y15k2iDDFYN,,,,,48.44960022,-123.302597,test,,3,2,4,0,1,0,1,1,3,4,0,4,1,0,3,1,1,1,2,1,4,4,1,1,2,2,1,2,3,0,3,4,1,0,0,1,3,1,0,0,1,3,3,3,3,4,0,3,4,4,3,1,0,1,0,2,0,0,3,2,1,4
2019-07-20 12:21,2019-07-20 12:21,2,,100,0,1,2019-07-20 12:21,R_6nzzzjq4KXEJ1rf,,,,,48.44960022,-123.302597,test,,1,1,3,0,1,0,0,0,0,2,2,1,4,1,0,3,4,2,0,3,3,4,1,4,0,4,1,4,2,2,2,3,3,4,4,1,1,2,2,2,4,0,0,4,3,0,3,3,3,4,4,0,1,4,3,4,0,2,2,3,2,4
2019-07-20 12:21,2019-07-20 12:21,2,,100,0,1,2019-07-20 12:21,R_egS0PgiK0xRtbql,,,,,48.44960022,-123.302597,test,,2,0,4,1,4,4,3,1,4,2,4,4,1,4,1,0,4,2,4,3,0,1,4,3,2,2,0,2,3,4,0,2,0,2,1,4,0,2,1,3,0,2,0,0,2,0,1,4,3,2,2,1,0,1,0,4,3,0,1,1,0,0
2019-07-20 12:21,2019-07-20 12:21,2,,100,0,1,2019-07-20 12:21,R_7aeXAwX03h6oTQx,,,,,48.44960022,-123.302597,test,,1,0,2,1,4,1,1,2,3,2,1,0,3,0,2,2,3,0,4,0,2,3,0,1,0,4,2,2,0,2,1,2,2,1,2,4,2,0,2,2,1,4,4,0,2,1,2,4,2,3,0,4,2,2,3,4,2,4,2,3,0,4
2019-07-20 12:21,2019-07-20 12:21,2,,100,0,1,2019-07-20 12:21,R_01bEF7rqnCOI04t,,,,,48.44960022,-123.302597,test,,0,2,1,1,2,2,4,3,2,0,3,3,4,4,2,4,4,1,4,3,1,2,3,4,4,1,0,2,3,2,1,0,3,1,0,4,1,0,2,4,4,4,0,3,2,0,0,3,0,0,1,4,3,4,4,0,0,4,0,4,1,0
2019-07-20 12:21,2019-07-20 12:21,2,,100,0,1,2019-07-20 12:21,R_en5qdm25CAnVHZX,,,,,48.44960022,-123.302597,test,,3,1,1,4,3,4,2,3,0,4,2,2,2,2,3,3,0,2,2,4,1,2,0,4,2,4,4,4,1,4,1,0,2,2,3,0,3,3,1,3,3,3,2,4,0,3,1,0,2,4,0,3,2,3,3,3,2,4,2,0,3,0
2019-07-20 12:22,2019-07-20 12:22,2,,100,0,1,2019-07-20 12:22,R_dcBXPM58g9oIQsZ,,,,,48.44960022,-123.302597,test,,4,1,3,4,2,4,2,0,0,3,4,3,0,0,4,4,1,0,1,4,4,1,0,3,4,2,0,4,3,3,1,3,3,1,3,0,1,0,2,3,4,4,4,3,2,0,0,1,2,2,3,3,2,3,2,0,2,2,3,1,3,1
2019-07-20 12:22,2019-07-20 12:22,2,,100,0,1,2019-07-20 12:22,R_cHZeCuUG9giTuUB,,,,,48.44960022,-123.302597,test,,4,3,1,1,4,2,2,0,1,2,4,3,1,4,1,0,2,2,0,3,3,1,1,1,2,1,3,4,1,2,1,4,3,2,3,3,3,0,4,0,4,1,0,1,1,2,3,1,0,4,4,2,0,4,1,3,2,2,0,3,2,1
2019-07-20 12:22,2019-07-20 12:22,2,,100,0,1,2019-07-20 12:22,R_5u8nI5pUJFwrHsp,,,,,48.44960022,-123.302597,test,,2,1,2,0,4,4,0,1,2,2,3,0,2,1,2,1,4,1,2,3,4,1,3,0,1,1,2,1,3,0,4,3,4,4,2,1,4,4,1,2,2,3,4,1,1,0,2,1,1,2,1,0,4,1,3,2,4,4,2,3,4,3
2019-07-20 12:22,2019-07-20 12:22,2,,100,0,1,2019-07-20 12:22,R_em4687xqhBd9Zbf,,,,,48.44960022,-123.302597,test,,2,0,1,1,3,4,3,3,1,0,2,1,0,3,2,0,4,4,1,3,3,1,1,4,2,1,1,2,1,4,4,4,1,3,3,4,3,3,1,4,0,0,4,1,2,1,3,4,0,2,4,3,4,3,0,2,0,3,2,0,2,1
2019-07-20 12:22,2019-07-20 12:22,2,,100,0,1,2019-07-20 12:22,R_da11TWWOPhm96VT,,,,,48.44960022,-123.302597,test,,1,0,1,3,4,0,0,3,4,1,1,2,0,1,4,1,4,3,0,0,0,1,0,0,3,4,4,3,2,4,4,1,1,0,1,3,1,1,1,3,3,2,0,4,4,3,4,3,1,4,1,3,4,1,2,1,3,4,3,0,2,3
2019-07-20 12:22,2019-07-20 12:22,2,,100,0,1,2019-07-20 12:22,R_8jez2gI3I1mDVTn,,,,,48.44960022,-123.302597,test,,0,0,0,0,4,3,2,2,4,1,1,4,0,0,0,4,2,3,0,3,4,0,2,2,0,3,2,2,1,2,4,2,4,3,2,4,0,1,4,1,1,0,0,3,0,1,3,3,3,2,4,0,0,2,3,4,4,0,4,2,4,3
2019-07-20 12:22,2019-07-20 12:22,2,,100,0,1,2019-07-20 12:22,R_5cfRJsFQwA8Zp1r,,,,,48.44960022,-123.302597,test,,4,2,3,3,4,4,3,2,2,0,4,1,0,0,3,1,4,0,3,2,4,4,2,1,2,2,4,3,2,4,1,2,2,1,3,4,4,0,3,3,2,4,3,3,3,1,3,3,3,4,3,2,4,0,3,4,2,3,1,1,3,2
2019-07-20 12:22,2019-07-20 12:22,2,,100,0,1,2019-07-20 12:22,R_afWP3rhxsnLVZS5,,,,,48.44960022,-123.302597,test,,0,0,4,4,1,1,0,1,2,1,4,4,0,3,4,2,3,3,1,3,3,3,0,1,3,0,2,1,2,0,0,1,3,2,1,1,3,2,0,3,2,2,0,2,0,1,0,4,3,2,3,3,1,2,0,3,3,2,4,2,1,2
2019-07-20 12:22,2019-07-20 12:22,2,,100,0,1,2019-07-20 12:22,R_1A0C4e4sqVehPlX,,,,,48.44960022,-123.302597,test,,2,4,1,3,3,0,4,0,3,3,1,4,1,3,3,0,1,3,3,3,2,1,1,4,1,2,3,3,4,1,4,4,3,4,1,1,0,0,4,1,3,3,4,2,4,4,3,4,0,2,1,1,0,1,4,4,1,1,1,2,0,1
2019-07-20 12:22,2019-07-20 12:22,2,,100,0,1,2019-07-20 12:22,R_eOS6SAi4VdTNht3,,,,,48.44960022,-123.302597,test,,2,3,4,3,4,3,1,4,0,4,3,2,0,3,4,1,0,4,4,2,4,3,4,3,1,3,2,4,3,4,4,0,1,0,4,4,0,2,4,3,2,1,2,2,4,0,0,2,4,3,4,3,1,3,1,2,4,2,3,3,3,2
2019-07-20 12:22,2019-07-20 12:22,2,,100,1,1,2019-07-20 12:22,R_bxZ3Ybasl3s88dL,,,,,48.44960022,-123.302597,test,,2,4,3,0,1,3,1,2,0,4,4,1,4,4,0,2,4,3,0,2,1,1,3,4,3,3,1,3,2,0,2,3,4,4,2,3,1,4,4,1,0,3,1,3,0,4,4,1,1,0,0,2,2,3,1,2,4,0,2,3,0,0
2019-07-20 12:22,2019-07-20 12:22,2,,100,0,1,2019-07-20 12:22,R_cNfxW8TJRQtkCQR,,,,,48.44960022,-123.302597,test,,3,4,1,1,4,4,0,4,4,3,2,2,1,1,0,0,4,2,1,3,2,0,3,1,1,0,0,3,3,1,3,2,1,4,0,1,0,4,4,2,0,0,1,0,0,0,2,0,3,3,1,0,1,2,0,1,2,4,2,1,1,0
2019-07-20 12:22,2019-07-20 12:22,2,,100,0,1,2019-07-20 12:22,R_dhGlHdrGmUidwS9,,,,,48.44960022,-123.302597,test,,2,0,2,3,1,4,1,2,0,4,3,2,3,2,1,4,3,0,3,0,4,2,2,0,1,0,1,2,2,0,3,0,4,1,1,0,2,2,4,1,4,1,3,3,1,2,2,1,2,4,2,1,4,0,4,1,3,4,0,4,1,1
2019-07-20 12:22,2019-07-20 12:22,2,,100,0,1,2019-07-20 12:22,R_eSgY2Qnn75KNtL7,,,,,48.44960022,-123.302597,test,,3,4,1,4,0,3,1,4,2,3,2,1,4,4,3,1,0,2,3,2,1,3,0,2,3,1,2,0,4,1,0,2,1,4,4,4,4,0,1,0,4,0,4,4,2,2,3,3,4,1,3,4,2,4,3,2,1,3,0,4,4,0
2019-07-20 12:22,2019-07-20 12:22,2,,100,0,1,2019-07-20 12:22,R_5v92ApOdmvearA1,,,,,48.44960022,-123.302597,test,,0,3,1,0,0,0,3,1,2,2,4,1,0,1,3,2,0,4,2,4,1,3,2,4,2,4,1,0,1,3,1,3,0,3,2,0,1,3,1,0,4,1,2,4,4,0,2,0,4,2,1,0,0,1,0,3,1,2,1,4,0,0
2019-07-20 12:22,2019-07-20 12:22,2,,100,0,1,2019-07-20 12:22,R_6zAqjtrgXGmEBDL,,,,,48.44960022,-123.302597,test,,1,1,1,4,0,1,1,1,2,1,3,1,4,4,4,1,2,1,4,0,1,4,4,0,1,0,2,4,4,1,2,3,2,3,1,0,3,3,4,1,1,0,3,4,4,3,3,0,0,2,0,4,1,2,1,0,3,1,4,1,3,2
2019-07-20 12:22,2019-07-20 12:22,2,,100,0,1,2019-07-20 12:22,R_0oXIQfBWLuNd3JX,,,,,48.44960022,-123.302597,test,,3,0,2,4,1,2,3,3,1,2,2,4,2,0,3,1,2,2,3,2,0,4,3,1,2,2,3,3,1,3,3,1,2,4,0,3,2,2,3,4,2,3,0,1,0,3,2,0,1,2,1,0,2,2,2,4,1,3,2,3,2,2
2019-07-20 12:22,2019-07-20 12:22,2,,100,0,1,2019-07-20 12:22,R_5yYxwsQfde36qTr,,,,,48.44960022,-123.302597,test,,3,0,1,1,2,0,3,0,1,0,3,2,2,0,3,4,4,4,4,1,2,0,1,0,4,4,3,4,0,3,3,3,3,0,0,2,0,3,2,2,4,3,4,0,2,1,0,3,4,2,0,4,1,4,3,2,3,1,1,0,3,3
2019-07-20 12:22,2019-07-20 12:22,2,,100,0,1,2019-07-20 12:22,R_6QM1wDJOApVVQGN,,,,,48.44960022,-123.302597,test,,3,0,1,1,4,2,2,4,1,1,3,1,3,0,1,1,1,4,2,0,3,2,2,4,2,3,2,3,0,0,0,4,0,1,1,3,3,4,0,4,1,4,2,1,3,0,1,0,1,4,1,0,2,0,2,3,0,4,3,2,4,1
2019-07-20 12:22,2019-07-20 12:22,2,,100,0,1,2019-07-20 12:22,R_1Xp3YwDx3dNBsk5,,,,,48.44960022,-123.302597,test,,4,1,4,4,0,4,3,0,2,4,3,0,0,4,1,4,1,0,4,2,4,4,3,1,1,2,1,4,0,3,4,0,0,2,1,4,4,2,1,4,0,2,2,3,4,4,4,2,4,4,4,0,4,1,2,3,0,0,2,2,3,0
2019-07-20 12:22,2019-07-20 12:22,2,,100,1,1,2019-07-20 12:22,R_8o8OMqft84uLtkx,,,,,48.44960022,-123.302597,test,,0,1,3,2,0,2,0,0,1,0,3,3,4,4,0,4,3,4,4,1,0,4,0,0,2,2,3,4,3,4,2,3,4,2,0,2,0,0,3,3,1,0,2,4,2,1,2,2,1,2,3,3,4,1,4,3,4,4,1,4,0,4
2019-07-20 12:22,2019-07-20 12:22,2,,100,0,1,2019-07-20 12:22,R_3qpSGSXSi63PViZ,,,,,48.44960022,-123.302597,test,,4,4,2,1,3,3,3,0,0,0,0,4,2,0,0,3,4,3,4,2,1,0,0,4,3,1,0,1,1,4,1,1,2,2,0,1,4,4,3,1,0,0,1,4,4,4,4,2,3,0,3,4,1,0,0,1,4,2,2,3,4,2
2019-07-20 12:22,2019-07-20 12:22,2,,100,0,1,2019-07-20 12:22,R_86sBc6FVW9zCleZ,,,,,48.44960022,-123.302597,test,,2,3,0,2,2,1,1,2,1,2,1,2,2,0,2,3,0,4,0,4,3,2,4,2,0,2,1,3,1,3,0,2,2,4,0,3,1,3,4,2,1,0,3,2,0,4,2,2,3,4,2,0,3,4,0,2,4,4,2,4,4,4
2019-07-20 12:22,2019-07-20 12:22,2,,100,0,1,2019-07-20 12:22,R_cGFm95oWgAhek1D,,,,,48.44960022,-123.302597,test,,3,3,4,3,1,0,1,2,3,0,4,2,0,2,4,2,3,1,1,2,3,1,3,3,4,1,2,0,1,4,4,0,0,1,2,1,0,2,4,3,0,3,3,3,4,2,2,1,2,4,3,4,2,2,2,0,3,3,4,1,1,1