StartDate,EndDate,Status,IPAddress,Progress,Duration (in seconds),Finished,RecordedDate,ResponseId,RecipientLastName,RecipientFirstName,RecipientEmail,ExternalReference,LocationLatitude,LocationLongitude,DistributionChannel,UserLanguage,LGBACSEI_1,LGBACSEI_2,LGBACSEI_3,LGBACSEI_4,LGBACSEI_5,LGBACSEI_6,LGBACSEI_7,LGBACSEI_8,LGBACSEI_9,LGBACSEI_10,LGBACSEI_11,LGBACSEI_12,LGBACSEI_13,LGBACSEI_14,LGBACSEI_15,LGBACSEI_16,LGBACSEI_17,LGBACSEI_18,LGBACSEI_19,LGBACSEI_20,LGBACSEI_21,LGBACSEI_22,LGBACSEI_23,LGBACSEI_24,LGBACSEI_25,LGBACSEI_26,LGBACSEI_27,LGBACSEI_28,LGBACSEI_29,LGBACSEI_30,LGBACSEI_31,LGBACSEI_32
2019-07-18 15:53,2019-07-18 15:53,2,,100,0,1,2019-07-18 15:53,R_cGxJBEmpU7H33iR,,,,,48.44960022,-123.302597,test,,3,1,4,1,1,4,3,1,3,1,3,4,3,6,2,1,3,2,2,3,5,6,1,2,1,4,5,6,5,2,5,4
2019-07-18 15:53,2019-07-18 15:53,2,,100,0,1,2019-07-18 15:53,R_9zs1K1mtCnljiMl,,,,,48.44960022,-123.302597,test,,5,4,2,2,4,1,3,3,3,4,1,3,1,6,5,6,2,2,5,4,5,2,4,2,6,2,5,1,1,4,5,1
2019-07-18 15:53,2019-07-18 15:53,2,,100,0,1,2019-07-18 15:53,R_eeWr4KgbkETL5KB,,,,,48.44960022,-123.302597,test,,2,6,3,4,5,1,6,5,5,1,1,5,3,3,3,6,2,5,3,2,6,4,5,1,4,4,1,1,6,5,5,1
2019-07-18 15:53,2019-07-18 15:53,2,,100,0,1,2019-07-18 15:53,R_4JBneysxxkqcw3r,,,,,48.44960022,-123.302597,test,,6,2,1,4,6,4,6,3,4,1,2,3,2,4,5,5,5,5,5,5,3,4,1,4,6,5,6,1,3,6,1,5
2019-07-18 15:53,2019-07-18 15:53,2,,100,0,1,2019-07-18 15:53,R_3qLLIYMxNcY2i6F,,,,,48.44960022,-123.302597,test,,2,4,6,3,4,4,5,4,2,4,3,3,5,1,4,1,2,6,3,4,5,5,3,6,2,1,5,6,4,5,6,5
2019-07-18 15:53,2019-07-18 15:53,2,,100,0,1,2019-07-18 15:53,R_cuOu9cdMNFyK581,,,,,48.44960022,-123.302597,test,,4,4,2,2,6,5,2,3,4,2,4,3,6,6,5,4,5,4,2,1,1,2,5,6,5,2,3,3,5,4,2,5
2019-07-18 15:53,2019-07-18 15:53,2,,100,0,1,2019-07-18 15:53,R_3mDMWJGzuy1QlhP,,,,,48.44960022,-123.302597,test,,5,2,5,6,3,6,6,5,2,2,1,6,5,3,6,2,2,4,3,5,5,1,6,6,2,2,3,1,4,5,1,4
2019-07-18 15:53,2019-07-18 15:53,2,,100,0,1,2019-07-18 15:53,R_2ajp9v2pZDTl00J,,,,,48.44960022,-123.302597,test,,6,4,2,6,3,6,4,1,1,1,5,4,4,3,1,5,1,2,1,2,2,3,2,1,1,6,5,2,6,6,6,3
2019-07-18 15:53,2019-07-18 15:53,2,,100,0,1,2019-07-18 15:53,R_1IicmRxuIFDTMLr,,,,,48.44960022,-123.302597,test,,3,6,6,5,1,1,5,1,2,3,5,4,5,1,2,2,1,2,2,2,2,5,4,3,2,3,4,6,5,5,4,5
2019-07-18 15:53,2019-07-18 15:53,2,,100,0,1,2019-07-18 15:53,R_doPMmI8LQGB8HMV,,,,,48.44960022,-123.302597,test,,2,6,2,5,5,4,6,6,1,1,3,4,1,5,2,6,6,1,1,3,4,1,3,5,6,5,6,3,6,5,5,5
2019-07-18 15:53,2019-07-18 15:53,2,,100,0,1,2019-07-18 15:53,R_9AJlf6aQ27P0J5r,,,,,48.44960022,-123.302597,test,,5,5,4,6,4,4,2,2,3,3,6,1,5,3,6,1,3,2,2,6,1,1,2,1,2,4,1,4,2,6,3,4
2019-07-18 15:53,2019-07-18 15:53,2,,100,0,1,2019-07-18 15:53,R_bNNzmC01eO2bkVL,,,,,48.44960022,-123.302597,test,,3,6,6,3,6,4,4,5,3,6,4,3,3,3,4,6,2,5,2,1,2,4,1,5,3,1,2,6,1,2,3,4
2019-07-18 15:53,2019-07-18 15:53,2,,100,0,1,2019-07-18 15:53,R_b3IzLQcis0VblpX,,,,,48.44960022,-123.302597,test,,6,1,4,1,3,2,1,2,6,2,1,6,5,2,4,5,1,5,3,4,2,6,2,3,6,3,3,6,6,3,4,2
2019-07-18 15:53,2019-07-18 15:53,2,,100,0,1,2019-07-18 15:53,R_6zoM1AOmW3RekmN,,,,,48.44960022,-123.302597,test,,3,2,1,5,6,3,4,2,2,1,2,1,5,5,6,3,3,4,2,1,5,4,6,3,2,3,3,4,1,6,1,3
2019-07-18 15:53,2019-07-18 15:53,2,,100,0,1,2019-07-18 15:53,R_eJSO8RBBdSTWIHr,,,,,48.44960022,-123.302597,test,,5,5,5,6,4,3,5,5,2,3,3,5,5,1,1,1,6,1,5,2,6,1,4,2,3,6,6,6,1,6,3,3
2019-07-18 15:53,2019-07-18 15:53,2,,100,0,1,2019-07-18 15:53,R_40idBOq9S0FxFjf,,,,,48.44960022,-123.302597,test,,4,3,5,1,5,2,6,2,5,1,5,5,3,2,1,3,5,4,3,1,3,6,1,3,6,6,4,6,1,1,6,1
2019-07-18 15:53,2019-07-18 15:53,2,,100,1,1,2019-07-18 15:53,R_23G0pWqmDcVgHMV,,,,,48.44960022,-123.302597,test,,6,6,2,6,2,1,4,4,2,5,3,1,6,5,6,4,4,1,1,2,2,3,4,6,4,3,5,1,4,2,5,4
2019-07-18 15:53,2019-07-18 15:53,2,,100,0,1,2019-07-18 15:53,R_1H4e8PfRjy4AM3X,,,,,48.44960022,-123.302597,test,,4,1,5,1,1,5,2,5,6,5,3,3,1,1,3,4,2,3,2,5,3,2,2,5,2,4,1,5,2,2,6,4
2019-07-18 15:53,2019-07-18 15:53,2,,100,0,1,2019-07-18 15:53,R_bEgf1Thrw8kjWIt,,,,,48.44960022,-123.302597,test,,1,2,3,3,1,1,5,2,2,2,2,2,4,4,4,1,2,4,5,5,6,3,1,4,2,1,5,2,5,5,4,4
2019-07-18 15:53,2019-07-18 15:53,2,,100,0,1,2019-07-18 15:53,R_8ldSNIa8XuT9KoB,,,,,48.44960022,-123.302597,test,,5,3,3,4,2,1,3,6,2,3,4,4,6,4,3,4,2,2,3,3,1,4,5,6,2,5,2,6,6,5,4,2
2019-07-18 15:53,2019-07-18 15:53,2,,100,0,1,2019-07-18 15:53,R_50YvFqebIS5wpyB,,,,,48.44960022,-123.302597,test,,6,5,4,2,1,3,4,4,6,2,6,2,3,1,1,4,6,3,2,2,3,2,4,5,6,3,6,6,5,6,3,5
2019-07-18 15:53,2019-07-18 15:53,2,,100,0,1,2019-07-18 15:53,R_8GmbuRZy6wKvkBD,,,,,48.44960022,-123.302597,test,,1,2,2,1,2,4,2,1,3,3,4,5,6,3,2,6,2,1,3,1,4,3,5,1,4,3,3,4,3,4,1,6
2019-07-18 15:53,2019-07-18 15:53,2,,100,0,1,2019-07-18 15:53,R_ezDQlhcaZM9etNz,,,,,48.44960022,-123.302597,test,,1,5,1,1,3,5,2,2,5,5,5,1,2,1,5,2,4,2,3,1,2,3,5,6,3,2,5,5,5,2,1,5
2019-07-18 15:53,2019-07-18 15:53,2,,100,0,1,2019-07-18 15:53,R_3xg6d5vxoTSXgTr,,,,,48.44960022,-123.302597,test,,2,6,1,2,2,3,6,5,5,4,6,5,4,5,1,3,4,2,1,1,5,2,3,1,5,1,3,3,2,1,6,3
2019-07-18 15:53,2019-07-18 15:53,2,,100,0,1,2019-07-18 15:53,R_3JfWVPIvueW3lfn,,,,,48.44960022,-123.302597,test,,3,5,4,3,3,4,3,6,2,6,6,4,4,6,5,3,4,3,3,1,5,6,6,6,1,6,1,3,2,2,1,6
2019-07-18 15:53,2019-07-18 15:53,2,,100,0,1,2019-07-18 15:53,R_8IX4ktuMTerWB9P,,,,,48.44960022,-123.302597,test,,5,4,3,2,2,3,1,4,2,4,3,3,5,1,4,2,1,2,6,2,1,4,3,5,2,4,2,4,6,6,2,2
2019-07-18 15:53,2019-07-18 15:53,2,,100,0,1,2019-07-18 15:53,R_cGhtj6eTBvOkskJ,,,,,48.44960022,-123.302597,test,,4,1,5,5,3,4,1,4,6,2,1,3,5,3,3,2,6,5,1,6,1,3,3,3,5,1,3,1,2,5,1,3
2019-07-18 15:53,2019-07-18 15:53,2,,100,0,1,2019-07-18 15:53,R_5uobryKC6KaloUJ,,,,,48.44960022,-123.302597,test,,4,1,2,6,5,6,4,3,5,3,4,4,4,4,6,6,2,2,5,3,6,1,4,5,3,6,1,5,5,4,2,3
2019-07-18 15:53,2019-07-18 15:53,2,,100,0,1,2019-07-18 15:53,R_9B2sldyNkp9E50h,,,,,48.44960022,-123.302597,test,,2,6,4,4,3,6,2,4,6,6,6,3,5,5,6,6,3,6,6,5,5,4,3,6,2,1,4,2,3,6,2,3
2019-07-18 15:53,2019-07-18 15:53,2,,100,0,1,2019-07-18 15:53,R_6zpILrAxAZIHf5r,,,,,48.44960022,-123.302597,test,,6,5,5,6,4,5,4,2,3,1,1,6,6,3,2,6,6,6,5,1,1,5,4,4,4,5,3,3,1,6,4,4
2019-07-18 15:53,2019-07-18 15:53,2,,100,0,1,2019-07-18 15:53,R_6EUXOmHaVgOit6t,,,,,48.44960022,-123.302597,test,,1,2,3,3,3,2,6,5,4,2,4,6,6,4,6,6,3,2,1,5,6,6,5,4,2,6,6,5,6,5,2,6
2019-07-18 15:53,2019-07-18 15:53,2,,100,0,1,2019-07-18 15:53,R_dpatxwEsMJ6KNIp,,,,,48.44960022,-123.302597,test,,1,5,6,3,5,6,1,1,4,3,1,1,1,1,6,2,2,1,6,6,4,6,6,4,1,3,2,1,1,6,6,5
2019-07-18 15:53,2019-07-18 15:53,2,,100,0,1,2019-07-18 15:53,R_cMDooZVI8ZrxN4h,,,,,48.44960022,-123.302597,test,,1,4,6,5,5,4,3,2,4,5,3,3,5,3,2,1,3,1,4,6,1,5,4,1,1,1,6,1,4,5,5,2
2019-07-18 15:53,2019-07-18 15:53,2,,100,0,1,2019-07-18 15:53,R_a326puZBNd6x4hL,,,,,48.44960022,-123.302597,test,,3,2,5,1,1,1,1,2,1,6,3,2,5,2,4,2,4,6,5,1,5,2,3,6,2,2,1,5,6,5,2,6
2019-07-18 15:53,2019-07-18 15:53,2,,100,0,1,2019-07-18 15:53,R_eEwF68aFsF2e0YZ,,,,,48.44960022,-123.302597,test,,6,3,2,6,3,5,4,2,4,3,4,4,5,6,2,4,3,6,2,6,4,4,4,3,2,6,4,2,5,6,4,1
2019-07-18 15:53,2019-07-18 15:53,2,,100,0,1,2019-07-18 15:53,R_6sO9BDspRWPsLyd,,,,,48.44960022,-123.302597,test,,5,2,5,5,2,3,6,4,6,2,5,6,4,5,3,1,6,1,5,5,2,6,5,4,2,1,5,5,1,1,6,2
2019-07-18 15:53,2019-07-18 15:53,2,,100,0,1,2019-07-18 15:53,R_5nYxIT6LS7SzDV3,,,,,48.44960022,-123.302597,test,,6,2,3,6,6,3,6,1,6,5,1,2,3,6,3,4,3,5,5,4,4,1,1,4,2,1,4,6,3,6,6,2
2019-07-18 15:53,2019-07-18 15:53,2,,100,0,1,2019-07-18 15:53,R_eajruALaLmH7AjP,,,,,48.44960022,-123.302597,test,,5,5,1,2,1,4,4,1,1,5,3,6,6,6,5,4,4,2,4,2,6,3,4,2,4,2,6,4,2,5,6,5
2019-07-18 15:53,2019-07-18 15:53,2,,100,0,1,2019-07-18 15:53,R_8Bx6Tez6upvi7ch,,,,,48.44960022,-123.302597,test,,6,3,4,2,4,1,5,1,2,6,1,4,4,1,3,5,6,2,3,6,5,2,3,6,3,3,6,6,6,1,6,6
2019-07-18 15:53,2019-07-18 15:53,2,,100,0,1,2019-07-18 15:53,R_5dyrJYdt5Fmpt8V,,,,,48.44960022,-123.302597,test,,3,3,6,2,3,6,1,4,5,3,2,3,3,3,5,2,3,4,6,6,4,2,5,3,6,5,2,6,3,6,6,1
2019-07-18 15:53,2019-07-18 15:53,2,,100,0,1,2019-07-18 15:53,R_6igQfnoguZd99u5,,,,,48.44960022,-123.302597,test,,5,4,1,3,5,5,5,2,4,6,1,2,6,1,1,4,4,2,1,3,5,1,5,3,6,3,5,3,5,1,2,2
2019-07-18 15:53,2019-07-18 15:53,2,,100,0,1,2019-07-18 15:53,R_3aVpS9C9mw5Zitv,,,,,48.44960022,-123.302597,test,,2,4,1,2,2,2,4,1,6,6,3,3,3,4,1,2,4,3,2,4,3,6,5,4,4,4,1,5,6,4,6,4
2019-07-18 15:53,2019-07-18 15:53,2,,100,0,1,2019-07-18 15:53,R_3myxWfloETskS7b,,,,,48.44960022,-123.302597,test,,6,3,2,1,1,2,6,4,6,1,2,2,6,4,5,4,5,5,5,5,3,1,2,3,4,2,5,6,2,5,4,6
2019-07-18 15:53,2019-07-18 15:53,2,,100,0,1,2019-07-18 15:53,R_0ixtQxk3b6af4xv,,,,,48.44960022,-123.302597,test,,4,6,5,4,2,4,3,5,1,6,3,1,6,5,6,4,6,5,5,6,4,1,3,5,1,2,3,5,2,6,4,5
2019-07-18 15:53,2019-07-18 15:53,2,,100,0,1,2019-07-18 15:53,R_0lj42KT1GaZ1qIZ,,,,,48.44960022,-123.302597,test,,6,5,2,4,2,4,5,1,3,3,3,4,6,4,5,6,4,4,2,4,6,5,1,2,5,3,5,6,1,3,6,5
2019-07-18 15:53,2019-07-18 15:53,2,,100,0,1,2019-07-18 15:53,R_7TAVHg4yaOQJClf,,,,,48.44960022,-123.302597,test,,3,2,3,5,6,6,3,2,6,2,5,2,2,1,4,4,6,4,3,1,3,2,2,1,2,1,1,2,2,1,6,2
2019-07-18 15:53,2019-07-18 15:53,2,,100,0,1,2019-07-18 15:53,R_0B35ViPK7Wdi6kB,,,,,48.44960022,-123.302597,test,,5,2,4,3,6,1,4,1,3,3,1,1,1,3,6,3,6,1,5,1,2,4,3,1,1,6,5,1,6,5,2,1
2019-07-18 15:53,2019-07-18 15:53,2,,100,0,1,2019-07-18 15:53,R_1EWa1v68my1rBZ3,,,,,48.44960022,-123.302597,test,,4,2,2,2,3,6,4,1,2,1,3,6,5,5,6,2,5,1,3,2,5,5,6,5,1,1,4,3,1,4,4,4
2019-07-18 15:53,2019-07-18 15:53,2,,100,0,1,2019-07-18 15:53,R_0ohzewOqIZfYuEZ,,,,,48.44960022,-123.302597,test,,2,3,4,2,2,6,5,5,3,6,1,6,3,6,3,1,2,4,6,1,1,4,6,3,3,6,5,1,2,6,4,2
2019-07-18 15:53,2019-07-18 15:53,2,,100,0,1,2019-07-18 15:53,R_40EH6rmoArx4lRr,,,,,48.44960022,-123.302597,test,,6,1,2,5,3,2,6,3,6,2,3,2,4,4,5,3,2,5,4,6,3,6,5,5,6,1,4,6,2,5,4,1
2019-07-18 15:53,2019-07-18 15:53,2,,100,0,1,2019-07-18 15:53,R_5oS3bDPUTt92uvX,,,,,48.44960022,-123.302597,test,,6,2,6,1,5,3,6,4,4,4,1,2,6,4,5,3,5,6,1,4,1,3,5,3,3,4,6,6,4,6,1,2
2019-07-18 15:53,2019-07-18 15:53,2,,100,0,1,2019-07-18 15:53,R_3yedpnXMhY4V56l,,,,,48.44960022,-123.302597,test,,2,1,5,3,1,2,4,4,5,2,4,4,6,3,3,4,2,1,3,4,5,5,4,2,4,3,6,1,6,4,4,1
2019-07-18 15:53,2019-07-18 15:53,2,,100,0,1,2019-07-18 15:53,R_6szf4T51s1zc9mJ,,,,,48.44960022,-123.302597,test,,1,6,1,5,6,3,4,2,1,2,3,4,2,6,5,5,6,4,3,3,2,5,4,6,5,1,3,2,6,3,4,4
2019-07-18 15:53,2019-07-18 15:53,2,,100,0,1,2019-07-18 15:53,R_0eRqrx6fG4SsJtr,,,,,48.44960022,-123.302597,test,,2,2,4,2,6,3,1,3,3,4,2,4,1,6,6,1,2,1,6,2,6,3,6,3,5,4,3,5,2,6,1,5
2019-07-18 15:53,2019-07-18 15:53,2,,100,0,1,2019-07-18 15:53,R_7TYZ1ooheyX51v7,,,,,48.44960022,-123.302597,test,,3,3,5,4,1,1,5,2,6,2,4,3,4,6,2,6,4,6,2,2,6,6,5,4,5,6,5,1,1,5,5,2
2019-07-18 15:53,2019-07-18 15:53,2,,100,0,1,2019-07-18 15:53,R_5clJa3UBJPK79jf,,,,,48.44960022,-123.302597,test,,1,6,4,5,1,5,3,5,5,1,1,6,3,4,3,4,5,4,3,6,2,6,1,4,1,2,1,1,1,3,1,2
2019-07-18 15:53,2019-07-18 15:53,2,,100,0,1,2019-07-18 15:53,R_7PedMQJl2Y81MgZ,,,,,48.44960022,-123.302597,test,,2,5,5,3,5,5,5,3,2,2,2,2,4,5,2,3,2,1,5,2,6,6,4,3,3,3,4,2,5,6,4,6
2019-07-18 15:53,2019-07-18 15:53,2,,100,0,1,2019-07-18 15:53,R_cPiG5rrycLU6HvT,,,,,48.44960022,-123.302597,test,,2,3,3,4,6,1,6,1,1,3,4,3,5,6,4,5,6,6,6,2,5,2,1,1,3,3,4,5,4,3,4,4
2019-07-18 15:53,2019-07-18 15:53,2,,100,0,1,2019-07-18 15:53,R_cvDwpU0ig2f3qjX,,,,,48.44960022,-123.302597,test,,5,6,2,5,6,3,6,6,3,5,6,3,1,4,5,5,6,6,3,4,1,5,3,6,4,6,6,3,4,1,3,3
2019-07-18 15:53,2019-07-18 15:53,2,,100,0,1,2019-07-18 15:53,R_1ANSLiXUigkNce9,,,,,48.44960022,-123.302597,test,,3,1,1,3,2,2,4,6,1,3,1,1,5,6,3,2,5,5,6,4,5,1,6,5,4,6,1,5,4,2,6,4
2019-07-18 15:53,2019-07-18 15:53,2,,100,0,1,2019-07-18 15:53,R_1B2mOu85CqYIavb,,,,,48.44960022,-123.302597,test,,2,3,6,5,5,5,3,3,4,4,1,1,3,6,3,6,1,4,6,6,2,4,4,2,5,6,1,5,6,5,5,4
2019-07-18 15:53,2019-07-18 15:53,2,,100,0,1,2019-07-18 15:53,R_6x0BfcJA8qgURcp,,,,,48.44960022,-123.302597,test,,5,4,3,1,1,3,4,1,1,4,3,6,3,5,1,6,2,2,6,3,4,2,1,3,3,6,2,3,2,1,5,2
2019-07-18 15:53,2019-07-18 15:53,2,,100,0,1,2019-07-18 15:53,R_3fpSmcgSy4YJsBn,,,,,48.44960022,-123.302597,test,,6,3,2,2,4,5,4,6,1,2,6,1,1,1,6,1,2,4,4,3,4,3,1,2,1,6,2,5,6,4,1,6
2019-07-18 15:53,2019-07-18 15:53,2,,100,0,1,2019-07-18 15:53,R_cVebseCByMxUycl,,,,,48.44960022,-123.302597,test,,6,4,1,2,5,4,3,1,4,2,6,1,2,1,6,6,2,3,1,6,4,3,6,4,3,2,5,3,1,1,2,4
2019-07-18 15:53,2019-07-18 15:53,2,,100,0,1,2019-07-18 15:53,R_b2PJ63nXNZBQijz,,,,,48.44960022,-123.302597,test,,3,1,2,1,3,5,5,1,3,1,6,2,6,5,5,4,3,6,2,3,5,4,1,2,5,1,6,1,5,2,1,6
2019-07-18 15:53,2019-07-18 15:53,2,,100,0,1,2019-07-18 15:53,R_cZIcGRsutt6Fvnf,,,,,48.44960022,-123.302597,test,,4,3,4,1,2,1,3,4,6,2,1,2,1,1,3,6,4,3,1,1,2,4,5,5,6,1,3,3,2,1,5,5
2019-07-18 15:53,2019-07-18 15:53,2,,100,0,1,2019-07-18 15:53,R_afVDngWVURWOi2x,,,,,48.44960022,-123.302597,test,,5,6,6,2,3,5,6,3,5,2,6,5,6,1,6,4,3,3,2,6,4,6,6,6,5,5,5,3,1,2,4,5
2019-07-18 15:53,2019-07-18 15:53,2,,100,0,1,2019-07-18 15:53,R_4SYaVfD9CGULnrD,,,,,48.44960022,-123.302597,test,,1,1,3,2,1,3,2,1,4,4,4,2,3,6,6,6,1,2,5,3,3,4,6,6,3,4,5,6,2,6,1,6
2019-07-18 15:53,2019-07-18 15:53,2,,100,0,1,2019-07-18 15:53,R_5vjmnXMiNsmG6ot,,,,,48.44960022,-123.302597,test,,2,1,2,2,4,3,3,5,3,5,2,2,5,1,6,2,6,4,5,5,2,5,6,3,1,3,5,4,1,1,4,4
2019-07-18 15:53,2019-07-18 15:53,2,,100,0,1,2019-07-18 15:53,R_e9iFQKuheREHbFP,,,,,48.44960022,-123.302597,test,,2,3,2,6,6,5,2,6,5,6,3,3,3,5,2,1,4,1,3,5,2,6,3,5,2,3,1,4,2,6,1,6
2019-07-18 15:53,2019-07-18 15:53,2,,100,0,1,2019-07-18 15:53,R_4OSWaOf3H2H28tf,,,,,48.44960022,-123.302597,test,,5,5,5,2,1,1,2,2,4,3,6,5,4,3,1,5,5,4,3,4,5,1,4,1,2,3,2,4,3,1,5,2
2019-07-18 15:53,2019-07-18 15:53,2,,100,0,1,2019-07-18 15:53,R_afs7LoBMxX1DHil,,,,,48.44960022,-123.302597,test,,4,4,5,4,2,3,1,4,3,1,4,4,6,2,5,4,1,3,4,1,2,4,3,2,1,3,2,4,3,6,3,6
2019-07-18 15:53,2019-07-18 15:53,2,,100,0,1,2019-07-18 15:53,R_7NYWkzM5Mcq4Z1z,,,,,48.44960022,-123.302597,test,,1,3,3,6,2,1,2,4,6,2,1,4,2,1,5,6,2,5,5,5,2,3,5,3,2,4,4,4,2,3,4,5
2019-07-18 15:53,2019-07-18 15:53,2,,100,0,1,2019-07-18 15:53,R_25Gg16N4Gn7uTVb,,,,,48.44960022,-123.302597,test,,3,5,3,4,6,3,3,6,1,3,4,2,6,5,2,3,3,2,5,2,4,6,6,1,6,4,5,1,5,1,5,2
2019-07-18 15:53,2019-07-18 15:53,2,,100,0,1,2019-07-18 15:53,R_b71dUH2Fv7ZORmd,,,,,48.44960022,-123.302597,test,,3,5,5,1,5,5,4,2,2,3,3,2,6,2,6,1,2,6,3,5,4,5,3,2,3,6,3,3,4,6,4,4
2019-07-18 15:53,2019-07-18 15:53,2,,100,0,1,2019-07-18 15:53,R_ebKwjv26Mg6RtM9,,,,,48.44960022,-123.302597,test,,5,5,4,1,3,4,6,2,4,3,1,5,5,1,1,6,1,4,3,6,5,3,5,3,5,6,1,5,4,3,5,5
2019-07-18 15:53,2019-07-18 15:53,2,,100,0,1,2019-07-18 15:53,R_efUxgtkpuMvBoQl,,,,,48.44960022,-123.302597,test,,3,1,4,2,6,1,1,6,5,5,5,1,4,1,5,4,4,1,1,3,2,5,5,1,4,3,3,5,2,2,6,1
2019-07-18 15:53,2019-07-18 15:53,2,,100,0,1,2019-07-18 15:53,R_8wEh3VkjhYNZHjD,,,,,48.44960022,-123.302597,test,,4,2,4,6,4,1,6,5,4,2,2,6,3,4,1,4,3,2,5,4,3,4,1,3,2,5,6,4,2,6,6,1
2019-07-18 15:53,2019-07-18 15:53,2,,100,0,1,2019-07-18 15:53,R_e5MGSxg8scd996R,,,,,48.44960022,-123.302597,test,,1,3,6,6,4,2,3,1,3,3,6,2,1,4,4,6,1,3,6,4,4,4,6,5,5,3,6,1,1,6,3,1
2019-07-18 15:53,2019-07-18 15:53,2,,100,0,1,2019-07-18 15:53,R_d0xDmppROwaKBFz,,,,,48.44960022,-123.302597,test,,4,2,3,5,1,1,2,2,5,5,6,4,6,4,5,1,2,1,6,2,2,6,5,2,2,5,5,2,6,6,3,3
2019-07-18 15:53,2019-07-18 15:53,2,,100,0,1,2019-07-18 15:53,R_b7Kjcyz33ziVQZ7,,,,,48.44960022,-123.302597,test,,5,6,4,3,2,5,4,4,4,2,1,5,4,2,1,6,1,2,2,6,5,4,2,5,2,1,1,1,1,6,4,1
2019-07-18 15:53,2019-07-18 15:53,2,,100,0,1,2019-07-18 15:53,R_dpalUlbzEvGdcQR,,,,,48.44960022,-123.302597,test,,3,1,5,1,2,4,4,4,4,1,1,6,2,6,2,1,1,5,4,3,3,2,1,3,2,5,6,1,3,5,5,3
2019-07-18 15:53,2019-07-18 15:53,2,,100,0,1,2019-07-18 15:53,R_cOuPpgi95aG0Sk5,,,,,48.44960022,-123.302597,test,,4,1,6,6,2,2,4,1,5,6,4,5,4,6,4,2,2,4,2,6,2,3,6,2,1,5,5,4,3,2,4,2
2019-07-18 15:53,2019-07-18 15:53,2,,100,0,1,2019-07-18 15:53,R_ac4vaGzqlZaMeZn,,,,,48.44960022,-123.302597,test,,3,2,4,3,3,2,2,4,2,6,6,2,2,6,1,3,6,6,5,2,1,5,1,3,4,3,4,1,4,4,4,6
2019-07-18 15:53,2019-07-18 15:53,2,,100,0,1,2019-07-18 15:53,R_a8IyBuDbtyuk08B,,,,,48.44960022,-123.302597,test,,5,2,6,5,3,2,4,1,1,4,3,3,4,3,4,2,4,2,1,6,5,3,1,1,1,4,5,1,2,5,3,2
2019-07-18 15:53,2019-07-18 15:53,2,,100,0,1,2019-07-18 15:53,R_6RtEg0UIZHlBI0t,,,,,48.44960022,-123.302597,test,,5,6,2,4,2,1,4,5,2,3,2,4,2,1,5,4,4,5,1,6,3,5,3,6,5,2,5,1,2,3,6,3
2019-07-18 15:53,2019-07-18 15:53,2,,100,0,1,2019-07-18 15:53,R_79W5OSrNnV09KSN,,,,,48.44960022,-123.302597,test,,6,1,2,3,6,1,3,4,1,1,3,6,3,5,6,4,4,4,1,2,3,2,1,1,3,6,6,3,5,5,5,4
2019-07-18 15:53,2019-07-18 15:53,2,,100,0,1,2019-07-18 15:53,R_0SxWNmX5yyp4oCh,,,,,48.44960022,-123.302597,test,,5,4,5,4,3,5,2,3,2,1,3,5,5,1,2,4,4,3,5,6,1,6,3,1,1,3,3,3,1,1,4,6
2019-07-18 15:53,2019-07-18 15:53,2,,100,0,1,2019-07-18 15:53,R_eSeduaMU0QVUwx7,,,,,48.44960022,-123.302597,test,,4,2,5,3,1,4,5,3,1,1,1,6,2,4,6,2,4,5,1,2,5,1,6,2,3,5,5,6,5,3,4,4
2019-07-18 15:53,2019-07-18 15:53,2,,100,0,1,2019-07-18 15:53,R_9Wut3CVikZ9qOot,,,,,48.44960022,-123.302597,test,,4,3,2,1,5,1,1,5,2,3,6,4,3,6,4,4,4,6,4,5,4,1,4,3,1,4,2,1,5,2,6,2
2019-07-18 15:53,2019-07-18 15:53,2,,100,0,1,2019-07-18 15:53,R_24eYZnt6q3EzDUx,,,,,48.44960022,-123.302597,test,,2,2,2,6,1,4,6,3,2,4,3,2,6,6,3,2,6,4,4,6,6,3,1,4,3,4,5,6,6,5,5,1
2019-07-18 15:53,2019-07-18 15:53,2,,100,0,1,2019-07-18 15:53,R_6DLizLJ8nchE5Ux,,,,,48.44960022,-123.302597,test,,1,5,2,4,2,2,6,5,3,4,1,6,3,4,6,5,1,3,3,2,2,2,5,6,4,3,6,4,2,6,2,1
2019-07-18 15:53,2019-07-18 15:53,2,,100,0,1,2019-07-18 15:53,R_eJxzfOhnNwS0Qol,,,,,48.44960022,-123.302597,test,,1,1,4,5,5,2,2,6,1,3,2,5,1,1,4,1,4,5,5,5,3,3,6,4,6,3,4,4,2,6,2,3
2019-07-18 15:53,2019-07-18 15:53,2,,100,1,1,2019-07-18 15:53,R_8HRh2P7o7d2GniJ,,,,,48.44960022,-123.302597,test,,3,4,5,4,2,4,1,1,2,6,2,3,4,4,5,3,3,2,2,3,2,4,1,5,6,2,3,3,3,2,1,5
2019-07-18 15:53,2019-07-18 15:53,2,,100,0,1,2019-07-18 15:53,R_4ZvyzAuZaQ5Pe9T,,,,,48.44960022,-123.302597,test,,3,1,5,4,5,1,4,2,4,4,5,2,4,4,5,5,6,6,1,6,5,3,6,3,1,4,2,1,4,4,2,4
2019-07-18 15:53,2019-07-18 15:53,2,,100,0,1,2019-07-18 15:53,R_d0ukgY3R2jlseHz,,,,,48.44960022,-123.302597,test,,1,6,4,1,4,3,1,4,4,1,6,2,2,5,6,5,2,4,4,3,3,5,6,6,6,1,4,6,4,2,2,6
2019-07-18 15:53,2019-07-18 15:53,2,,100,0,1,2019-07-18 15:53,R_bvWHLmzK3Hozmjr,,,,,48.44960022,-123.302597,test,,6,3,3,6,6,1,2,1,3,5,6,4,6,5,6,2,6,6,6,5,6,2,1,6,6,6,1,6,4,2,3,6
2019-07-18 15:53,2019-07-18 15:53,2,,100,0,1,2019-07-18 15:53,R_cBXNHaOc1QcTXh3,,,,,48.44960022,-123.302597,test,,3,5,5,1,2,6,5,2,6,4,4,4,2,3,6,6,3,4,6,3,5,4,1,2,5,2,4,4,5,1,1,3
2019-07-18 15:53,2019-07-18 15:53,2,,100,0,1,2019-07-18 15:53,R_0pwQwpdRn2WqFTf,,,,,48.44960022,-123.302597,test,,5,5,1,5,5,1,4,6,3,1,6,2,4,5,6,5,2,1,6,4,2,6,3,1,4,3,6,3,1,5,1,6
2019-07-18 15:53,2019-07-18 15:53,2,,100,0,1,2019-07-18 15:53,R_cBZBfu0ajQAeeiN,,,,,48.44960022,-123.302597,test,,3,6,4,5,6,5,1,4,6,5,1,3,3,1,1,2,3,4,4,2,4,5,6,3,6,3,5,5,4,3,6,6
2019-07-18 15:53,2019-07-18 15:53,2,,100,0,1,2019-07-18 15:53,R_02un2RvNgHRT9sN,,,,,48.44960022,-123.302597,test,,3,5,4,5,2,6,2,5,2,6,2,4,2,6,4,3,3,5,2,1,2,1,2,2,6,4,4,5,1,5,3,6
2019-07-18 15:53,2019-07-18 15:53,2,,100,0,1,2019-07-18 15:53,R_dg6pEBWmAEosDiZ,,,,,48.44960022,-123.302597,test,,6,2,6,2,1,3,6,2,2,1,5,2,4,3,4,5,6,3,3,2,5,6,5,2,6,1,2,3,6,6,1,3
2019-07-18 15:53,2019-07-18 15:53,2,,100,0,1,2019-07-18 15:53,R_b94KfQOSRQj8N5H,,,,,48.44960022,-123.302597,test,,6,6,1,2,2,1,5,6,3,1,2,5,5,5,4,5,1,2,5,3,6,5,2,3,5,2,2,4,6,2,1,6
2019-07-18 15:53,2019-07-18 15:53,2,,100,0,1,2019-07-18 15:53,R_01kDhWcP3TkboBT,,,,,48.44960022,-123.302597,test,,6,4,6,1,3,5,6,2,4,2,1,4,2,5,5,6,6,6,2,1,3,1,3,1,4,6,3,6,2,6,2,2
2019-07-18 15:53,2019-07-18 15:53,2,,100,0,1,2019-07-18 15:53,R_3JLqLBWQBDQBRiJ,,,,,48.44960022,-123.302597,test,,1,3,2,2,2,1,5,5,2,3,2,5,6,1,2,3,1,4,5,3,1,1,4,4,6,3,1,2,2,2,3,3
2019-07-18 15:53,2019-07-18 15:53,2,,100,0,1,2019-07-18 15:53,R_doK1pvyrryrgsC1,,,,,48.44960022,-123.302597,test,,3,5,3,1,6,5,6,5,4,5,1,6,5,5,5,3,1,6,6,2,2,1,3,5,1,6,4,4,1,5,2,1
2019-07-18 15:53,2019-07-18 15:53,2,,100,0,1,2019-07-18 15:53,R_9simHVOKr5FtinP,,,,,48.44960022,-123.302597,test,,1,1,2,5,5,2,6,4,2,1,3,4,4,3,1,1,4,6,6,2,5,5,5,5,1,2,2,4,6,3,3,2
2019-07-18 15:53,2019-07-18 15:53,2,,100,0,1,2019-07-18 15:53,R_3siraGX2A07ktU1,,,,,48.44960022,-123.302597,test,,2,4,2,1,2,2,3,4,5,4,6,1,4,1,6,1,5,4,1,1,4,5,5,2,2,2,5,4,2,3,2,4
2019-07-18 15:53,2019-07-18 15:53,2,,100,0,1,2019-07-18 15:53,R_54L8fkHHyNOlUDH,,,,,48.44960022,-123.302597,test,,2,6,3,6,1,1,3,4,6,2,3,5,1,5,1,2,5,4,3,6,3,6,5,1,4,6,4,2,1,1,2,6
2019-07-18 15:53,2019-07-18 15:53,2,,100,1,1,2019-07-18 15:53,R_cTmA5ti1NI1V01f,,,,,48.44960022,-123.302597,test,,5,5,2,3,2,3,5,4,6,3,4,2,5,1,5,6,2,5,1,6,3,5,1,6,5,2,2,6,4,4,2,2
2019-07-18 15:53,2019-07-18 15:53,2,,100,0,1,2019-07-18 15:53,R_7QfnT25jfbiApr7,,,,,48.44960022,-123.302597,test,,4,6,5,6,4,4,3,3,1,2,3,2,4,6,6,2,2,5,4,5,3,2,3,2,5,6,4,2,6,5,6,5
2019-07-18 15:53,2019-07-18 15:53,2,,100,0,1,2019-07-18 15:53,R_02EdxQEGYH3s3Zj,,,,,48.44960022,-123.302597,test,,1,6,1,2,2,3,3,2,1,5,2,6,2,4,4,1,5,1,6,2,5,6,4,5,1,6,1,3,5,5,4,3
2019-07-18 15:53,2019-07-18 15:53,2,,100,0,1,2019-07-18 15:53,R_6u0OhSPUZ7Pkzqd,,,,,48.44960022,-123.302597,test,,4,3,5,4,5,2,6,3,3,3,6,2,6,1,2,5,6,5,4,4,5,2,2,1,5,1,2,4,5,2,6,2
2019-07-18 15:53,2019-07-18 15:53,2,,100,0,1,2019-07-18 15:53,R_6tnC262ENv72jEp,,,,,48.44960022,-123.302597,test,,1,2,6,5,4,5,5,5,3,3,2,6,2,4,6,2,2,4,2,6,4,2,1,1,3,4,3,4,3,1,4,1
2019-07-18 15:53,2019-07-18 15:53,2,,100,0,1,2019-07-18 15:53,R_29qmRQYMMp2vXk9,,,,,48.44960022,-123.302597,test,,6,5,2,2,3,6,2,1,3,4,5,4,2,3,5,6,5,3,1,2,6,6,6,1,3,2,1,4,6,4,2,1
2019-07-18 15:53,2019-07-18 15:53,2,,100,0,1,2019-07-18 15:53,R_71Ug7XZmEidfI8t,,,,,48.44960022,-123.302597,test,,1,2,6,6,3,4,6,4,4,6,3,3,5,3,1,4,6,6,1,6,2,4,2,6,2,5,3,1,4,1,6,2
2019-07-18 15:53,2019-07-18 15:53,2,,100,0,1,2019-07-18 15:53,R_0feQ9CqDhfmh1gV,,,,,48.44960022,-123.302597,test,,3,2,5,3,4,4,5,3,6,6,5,2,2,3,4,6,3,6,6,5,6,2,6,4,3,2,1,1,6,1,4,5
2019-07-18 15:53,2019-07-18 15:53,2,,100,0,1,2019-07-18 15:53,R_cYdSCxNahn0vNzL,,,,,48.44960022,-123.302597,test,,3,4,2,4,2,6,1,2,5,3,3,3,4,4,5,6,4,3,3,5,4,5,5,1,6,4,5,5,1,2,4,4
2019-07-18 15:53,2019-07-18 15:53,2,,100,0,1,2019-07-18 15:53,R_ba1mbKDIpAxjdL7,,,,,48.44960022,-123.302597,test,,4,2,4,6,1,3,4,6,4,6,2,3,1,3,2,2,4,3,5,4,3,4,1,3,1,5,3,5,3,6,6,6
2019-07-18 15:53,2019-07-18 15:53,2,,100,0,1,2019-07-18 15:53,R_bq2LIYQ40BCMFF3,,,,,48.44960022,-123.302597,test,,6,5,6,2,3,6,2,6,1,6,5,3,4,1,2,1,6,6,2,4,2,1,3,5,1,6,2,2,5,1,1,4
2019-07-18 15:53,2019-07-18 15:53,2,,100,0,1,2019-07-18 15:53,R_6hwjfrBe5vlvjMN,,,,,48.44960022,-123.302597,test,,4,3,2,2,2,1,2,2,4,5,5,1,1,2,4,4,1,3,4,2,6,3,1,4,5,6,2,4,3,3,6,4
2019-07-18 15:53,2019-07-18 15:53,2,,100,0,1,2019-07-18 15:53,R_4JIvFVIaZIc03KB,,,,,48.44960022,-123.302597,test,,2,5,1,1,1,5,4,6,2,2,5,1,5,2,5,2,5,6,4,4,4,5,6,3,6,5,5,1,3,3,5,5
2019-07-18 15:53,2019-07-18 15:53,2,,100,0,1,2019-07-18 15:53,R_3PdJonNSuqlqtUh,,,,,48.44960022,-123.302597,test,,1,5,4,6,2,1,2,2,2,1,5,5,3,6,4,5,1,1,2,3,3,3,3,1,1,5,1,5,6,2,4,5
2019-07-18 15:53,2019-07-18 15:53,2,,100,0,1,2019-07-18 15:53,R_3lptxN2Ad0tkCs5,,,,,48.44960022,-123.302597,test,,5,5,3,6,3,4,6,3,1,1,6,4,2,6,5,2,6,6,3,1,6,6,4,3,6,1,4,1,6,2,1,1
2019-07-18 15:53,2019-07-18 15:53,2,,100,0,1,2019-07-18 15:53,R_b3B42vk8w0XZdVb,,,,,48.44960022,-123.302597,test,,4,3,2,6,5,4,2,3,2,6,4,3,5,6,3,2,6,5,5,5,4,6,6,1,2,3,5,4,2,5,5,3
2019-07-18 15:53,2019-07-18 15:53,2,,100,0,1,2019-07-18 15:53,R_6zKcvaDLXhXhhWZ,,,,,48.44960022,-123.302597,test,,3,4,2,6,5,4,4,3,3,2,2,3,6,6,6,2,2,1,5,5,2,2,5,1,3,5,2,3,5,5,4,5
2019-07-18 15:53,2019-07-18 15:53,2,,100,0,1,2019-07-18 15:53,R_esabbtMS5jr7AZD,,,,,48.44960022,-123.302597,test,,2,1,6,5,3,2,1,5,6,6,5,5,1,5,2,3,5,4,4,6,4,1,6,6,6,4,5,4,1,3,2,5
2019-07-18 15:53,2019-07-18 15:53,2,,100,0,1,2019-07-18 15:53,R_9zCxyjReyoq2Vsp,,,,,48.44960022,-123.302597,test,,2,4,5,1,5,4,2,6,2,5,2,5,5,6,2,6,4,5,4,4,5,5,1,3,6,4,4,6,2,4,1,5
2019-07-18 15:53,2019-07-18 15:53,2,,100,0,1,2019-07-18 15:53,R_bqs3jy1ZASX3JZ3,,,,,48.44960022,-123.302597,test,,1,4,3,2,2,2,1,4,5,6,5,2,2,5,1,1,2,5,2,4,2,5,6,1,5,5,1,5,6,5,4,5
2019-07-18 15:53,2019-07-18 15:53,2,,100,0,1,2019-07-18 15:53,R_eLNtLLeVLPFRzmJ,,,,,48.44960022,-123.302597,test,,2,3,1,1,1,2,2,2,3,4,6,5,4,3,5,3,6,6,2,5,2,3,1,6,4,5,6,6,3,3,6,4
2019-07-18 15:53,2019-07-18 15:53,2,,100,0,1,2019-07-18 15:53,R_bI83SF893TH0L09,,,,,48.44960022,-123.302597,test,,2,6,4,5,4,6,3,6,2,3,6,6,2,1,4,3,6,3,6,5,1,6,2,1,4,3,6,6,4,5,3,1
2019-07-18 15:53,2019-07-18 15:53,2,,100,0,1,2019-07-18 15:53,R_bPDNsP5x9qwb3rn,,,,,48.44960022,-123.302597,test,,3,4,6,6,3,1,2,3,2,4,6,4,3,6,5,6,5,5,5,5,4,2,1,4,6,4,5,5,3,5,3,3
2019-07-18 15:53,2019-07-18 15:53,2,,100,0,1,2019-07-18 15:53,R_1QW3pARM1brCxVz,,,,,48.44960022,-123.302597,test,,4,6,5,3,5,2,4,2,4,2,1,6,6,1,1,4,3,3,4,5,1,6,3,1,5,4,3,5,1,4,6,3
2019-07-18 15:53,2019-07-18 15:53,2,,100,0,1,2019-07-18 15:53,R_5yAEckCGbrnsw9T,,,,,48.44960022,-123.302597,test,,5,3,4,2,6,6,1,6,5,2,5,1,1,4,5,1,5,6,2,5,4,1,3,1,3,1,5,3,6,4,1,6
2019-07-18 15:53,2019-07-18 15:53,2,,100,0,1,2019-07-18 15:53,R_7VzS9J2krGny87z,,,,,48.44960022,-123.302597,test,,2,4,6,2,5,1,3,4,4,4,3,5,5,2,6,2,6,3,5,6,4,4,3,3,6,6,1,4,4,2,4,4
2019-07-18 15:53,2019-07-18 15:53,2,,100,0,1,2019-07-18 15:53,R_bsFxc3WW7aO5Kvz,,,,,48.44960022,-123.302597,test,,4,4,3,6,1,2,5,2,6,5,5,6,5,5,4,5,6,4,2,5,1,3,3,1,2,6,5,3,2,6,5,6
2019-07-18 15:53,2019-07-18 15:53,2,,100,0,1,2019-07-18 15:53,R_3fpSvPHTEdSglfv,,,,,48.44960022,-123.302597,test,,2,6,3,2,2,1,6,4,4,6,1,3,5,5,6,5,6,4,4,5,4,4,2,5,6,6,6,1,1,4,4,2
2019-07-18 15:53,2019-07-18 15:53,2,,100,0,1,2019-07-18 15:53,R_3k2I2BD8hCOcGVv,,,,,48.44960022,-123.302597,test,,3,4,1,5,1,3,2,4,5,5,2,5,3,6,3,4,3,6,5,3,3,4,1,1,5,5,1,2,5,3,1,4
2019-07-18 15:53,2019-07-18 15:53,2,,100,0,1,2019-07-18 15:53,R_dii8UH5kRkgVJpr,,,,,48.44960022,-123.302597,test,,2,5,3,5,4,6,2,6,5,1,4,4,1,5,4,6,6,5,6,4,4,4,5,5,3,2,4,5,1,2,5,4
2019-07-18 15:53,2019-07-18 15:53,2,,100,0,1,2019-07-18 15:53,R_9M5BjsYWr3xKzpX,,,,,48.44960022,-123.302597,test,,2,6,1,2,2,2,4,3,1,3,2,4,3,4,3,5,4,4,4,1,3,5,2,3,2,4,2,3,6,6,1,2
2019-07-18 15:53,2019-07-18 15:53,2,,100,0,1,2019-07-18 15:53,R_bBZkRKKM7O0LRJj,,,,,48.44960022,-123.302597,test,,3,6,4,4,6,6,1,6,1,1,6,5,1,1,3,3,5,1,1,3,2,4,6,2,1,5,1,5,2,1,3,3
2019-07-18 15:53,2019-07-18 15:53,2,,100,0,1,2019-07-18 15:53,R_5ASwKeOIMnKA1F3,,,,,48.44960022,-123.302597,test,,2,2,4,2,3,1,3,4,5,6,3,3,2,4,2,1,3,6,1,5,1,1,2,3,5,2,2,5,1,6,3,4
2019-07-18 15:53,2019-07-18 15:53,2,,100,0,1,2019-07-18 15:53,R_3aPh9kWroIcVyGF,,,,,48.44960022,-123.302597,test,,2,1,4,4,6,5,1,5,6,6,3,2,5,1,3,1,3,3,5,1,3,1,1,1,6,5,4,3,3,4,1,4
2019-07-18 15:53,2019-07-18 15:53,2,,100,0,1,2019-07-18 15:53,R_2ibbZyzb0Q29ZoV,,,,,48.44960022,-123.302597,test,,5,2,4,3,6,5,6,6,4,1,2,3,2,4,5,4,1,3,2,5,2,4,3,5,6,5,4,3,2,2,2,3
2019-07-18 15:53,2019-07-18 15:53,2,,100,0,1,2019-07-18 15:53,R_eJobMi5r0Wvzudv,,,,,48.44960022,-123.302597,test,,2,1,1,1,1,3,3,3,2,6,1,2,2,6,2,6,6,4,6,1,3,1,2,1,4,5,2,1,4,1,6,3
2019-07-18 15:53,2019-07-18 15:53,2,,100,0,1,2019-07-18 15:53,R_bIWcOa7frP6jfF3,,,,,48.44960022,-123.302597,test,,2,5,2,5,4,4,2,6,6,1,5,2,1,5,2,5,1,5,4,2,6,5,5,3,2,5,6,3,3,6,3,6
2019-07-18 15:53,2019-07-18 15:53,2,,100,0,1,2019-07-18 15:53,R_9piJcgQNXPlhx2J,,,,,48.44960022,-123.302597,test,,6,6,4,1,5,6,1,2,2,4,2,4,5,4,4,2,3,5,2,5,3,2,3,5,6,1,2,6,1,1,2,6
2019-07-18 15:53,2019-07-18 15:53,2,,100,0,1,2019-07-18 15:53,R_9BSTTiIpmeNGtTf,,,,,48.44960022,-123.302597,test,,1,5,1,3,1,2,3,4,4,4,4,4,5,5,5,1,6,1,5,5,1,6,5,4,1,4,6,5,1,1,5,4
2019-07-18 15:53,2019-07-18 15:53,2,,100,0,1,2019-07-18 15:53,R_4YJNfhOakCFZ0Rn,,,,,48.44960022,-123.302597,test,,1,2,5,3,3,3,5,6,4,1,5,3,2,6,6,1,3,4,3,2,5,4,6,5,5,4,3,3,1,5,6,3
2019-07-18 15:53,2019-07-18 15:53,2,,100,0,1,2019-07-18 15:53,R_3Qqz294imuPLiNT,,,,,48.44960022,-123.302597,test,,1,6,1,4,5,3,5,1,3,3,4,1,2,4,3,2,5,5,5,5,4,5,5,5,2,6,4,4,4,4,5,1
2019-07-18 15:53,2019-07-18 15:53,2,,100,0,1,2019-07-18 15:53,R_8ANQ3GGJgkWWEXr,,,,,48.44960022,-123.302597,test,,6,2,1,1,3,2,1,6,3,2,3,5,6,6,1,2,5,4,2,1,1,4,2,6,4,6,1,4,4,5,3,2
2019-07-18 15:53,2019-07-18 15:53,2,,100,0,1,2019-07-18 15:53,R_5sSZPAPPtrLGEWF,,,,,48.44960022,-123.302597,test,,5,1,4,4,2,5,4,1,1,1,5,6,5,2,2,3,3,3,4,4,1,1,4,3,3,5,1,5,5,2,3,1
2019-07-18 15:53,2019-07-18 15:53,2,,100,0,1,2019-07-18 15:53,R_3NSERcT8QOGUmbP,,,,,48.44960022,-123.302597,test,,1,3,5,1,1,5,1,2,1,6,1,2,4,4,3,4,5,5,3,3,5,4,1,6,1,4,5,1,2,3,4,2
2019-07-18 15:53,2019-07-18 15:53,2,,100,0,1,2019-07-18 15:53,R_4MIBiHcrNmC0q4l,,,,,48.44960022,-123.302597,test,,1,2,5,3,1,3,2,2,4,4,2,5,4,3,4,4,5,5,3,4,2,1,1,2,6,3,2,1,3,2,4,5
2019-07-18 15:53,2019-07-18 15:53,2,,100,0,1,2019-07-18 15:53,R_0B5I9rQHKUf2hjn,,,,,48.44960022,-123.302597,test,,6,2,6,3,6,2,1,2,4,5,2,6,1,5,4,6,3,3,3,5,2,1,4,5,2,6,6,2,6,2,1,5
2019-07-18 15:53,2019-07-18 15:53,2,,100,0,1,2019-07-18 15:53,R_9TDXNpa1GW86XR3,,,,,48.44960022,-123.302597,test,,2,4,3,1,2,6,4,2,1,5,1,6,2,4,2,4,5,3,3,1,6,1,1,3,6,1,2,2,2,2,2,6
2019-07-18 15:53,2019-07-18 15:53,2,,100,0,1,2019-07-18 15:53,R_bw8BVSuOLNSIJLv,,,,,48.44960022,-123.302597,test,,3,4,3,6,1,6,4,2,4,5,3,6,2,5,6,6,2,6,3,2,1,2,3,4,6,6,2,3,3,4,2,1
2019-07-18 15:53,2019-07-18 15:53,2,,100,0,1,2019-07-18 15:53,R_0HDhH7uEGAmOX8F,,,,,48.44960022,-123.302597,test,,3,6,3,6,3,4,1,2,2,2,3,1,2,3,4,6,4,2,5,1,3,5,6,6,4,3,5,3,5,2,6,1
2019-07-18 15:53,2019-07-18 15:53,2,,100,0,1,2019-07-18 15:53,R_0J3yHMogq4zuk9n,,,,,48.44960022,-123.302597,test,,5,1,2,1,1,2,1,3,2,6,5,6,3,4,4,2,4,2,6,5,5,6,5,5,6,5,3,4,4,6,3,3
2019-07-18 15:53,2019-07-18 15:53,2,,100,0,1,2019-07-18 15:53,R_50IQ2luG4NbMDSl,,,,,48.44960022,-123.302597,test,,2,1,1,2,1,6,6,1,6,6,1,3,2,1,2,3,5,6,4,2,4,2,3,3,3,4,6,6,5,6,6,1
2019-07-18 15:53,2019-07-18 15:53,2,,100,0,1,2019-07-18 15:53,R_1Nrgf5UznJ2roY5,,,,,48.44960022,-123.302597,test,,6,6,2,6,5,5,2,3,6,2,4,2,4,4,6,5,4,1,1,5,1,4,6,4,3,2,6,1,4,3,4,2
2019-07-18 15:53,2019-07-18 15:53,2,,100,0,1,2019-07-18 15:53,R_bdOAdAsEpIvMa21,,,,,48.44960022,-123.302597,test,,1,3,6,4,1,1,2,2,6,4,6,6,5,2,1,2,2,4,4,6,5,1,2,1,6,3,6,5,2,4,5,5
2019-07-18 15:53,2019-07-18 15:53,2,,100,0,1,2019-07-18 15:53,R_0GKQ9XbJkYvmG7X,,,,,48.44960022,-123.302597,test,,6,2,5,4,2,3,1,2,3,3,6,3,1,3,1,5,1,1,6,6,3,1,6,2,4,1,3,4,6,6,2,6
2019-07-18 15:53,2019-07-18 15:53,2,,100,0,1,2019-07-18 15:53,R_0k4bpytcIRcm1KZ,,,,,48.44960022,-123.302597,test,,2,4,5,5,2,5,6,6,5,4,2,1,5,1,5,1,3,1,3,2,2,1,1,2,5,2,2,5,3,4,1,6
2019-07-18 15:53,2019-07-18 15:53,2,,100,0,1,2019-07-18 15:53,R_72tERvUyySPtEd7,,,,,48.44960022,-123.302597,test,,1,3,2,5,1,5,5,3,6,2,3,3,6,2,2,4,2,5,4,3,4,5,4,6,4,3,2,5,1,3,3,5
2019-07-18 15:53,2019-07-18 15:53,2,,100,1,1,2019-07-18 15:53,R_23jRRgaxW6BPdf7,,,,,48.44960022,-123.302597,test,,3,4,6,6,1,3,1,1,6,6,3,5,1,2,3,6,5,1,3,4,2,3,1,6,1,6,4,4,1,2,2,3
2019-07-18 15:53,2019-07-18 15:53,2,,100,0,1,2019-07-18 15:53,R_1ZDFe4ApU2bVMNf,,,,,48.44960022,-123.302597,test,,3,4,2,2,6,3,5,5,6,4,1,3,4,4,5,4,5,2,4,2,3,4,3,3,2,6,2,5,2,6,5,5
2019-07-18 15:53,2019-07-18 15:53,2,,100,0,1,2019-07-18 15:53,R_0MrHzmfaL1cKRRX,,,,,48.44960022,-123.302597,test,,4,6,6,5,4,6,1,1,1,4,1,2,5,2,5,1,6,6,6,4,6,3,4,2,5,5,5,1,5,5,6,6
2019-07-18 15:53,2019-07-18 15:53,2,,100,0,1,2019-07-18 15:53,R_6Rs3NGgDUMsQgJf,,,,,48.44960022,-123.302597,test,,4,3,5,1,4,6,3,1,6,1,6,2,2,1,6,5,6,3,2,5,3,2,5,3,5,2,5,2,3,1,5,5
2019-07-18 15:53,2019-07-18 15:53,2,,100,0,1,2019-07-18 15:53,R_8CvtN2ZK0uwto4B,,,,,48.44960022,-123.302597,test,,4,1,1,3,3,3,1,3,5,5,4,3,6,3,4,5,3,1,3,4,3,6,6,1,4,6,6,5,1,3,3,2
2019-07-18 15:53,2019-07-18 15:53,2,,100,0,1,2019-07-18 15:53,R_bBl5PwuMZjmItDf,,,,,48.44960022,-123.302597,test,,5,2,4,4,1,3,6,1,6,2,6,4,3,5,1,6,6,2,6,3,6,2,3,5,4,1,4,3,5,4,4,4
2019-07-18 15:53,2019-07-18 15:53,2,,100,0,1,2019-07-18 15:53,R_6Jz0fkCUH7YUyuF,,,,,48.44960022,-123.302597,test,,1,3,3,6,6,1,1,4,4,2,4,6,6,2,5,4,2,3,4,4,4,1,2,1,2,2,1,1,4,5,5,5
2019-07-18 15:53,2019-07-18 15:53,2,,100,0,1,2019-07-18 15:53,R_8CdJY5envaWyDaZ,,,,,48.44960022,-123.302597,test,,3,4,2,2,1,4,1,3,1,2,1,6,2,2,3,4,5,1,3,2,3,1,2,1,6,3,6,5,1,5,2,3
2019-07-18 15:53,2019-07-18 15:53,2,,100,0,1,2019-07-18 15:53,R_0qgd77MFocPr4qx,,,,,48.44960022,-123.302597,test,,6,3,5,6,3,1,1,4,4,5,4,1,5,4,6,3,3,1,5,3,1,5,1,3,1,3,2,5,3,3,4,3
2019-07-18 15:53,2019-07-18 15:53,2,,100,0,1,2019-07-18 15:53,R_4JIzPTJWJz54SNf,,,,,48.44960022,-123.302597,test,,2,6,6,3,6,5,3,6,5,5,2,1,5,1,6,1,6,4,3,4,6,3,2,2,5,3,5,4,3,2,1,6
2019-07-18 15:53,2019-07-18 15:53,2,,100,0,1,2019-07-18 15:53,R_cGfaYIQRu6LFcIl,,,,,48.44960022,-123.302597,test,,4,4,2,4,1,6,1,3,6,2,1,2,1,6,3,1,1,5,4,3,6,4,2,1,2,3,2,1,5,3,5,3
2019-07-18 15:53,2019-07-18 15:53,2,,100,0,1,2019-07-18 15:53,R_erDTLL6YzSuTjCJ,,,,,48.44960022,-123.302597,test,,1,5,6,2,2,5,3,1,2,3,2,2,4,5,3,3,3,1,2,6,2,2,4,2,3,3,4,4,6,6,4,2
2019-07-18 15:53,2019-07-18 15:53,2,,100,0,1,2019-07-18 15:53,R_82eQIbe7fJKk9wh,,,,,48.44960022,-123.302597,test,,1,2,5,3,3,5,2,3,4,5,3,6,3,5,4,5,3,5,1,1,5,3,3,5,3,3,1,3,2,6,5,1
2019-07-18 15:53,2019-07-18 15:53,2,,100,0,1,2019-07-18 15:53,R_7UoZqF6GOxE1EGN,,,,,48.44960022,-123.302597,test,,6,4,6,1,3,6,4,5,2,6,5,6,5,2,3,3,1,4,2,4,3,6,5,5,6,5,5,6,6,6,1,1
2019-07-18 15:53,2019-07-18 15:53,2,,100,0,1,2019-07-18 15:53,R_eh7YKTbItojaiLb,,,,,48.44960022,-123.302597,test,,3,1,1,1,6,4,2,6,4,5,3,5,3,5,1,2,5,5,3,1,3,3,1,5,2,6,5,1,3,1,3,5
2019-07-18 15:53,2019-07-18 15:53,2,,100,0,1,2019-07-18 15:53,R_4UBxsakuJKYfvLL,,,,,48.44960022,-123.302597,test,,1,4,3,6,1,1,6,5,5,5,6,6,1,5,1,2,2,5,5,5,1,1,2,1,4,2,3,6,6,4,3,1
2019-07-18 15:53,2019-07-18 15:53,2,,100,0,1,2019-07-18 15:53,R_ddpg3DxBrYbRifz,,,,,48.44960022,-123.302597,test,,4,1,2,3,4,2,4,2,1,5,5,4,1,4,1,1,5,5,4,1,2,3,3,5,5,3,2,2,3,2,5,1
2019-07-18 15:53,2019-07-18 15:53,2,,100,0,1,2019-07-18 15:53,R_2mGHtITBf7LevqJ,,,,,48.44960022,-123.302597,test,,4,5,4,1,2,5,4,6,6,1,2,2,6,3,1,6,5,5,6,6,1,1,4,3,2,4,3,3,3,6,3,2
2019-07-18 15:53,2019-07-18 15:53,2,,100,0,1,2019-07-18 15:53,R_3mbwI6gsFdV29zn,,,,,48.44960022,-123.302597,test,,3,1,4,5,3,6,4,2,1,6,1,3,5,5,1,5,2,3,6,5,3,4,3,6,4,3,3,5,6,4,2,4
2019-07-18 15:53,2019-07-18 15:53,2,,100,0,1,2019-07-18 15:53,R_6SBT9pCVgaPYrbL,,,,,48.44960022,-123.302597,test,,1,1,6,5,2,4,5,1,5,4,5,4,6,3,1,1,4,1,4,5,6,4,5,3,4,4,1,2,1,6,1,4
2019-07-18 15:53,2019-07-18 15:53,2,,100,0,1,2019-07-18 15:53,R_bHMedhDTb7kga6p,,,,,48.44960022,-123.302597,test,,3,6,1,3,2,6,1,2,5,6,5,5,6,5,4,3,4,2,2,2,2,2,1,2,5,2,4,4,2,5,4,3
2019-07-18 15:53,2019-07-18 15:53,2,,100,0,1,2019-07-18 15:53,R_eh3Ub9HfYyHBgIB,,,,,48.44960022,-123.302597,test,,4,2,3,2,5,1,5,1,5,2,2,1,6,4,3,2,2,4,2,2,4,5,2,5,2,2,1,3,3,4,2,3
2019-07-18 15:53,2019-07-18 15:53,2,,100,0,1,2019-07-18 15:53,R_74HCB7CtnPjuYfz,,,,,48.44960022,-123.302597,test,,6,3,2,4,5,1,6,4,5,3,2,6,4,3,2,5,5,2,4,5,5,6,6,2,6,5,1,4,2,1,3,5
2019-07-18 15:53,2019-07-18 15:53,2,,100,0,1,2019-07-18 15:53,R_5tkue7gNdrqc4lf,,,,,48.44960022,-123.302597,test,,6,3,2,3,4,3,2,4,4,1,6,5,2,4,5,2,4,1,1,6,1,2,5,4,2,1,6,6,6,3,4,4
2019-07-18 15:53,2019-07-18 15:53,2,,100,0,1,2019-07-18 15:53,R_86ByFsPRncfibv7,,,,,48.44960022,-123.302597,test,,5,2,1,3,6,4,5,3,1,4,5,6,1,4,6,4,5,4,5,4,3,1,2,3,2,1,4,3,3,3,4,3
2019-07-18 15:53,2019-07-18 15:53,2,,100,0,1,2019-07-18 15:53,R_ekVESbdGjG24JaR,,,,,48.44960022,-123.302597,test,,4,4,6,5,1,3,1,5,5,2,3,3,4,1,3,3,1,1,2,6,5,3,2,2,2,2,1,1,1,1,6,4
2019-07-18 15:53,2019-07-18 15:53,2,,100,0,1,2019-07-18 15:53,R_9ABymRrnfnvnqjX,,,,,48.44960022,-123.302597,test,,5,4,6,6,3,1,3,3,5,3,3,4,5,3,1,6,4,4,3,1,3,1,2,2,3,6,2,2,5,5,1,3
2019-07-18 15:53,2019-07-18 15:53,2,,100,0,1,2019-07-18 15:53,R_40cOXCDQP0Bb10p,,,,,48.44960022,-123.302597,test,,3,6,5,6,6,6,6,2,6,4,1,5,2,2,2,5,3,1,4,5,6,6,6,5,4,2,3,5,6,3,1,1
2019-07-18 15:53,2019-07-18 15:53,2,,100,0,1,2019-07-18 15:53,R_54oYe39CoSZkyZn,,,,,48.44960022,-123.302597,test,,1,2,4,1,5,4,4,4,2,2,3,5,1,6,1,6,2,1,1,3,1,5,6,1,2,5,3,4,1,6,4,1
2019-07-18 15:53,2019-07-18 15:53,2,,100,0,1,2019-07-18 15:53,R_6J2VTRG1l6Pb0wZ,,,,,48.44960022,-123.302597,test,,4,4,1,1,6,4,5,6,3,2,1,5,1,4,4,5,4,5,2,5,4,6,5,5,1,4,3,4,3,4,6,6
2019-07-18 15:53,2019-07-18 15:53,2,,100,0,1,2019-07-18 15:53,R_7QUhf1JtvXYhtSR,,,,,48.44960022,-123.302597,test,,6,5,5,5,3,1,5,1,2,3,2,1,5,1,3,3,2,2,6,2,1,4,1,6,2,5,3,5,3,2,6,4
2019-07-18 15:53,2019-07-18 15:53,2,,100,0,1,2019-07-18 15:53,R_79cY9L1CzBjPtf7,,,,,48.44960022,-123.302597,test,,1,2,5,4,6,4,6,1,2,4,2,1,6,1,5,2,2,2,6,2,5,6,4,4,2,6,1,2,6,3,1,4
2019-07-18 15:53,2019-07-18 15:53,2,,100,0,1,2019-07-18 15:53,R_72PACnknYIt8lJb,,,,,48.44960022,-123.302597,test,,3,6,5,6,6,1,6,4,4,2,6,3,6,4,1,4,4,4,5,1,6,4,4,1,6,1,2,2,5,2,3,3
2019-07-18 15:53,2019-07-18 15:53,2,,100,0,1,2019-07-18 15:53,R_4NpbFwkA2vloZzT,,,,,48.44960022,-123.302597,test,,5,6,6,4,4,4,1,5,6,4,2,5,3,4,3,4,6,1,3,1,2,4,6,1,1,6,1,6,4,1,6,1
2019-07-18 15:53,2019-07-18 15:53,2,,100,0,1,2019-07-18 15:53,R_3OuvkNZOB5mkN2R,,,,,48.44960022,-123.302597,test,,4,5,6,4,5,4,1,5,6,3,5,3,5,4,2,1,4,1,2,2,2,3,1,3,1,3,6,2,6,4,5,2