StartDate,EndDate,Status,IPAddress,Progress,Duration (in seconds),Finished,RecordedDate,ResponseId,RecipientLastName,RecipientFirstName,RecipientEmail,ExternalReference,LocationLatitude,LocationLongitude,DistributionChannel,UserLanguage,sesi1,sesi2,sesi3,sesi4,sesi5,sesi6,sesi7,sesi8,sesi9,sesi10,sesi11,sesi12,sesi13,sesi14
2019-07-12 8:49,2019-07-12 8:49,2,,100,0,1,2019-07-12 8:49,R_4MfoDS6m9pjGA9n,,,,,48.4992981,-123.4002991,test,,4,4,4,2,1,2,2,1,1,4,4,3,1,1
2019-07-12 8:49,2019-07-12 8:49,2,,100,0,1,2019-07-12 8:49,R_afSvK03VmmQkkrr,,,,,48.4992981,-123.4002991,test,,3,1,2,2,4,3,3,4,3,1,3,4,4,1
2019-07-12 8:49,2019-07-12 8:49,2,,100,0,1,2019-07-12 8:49,R_9tSNDEElmOlJAYl,,,,,48.4992981,-123.4002991,test,,4,2,4,2,4,2,1,2,2,2,2,4,4,1
2019-07-12 8:49,2019-07-12 8:49,2,,100,0,1,2019-07-12 8:49,R_24vsImxCMCDunjv,,,,,48.4992981,-123.4002991,test,,4,3,1,3,1,3,4,3,2,1,1,4,2,2
2019-07-12 8:49,2019-07-12 8:49,2,,100,0,1,2019-07-12 8:49,R_af05ikvUWpqEIL3,,,,,48.4992981,-123.4002991,test,,1,3,4,4,4,4,3,1,1,1,1,4,2,2
2019-07-12 8:49,2019-07-12 8:49,2,,100,0,1,2019-07-12 8:49,R_bdqiFGMxKAZnGn3,,,,,48.4992981,-123.4002991,test,,1,2,2,3,1,2,4,2,3,3,3,3,2,3
2019-07-12 8:49,2019-07-12 8:49,2,,100,0,1,2019-07-12 8:49,R_3fJUDLLIuzBa6HP,,,,,48.4992981,-123.4002991,test,,1,2,1,4,3,4,4,2,4,3,2,2,4,1
2019-07-12 8:49,2019-07-12 8:49,2,,100,0,1,2019-07-12 8:49,R_3CMDc1yJXJfq8oB,,,,,48.4992981,-123.4002991,test,,1,2,3,4,1,1,1,4,4,3,1,4,2,1
2019-07-12 8:49,2019-07-12 8:49,2,,100,0,1,2019-07-12 8:49,R_6fHWEXg7bxF0lfL,,,,,48.4992981,-123.4002991,test,,1,2,2,1,1,2,4,1,4,2,2,2,2,3
2019-07-12 8:49,2019-07-12 8:49,2,,100,0,1,2019-07-12 8:49,R_7Uq8GkeTnN5kU0B,,,,,48.4992981,-123.4002991,test,,1,1,4,3,1,1,4,3,3,3,3,4,2,2
2019-07-12 8:49,2019-07-12 8:49,2,,100,0,1,2019-07-12 8:49,R_5aTN0P64hnNS8Nn,,,,,48.4992981,-123.4002991,test,,2,2,2,2,2,1,2,2,4,3,2,2,4,4
2019-07-12 8:49,2019-07-12 8:49,2,,100,0,1,2019-07-12 8:49,R_dgldNyRdCUJfHQV,,,,,48.4992981,-123.4002991,test,,2,3,3,1,2,3,1,4,3,4,1,2,1,4
2019-07-12 8:50,2019-07-12 8:50,2,,100,0,1,2019-07-12 8:50,R_03tFEIG2aXAyLEp,,,,,48.4992981,-123.4002991,test,,1,1,2,2,3,2,1,2,2,2,1,2,2,2
2019-07-12 8:50,2019-07-12 8:50,2,,100,0,1,2019-07-12 8:50,R_8iEvAzBriU5t8lT,,,,,48.4992981,-123.4002991,test,,3,2,4,1,1,2,2,4,4,4,4,2,3,1
2019-07-12 8:50,2019-07-12 8:50,2,,100,0,1,2019-07-12 8:50,R_bjgvSxzqHmXm7A1,,,,,48.4992981,-123.4002991,test,,2,3,1,3,1,2,3,1,1,4,4,1,4,3
2019-07-12 8:50,2019-07-12 8:50,2,,100,0,1,2019-07-12 8:50,R_5hFgSFLHbg5gNJr,,,,,48.4992981,-123.4002991,test,,3,4,1,3,3,3,4,1,2,1,4,3,2,4
2019-07-12 8:50,2019-07-12 8:50,2,,100,0,1,2019-07-12 8:50,R_8udpYgM8ScsuseN,,,,,48.4992981,-123.4002991,test,,3,2,4,4,4,2,3,2,4,4,1,4,2,4
2019-07-12 8:50,2019-07-12 8:50,2,,100,0,1,2019-07-12 8:50,R_9WxxuMEiQpxKEId,,,,,48.4992981,-123.4002991,test,,4,1,2,1,3,3,2,2,3,2,2,3,3,4
2019-07-12 8:50,2019-07-12 8:50,2,,100,0,1,2019-07-12 8:50,R_e3cFTuGUHtwCuPj,,,,,48.4992981,-123.4002991,test,,2,1,2,3,2,4,2,2,4,2,3,4,2,3
2019-07-12 8:50,2019-07-12 8:50,2,,100,0,1,2019-07-12 8:50,R_5uoQWLaP88gc5vv,,,,,48.4992981,-123.4002991,test,,4,4,2,4,4,2,2,2,4,2,1,4,1,2
2019-07-12 8:50,2019-07-12 8:50,2,,100,0,1,2019-07-12 8:50,R_bPc6ZuV9kVMAzBj,,,,,48.4992981,-123.4002991,test,,2,1,3,4,3,3,4,2,1,2,1,1,4,1
2019-07-12 8:50,2019-07-12 8:50,2,,100,0,1,2019-07-12 8:50,R_8wdYt2TjmApDNtP,,,,,48.4992981,-123.4002991,test,,1,3,1,2,4,2,2,4,3,2,1,2,3,1
2019-07-12 8:50,2019-07-12 8:50,2,,100,0,1,2019-07-12 8:50,R_dbOhgjM7s9ehzDv,,,,,48.4992981,-123.4002991,test,,1,2,3,4,4,1,4,4,4,3,1,1,4,3
2019-07-12 8:50,2019-07-12 8:50,2,,100,0,1,2019-07-12 8:50,R_dolwsbQaMex1yND,,,,,48.4992981,-123.4002991,test,,1,2,2,2,1,2,3,4,2,4,4,3,1,1
2019-07-12 8:50,2019-07-12 8:50,2,,100,0,1,2019-07-12 8:50,R_ea1IcfE9BiW3zhz,,,,,48.4992981,-123.4002991,test,,2,1,2,1,3,2,1,2,4,3,3,4,3,1
2019-07-12 8:50,2019-07-12 8:50,2,,100,0,1,2019-07-12 8:50,R_00MFYViMxNe0vGJ,,,,,48.4992981,-123.4002991,test,,1,1,2,1,2,1,1,3,1,4,1,3,4,3
2019-07-12 8:50,2019-07-12 8:50,2,,100,0,1,2019-07-12 8:50,R_3sfRCTvSzgICw8l,,,,,48.4992981,-123.4002991,test,,4,2,3,3,2,2,2,2,3,4,1,1,1,1
2019-07-12 8:50,2019-07-12 8:50,2,,100,0,1,2019-07-12 8:50,R_0wUJMhN1elWvOBf,,,,,48.4992981,-123.4002991,test,,4,2,2,1,2,1,1,3,1,4,1,4,2,1
2019-07-12 8:50,2019-07-12 8:50,2,,100,0,1,2019-07-12 8:50,R_070JQURL4EtyjlP,,,,,48.4992981,-123.4002991,test,,4,1,4,3,1,3,4,2,2,3,4,2,2,1
2019-07-12 8:50,2019-07-12 8:50,2,,100,0,1,2019-07-12 8:50,R_9t7MaExIYrDmrt3,,,,,48.4992981,-123.4002991,test,,2,2,2,2,3,4,1,3,2,2,3,2,2,4
2019-07-12 8:50,2019-07-12 8:50,2,,100,0,1,2019-07-12 8:50,R_6Lr1Ev1FfZ39AQB,,,,,48.4992981,-123.4002991,test,,1,1,3,2,4,3,1,1,3,1,4,2,4,1
2019-07-12 8:50,2019-07-12 8:50,2,,100,0,1,2019-07-12 8:50,R_a5Z3BXZO4GUBt1b,,,,,48.4992981,-123.4002991,test,,1,2,1,4,4,1,3,3,1,1,3,2,1,2
2019-07-12 8:50,2019-07-12 8:50,2,,100,0,1,2019-07-12 8:50,R_5jw4mlMls9cJlfD,,,,,48.4992981,-123.4002991,test,,4,4,1,2,1,1,2,1,1,3,1,3,2,2
2019-07-12 8:50,2019-07-12 8:50,2,,100,0,1,2019-07-12 8:50,R_5iDOXdoKi7dIAxT,,,,,48.4992981,-123.4002991,test,,1,3,1,4,4,1,3,4,2,3,2,4,4,3
2019-07-12 8:50,2019-07-12 8:50,2,,100,0,1,2019-07-12 8:50,R_39Ho4HoQQkxvbkV,,,,,48.4992981,-123.4002991,test,,2,2,2,4,4,2,4,4,3,4,3,1,3,2
2019-07-12 8:50,2019-07-12 8:50,2,,100,0,1,2019-07-12 8:50,R_0UjuIqW9VaflI1v,,,,,48.4992981,-123.4002991,test,,3,4,1,4,1,2,4,2,3,2,1,2,1,3
2019-07-12 8:50,2019-07-12 8:50,2,,100,0,1,2019-07-12 8:50,R_4VN2tmmy7GRQyS9,,,,,48.4992981,-123.4002991,test,,3,3,2,3,1,3,3,4,4,2,2,1,4,3
2019-07-12 8:50,2019-07-12 8:50,2,,100,0,1,2019-07-12 8:50,R_6D63GRlTljBcH3v,,,,,48.4992981,-123.4002991,test,,4,2,2,1,2,4,4,3,3,3,2,3,2,1
2019-07-12 8:50,2019-07-12 8:50,2,,100,0,1,2019-07-12 8:50,R_3WPATj20ZQ7GuHj,,,,,48.4992981,-123.4002991,test,,4,4,3,1,2,1,4,3,3,2,2,3,4,2
2019-07-12 8:50,2019-07-12 8:50,2,,100,0,1,2019-07-12 8:50,R_0rmKTM7iMQ4etp3,,,,,48.4992981,-123.4002991,test,,3,1,3,2,4,4,1,1,3,4,3,1,1,1
2019-07-12 8:50,2019-07-12 8:50,2,,100,0,1,2019-07-12 8:50,R_5dr8xz49zjQ4rXv,,,,,48.4992981,-123.4002991,test,,4,1,2,2,3,2,1,4,4,1,2,4,2,1
2019-07-12 8:50,2019-07-12 8:50,2,,100,0,1,2019-07-12 8:50,R_d5MQOHkc5HJpI57,,,,,48.4992981,-123.4002991,test,,3,3,1,3,4,2,3,4,1,1,4,1,3,1
2019-07-12 8:50,2019-07-12 8:50,2,,100,0,1,2019-07-12 8:50,R_7UtsXlU4yjMjA33,,,,,48.4992981,-123.4002991,test,,1,4,2,2,4,3,2,2,3,1,3,1,3,4
2019-07-12 8:50,2019-07-12 8:50,2,,100,0,1,2019-07-12 8:50,R_ekPaw3GJiqAiaWN,,,,,48.4992981,-123.4002991,test,,4,1,1,3,1,1,4,4,1,4,3,2,1,2
2019-07-12 8:50,2019-07-12 8:50,2,,100,0,1,2019-07-12 8:50,R_bEfWh1WBaP3jSnP,,,,,48.4992981,-123.4002991,test,,1,2,4,3,2,1,4,2,4,2,2,1,1,3
2019-07-12 8:50,2019-07-12 8:50,2,,100,0,1,2019-07-12 8:50,R_9NU7EpHE0YElPYF,,,,,48.4992981,-123.4002991,test,,4,4,4,2,3,1,4,2,3,4,1,4,4,1
2019-07-12 8:50,2019-07-12 8:50,2,,100,0,1,2019-07-12 8:50,R_6Kbq0FIu9NOEbzL,,,,,48.4992981,-123.4002991,test,,4,2,2,2,2,2,2,2,1,2,3,1,1,4
2019-07-12 8:50,2019-07-12 8:50,2,,100,0,1,2019-07-12 8:50,R_8vrcCazn8SItzUx,,,,,48.4992981,-123.4002991,test,,1,2,3,1,2,1,3,2,1,4,1,3,2,3
2019-07-12 8:50,2019-07-12 8:50,2,,100,0,1,2019-07-12 8:50,R_bwORINyCoCmWDTn,,,,,48.4992981,-123.4002991,test,,4,3,2,4,3,2,1,2,2,1,3,4,3,4
2019-07-12 8:50,2019-07-12 8:50,2,,100,0,1,2019-07-12 8:50,R_7V8mT552FCG6m2h,,,,,48.4992981,-123.4002991,test,,1,1,4,3,2,2,2,3,3,1,4,3,1,3
2019-07-12 8:50,2019-07-12 8:50,2,,100,0,1,2019-07-12 8:50,R_9B6Z2g0x7hRCilT,,,,,48.4992981,-123.4002991,test,,1,2,3,1,2,2,2,2,4,3,4,1,2,3
2019-07-12 8:50,2019-07-12 8:50,2,,100,0,1,2019-07-12 8:50,R_8fgHrs3EzvOfkJn,,,,,48.4992981,-123.4002991,test,,1,1,3,3,1,1,3,4,4,1,4,3,4,3
2019-07-12 8:50,2019-07-12 8:50,2,,100,0,1,2019-07-12 8:50,R_7UJOSa81z8pNLbD,,,,,48.4992981,-123.4002991,test,,1,1,4,4,1,1,1,3,1,2,1,4,3,3
2019-07-12 8:50,2019-07-12 8:50,2,,100,0,1,2019-07-12 8:50,R_bIobCy1ffZFf0pf,,,,,48.4992981,-123.4002991,test,,1,2,1,4,2,4,2,3,4,1,1,2,2,4
2019-07-12 8:50,2019-07-12 8:50,2,,100,0,1,2019-07-12 8:50,R_2o7YsjJbfhZAEPb,,,,,48.4992981,-123.4002991,test,,3,4,2,3,2,4,3,2,2,1,1,1,4,1
2019-07-12 8:50,2019-07-12 8:50,2,,100,0,1,2019-07-12 8:50,R_9pKniBbicAn127P,,,,,48.4992981,-123.4002991,test,,1,4,2,3,3,3,1,2,1,4,3,4,3,2
2019-07-12 8:50,2019-07-12 8:50,2,,100,0,1,2019-07-12 8:50,R_0DKW6v87jiAzIJn,,,,,48.4992981,-123.4002991,test,,1,2,2,2,2,4,4,2,3,1,3,2,3,4
2019-07-12 8:50,2019-07-12 8:50,2,,100,0,1,2019-07-12 8:50,R_0jJJ1kQwzGJLtmR,,,,,48.4992981,-123.4002991,test,,3,4,1,3,3,3,2,1,1,4,1,1,2,1
2019-07-12 8:50,2019-07-12 8:50,2,,100,0,1,2019-07-12 8:50,R_9ENekFalh19DlmR,,,,,48.4992981,-123.4002991,test,,1,1,3,3,4,2,1,1,3,4,1,2,2,2
2019-07-12 8:50,2019-07-12 8:50,2,,100,0,1,2019-07-12 8:50,R_exKKb5aGVL7ed9j,,,,,48.4992981,-123.4002991,test,,2,3,2,3,3,4,4,2,2,3,3,1,1,3
2019-07-12 8:50,2019-07-12 8:50,2,,100,0,1,2019-07-12 8:50,R_3rSo2Ira65xaTqd,,,,,48.4992981,-123.4002991,test,,2,4,2,3,1,3,3,4,3,2,3,4,2,4
2019-07-12 8:50,2019-07-12 8:50,2,,100,0,1,2019-07-12 8:50,R_1KUW0XelmsS4fbL,,,,,48.4992981,-123.4002991,test,,3,4,2,1,3,2,3,4,2,2,3,1,2,3
2019-07-12 8:50,2019-07-12 8:50,2,,100,0,1,2019-07-12 8:50,R_3WQz4561QPYUQol,,,,,48.4992981,-123.4002991,test,,1,1,4,3,2,2,4,2,2,4,2,3,4,3
2019-07-12 8:50,2019-07-12 8:50,2,,100,0,1,2019-07-12 8:50,R_6RkLJkVgPYJQd0N,,,,,48.4992981,-123.4002991,test,,4,1,3,2,1,4,4,2,4,4,4,2,2,2
2019-07-12 8:50,2019-07-12 8:50,2,,100,0,1,2019-07-12 8:50,R_298avt7fmloOlBX,,,,,48.4992981,-123.4002991,test,,3,4,2,4,1,3,1,4,3,1,3,3,3,1
2019-07-12 8:50,2019-07-12 8:50,2,,100,0,1,2019-07-12 8:50,R_3syqUDE5YH42P77,,,,,48.4992981,-123.4002991,test,,2,3,4,4,2,2,4,2,2,4,2,2,4,1
2019-07-12 8:50,2019-07-12 8:50,2,,100,1,1,2019-07-12 8:50,R_dcBkX3TInuJYc2V,,,,,48.4992981,-123.4002991,test,,3,3,4,4,2,2,1,4,4,3,4,3,2,1
2019-07-12 8:50,2019-07-12 8:50,2,,100,0,1,2019-07-12 8:50,R_6gowlherU8wb16R,,,,,48.4992981,-123.4002991,test,,2,4,3,1,4,4,4,2,3,2,2,4,2,2
2019-07-12 8:50,2019-07-12 8:50,2,,100,0,1,2019-07-12 8:50,R_djnn4VH7pJa68pn,,,,,48.4992981,-123.4002991,test,,3,1,1,2,2,4,4,4,3,4,3,2,3,3
2019-07-12 8:50,2019-07-12 8:50,2,,100,0,1,2019-07-12 8:50,R_emQLYIw7s7lGDiZ,,,,,48.4992981,-123.4002991,test,,3,4,1,3,3,2,1,1,3,3,2,4,3,4
2019-07-12 8:50,2019-07-12 8:50,2,,100,0,1,2019-07-12 8:50,R_eWhN5v0xgAOyvOJ,,,,,48.4992981,-123.4002991,test,,1,2,3,4,3,3,2,3,3,1,3,4,3,2
2019-07-12 8:50,2019-07-12 8:50,2,,100,0,1,2019-07-12 8:50,R_eXKsxN6WcJcZ02x,,,,,48.4992981,-123.4002991,test,,2,3,2,4,2,2,1,4,2,1,1,3,1,4
2019-07-12 8:50,2019-07-12 8:50,2,,100,0,1,2019-07-12 8:50,R_5hvhx3U2IepQO7H,,,,,48.4992981,-123.4002991,test,,2,1,2,2,1,3,1,2,4,1,3,2,1,1
2019-07-12 8:50,2019-07-12 8:50,2,,100,0,1,2019-07-12 8:50,R_9MrwmydwVEGMCR7,,,,,48.4992981,-123.4002991,test,,3,4,4,1,3,3,3,2,3,3,3,4,2,2
2019-07-12 8:50,2019-07-12 8:50,2,,100,0,1,2019-07-12 8:50,R_cToyTUbTK6oTEtD,,,,,48.4992981,-123.4002991,test,,1,4,3,1,2,2,4,4,1,2,2,2,3,4
2019-07-12 8:50,2019-07-12 8:50,2,,100,0,1,2019-07-12 8:50,R_cwN4ThYwEnJHaBv,,,,,48.4992981,-123.4002991,test,,3,4,1,3,3,1,2,2,2,2,2,1,3,2
2019-07-12 8:50,2019-07-12 8:50,2,,100,0,1,2019-07-12 8:50,R_88qplHVgykO0iih,,,,,48.4992981,-123.4002991,test,,1,1,1,2,2,1,1,3,2,2,4,1,1,1
2019-07-12 8:50,2019-07-12 8:50,2,,100,0,1,2019-07-12 8:50,R_dd4G22uytQqgGCp,,,,,48.4992981,-123.4002991,test,,2,4,2,3,4,1,3,1,3,2,1,4,3,4
2019-07-12 8:50,2019-07-12 8:50,2,,100,0,1,2019-07-12 8:50,R_bfNNjvEnjlyVLSd,,,,,48.4992981,-123.4002991,test,,1,4,4,3,4,3,2,4,1,3,1,1,2,4
2019-07-12 8:50,2019-07-12 8:50,2,,100,0,1,2019-07-12 8:50,R_7NIO5lm8S2T6THf,,,,,48.4992981,-123.4002991,test,,1,1,1,3,2,1,3,2,3,4,4,2,2,2
2019-07-12 8:50,2019-07-12 8:50,2,,100,0,1,2019-07-12 8:50,R_eyWcPcFZ7CKlP1j,,,,,48.4992981,-123.4002991,test,,4,1,3,3,3,2,1,1,4,3,1,4,3,1
2019-07-12 8:50,2019-07-12 8:50,2,,100,0,1,2019-07-12 8:50,R_6SxT0yYgl6vNsXP,,,,,48.4992981,-123.4002991,test,,1,1,2,3,4,4,3,2,2,1,2,4,3,4
2019-07-12 8:50,2019-07-12 8:50,2,,100,0,1,2019-07-12 8:50,R_6WPO3XF0TjX5zi5,,,,,48.4992981,-123.4002991,test,,2,1,3,2,1,1,2,1,1,2,2,2,2,4
2019-07-12 8:50,2019-07-12 8:50,2,,100,0,1,2019-07-12 8:50,R_ezViksQHrq3QeNL,,,,,48.4992981,-123.4002991,test,,1,3,4,2,4,4,1,2,1,1,3,3,2,1
2019-07-12 8:50,2019-07-12 8:50,2,,100,0,1,2019-07-12 8:50,R_7WDS85y3ztke817,,,,,48.4992981,-123.4002991,test,,2,1,3,4,1,2,1,3,2,3,2,4,4,3
2019-07-12 8:50,2019-07-12 8:50,2,,100,1,1,2019-07-12 8:50,R_2rCNQCOCOt1ozWd,,,,,48.4992981,-123.4002991,test,,4,3,1,3,3,2,3,4,4,4,2,1,4,4
2019-07-12 8:50,2019-07-12 8:50,2,,100,0,1,2019-07-12 8:50,R_2fbluMZyvgadD13,,,,,48.4992981,-123.4002991,test,,4,2,2,2,1,4,4,3,3,1,2,3,2,4
2019-07-12 8:50,2019-07-12 8:50,2,,100,0,1,2019-07-12 8:50,R_cMWANZFmu6r4b5z,,,,,48.4992981,-123.4002991,test,,2,2,4,4,3,2,1,2,2,1,1,3,3,1
2019-07-12 8:50,2019-07-12 8:50,2,,100,0,1,2019-07-12 8:50,R_8rnUM7pDKrktDpP,,,,,48.4992981,-123.4002991,test,,3,4,4,4,3,3,1,2,2,2,1,1,4,2
2019-07-12 8:50,2019-07-12 8:50,2,,100,0,1,2019-07-12 8:50,R_6LFs5dT7VwltYrP,,,,,48.4992981,-123.4002991,test,,1,4,1,2,4,3,2,3,2,3,3,2,4,3
2019-07-12 8:50,2019-07-12 8:50,2,,100,0,1,2019-07-12 8:50,R_8JjXsrIDEQnsp3D,,,,,48.4992981,-123.4002991,test,,1,1,4,3,2,2,4,2,3,1,3,4,2,1
2019-07-12 8:50,2019-07-12 8:50,2,,100,0,1,2019-07-12 8:50,R_1T6UOOUkdwNEBhj,,,,,48.4992981,-123.4002991,test,,2,4,3,4,2,4,2,1,4,2,2,4,3,2
2019-07-12 8:50,2019-07-12 8:50,2,,100,0,1,2019-07-12 8:50,R_cuAchKcZqOFf9sh,,,,,48.4992981,-123.4002991,test,,1,3,3,4,1,2,1,4,1,3,4,4,1,1
2019-07-12 8:50,2019-07-12 8:50,2,,100,0,1,2019-07-12 8:50,R_9mcUdif3JZZODfT,,,,,48.4992981,-123.4002991,test,,4,3,3,1,2,1,1,2,2,2,1,4,3,2
2019-07-12 8:50,2019-07-12 8:50,2,,100,0,1,2019-07-12 8:50,R_bQ4aEpeDysTEGPz,,,,,48.4992981,-123.4002991,test,,4,1,2,3,1,1,1,1,2,4,2,4,2,2
2019-07-12 8:50,2019-07-12 8:50,2,,100,0,1,2019-07-12 8:50,R_9RG3AMBHDiwjzg1,,,,,48.4992981,-123.4002991,test,,4,4,2,3,3,2,4,3,4,3,4,1,3,3
2019-07-12 8:50,2019-07-12 8:50,2,,100,0,1,2019-07-12 8:50,R_6KcN8LujpBUhE0t,,,,,48.4992981,-123.4002991,test,,2,4,4,4,3,3,1,1,1,2,2,1,2,1
2019-07-12 8:50,2019-07-12 8:50,2,,100,0,1,2019-07-12 8:50,R_abfJn8LMYJWDRtP,,,,,48.4992981,-123.4002991,test,,2,4,1,2,2,2,1,2,2,1,2,2,2,3
2019-07-12 8:50,2019-07-12 8:50,2,,100,0,1,2019-07-12 8:50,R_5yHYVDBeJIUAfD7,,,,,48.4992981,-123.4002991,test,,4,2,1,1,4,1,4,3,1,2,4,3,4,4
2019-07-12 8:50,2019-07-12 8:50,2,,100,0,1,2019-07-12 8:50,R_af5I5Ck6YHaI2c5,,,,,48.4992981,-123.4002991,test,,3,3,2,4,3,2,1,2,1,3,1,4,3,2
2019-07-12 8:50,2019-07-12 8:50,2,,100,1,1,2019-07-12 8:50,R_9B9xDkoIJFCQNWB,,,,,48.4992981,-123.4002991,test,,2,4,3,4,4,3,4,2,1,2,3,2,1,4
2019-07-12 8:50,2019-07-12 8:50,2,,100,0,1,2019-07-12 8:50,R_0CiKm683iSPseFv,,,,,48.4992981,-123.4002991,test,,2,2,1,3,3,2,2,4,2,4,1,3,4,1
2019-07-12 8:50,2019-07-12 8:50,2,,100,0,1,2019-07-12 8:50,R_0vVbihrhSRryfvn,,,,,48.4992981,-123.4002991,test,,4,3,1,1,2,1,4,2,1,2,3,1,4,3
2019-07-12 8:50,2019-07-12 8:50,2,,100,0,1,2019-07-12 8:50,R_0iBrRIAz5B1rMbj,,,,,48.4992981,-123.4002991,test,,3,4,1,2,3,4,4,4,2,3,4,2,1,1
2019-07-12 8:50,2019-07-12 8:50,2,,100,0,1,2019-07-12 8:50,R_8tOAuM0ptalsA1n,,,,,48.4992981,-123.4002991,test,,4,2,2,4,4,4,4,4,4,2,4,4,2,1
2019-07-12 8:50,2019-07-12 8:50,2,,100,0,1,2019-07-12 8:50,R_88Ja10towDdkHk1,,,,,48.4992981,-123.4002991,test,,2,3,1,1,4,3,1,4,4,3,3,3,1,2
2019-07-12 8:50,2019-07-12 8:50,2,,100,0,1,2019-07-12 8:50,R_0eb4HIpn8vg9zVz,,,,,48.4992981,-123.4002991,test,,3,2,4,2,4,2,4,2,2,3,3,2,1,1
2019-07-12 8:50,2019-07-12 8:50,2,,100,0,1,2019-07-12 8:50,R_eQzklorSkEya8st,,,,,48.4992981,-123.4002991,test,,1,1,3,3,3,2,3,1,1,2,4,1,1,3
2019-07-12 8:50,2019-07-12 8:50,2,,100,0,1,2019-07-12 8:50,R_86bazO6Nh0G7f1P,,,,,48.4992981,-123.4002991,test,,2,2,2,3,4,2,4,3,3,1,2,3,1,4
2019-07-12 8:50,2019-07-12 8:50,2,,100,0,1,2019-07-12 8:50,R_6gqRGJMknSoqN5H,,,,,48.4992981,-123.4002991,test,,3,3,1,1,3,1,2,3,1,4,2,1,2,4
2019-07-12 8:50,2019-07-12 8:50,2,,100,0,1,2019-07-12 8:50,R_a60lZTMOuc74PnD,,,,,48.4992981,-123.4002991,test,,3,1,4,2,2,3,1,1,1,1,2,1,4,2
2019-07-12 8:50,2019-07-12 8:50,2,,100,0,1,2019-07-12 8:50,R_8vxdwtJ5X70TUhL,,,,,48.4992981,-123.4002991,test,,1,4,2,4,3,2,1,3,1,2,2,1,3,4
2019-07-12 8:50,2019-07-12 8:50,2,,100,0,1,2019-07-12 8:50,R_6kU2QoXJNQLCXsx,,,,,48.4992981,-123.4002991,test,,2,4,4,3,4,1,1,3,2,1,4,2,3,2
2019-07-12 8:50,2019-07-12 8:50,2,,100,0,1,2019-07-12 8:50,R_bJIeztrlf5ywDXL,,,,,48.4992981,-123.4002991,test,,3,4,1,2,3,4,4,3,4,2,2,1,1,4
2019-07-12 8:50,2019-07-12 8:50,2,,100,0,1,2019-07-12 8:50,R_81im9qXBgwkNDVP,,,,,48.4992981,-123.4002991,test,,4,3,1,1,1,2,1,3,4,3,4,1,3,1
2019-07-12 8:50,2019-07-12 8:50,2,,100,0,1,2019-07-12 8:50,R_3Od1wtzg40R1vBr,,,,,48.4992981,-123.4002991,test,,1,2,1,3,3,4,3,4,4,4,1,3,2,4
2019-07-12 8:50,2019-07-12 8:50,2,,100,0,1,2019-07-12 8:50,R_0v3A3aII4ieIm0Z,,,,,48.4992981,-123.4002991,test,,2,2,4,4,2,2,1,4,2,1,2,4,1,4
2019-07-12 8:50,2019-07-12 8:50,2,,100,0,1,2019-07-12 8:50,R_0k3xRg0mfWcUZ9P,,,,,48.4992981,-123.4002991,test,,4,2,4,1,3,4,4,2,3,3,4,1,1,3
2019-07-12 8:50,2019-07-12 8:50,2,,100,0,1,2019-07-12 8:50,R_2338npKlz4Afpsx,,,,,48.4992981,-123.4002991,test,,4,4,2,1,3,3,1,4,4,1,1,3,4,3
2019-07-12 8:50,2019-07-12 8:50,2,,100,0,1,2019-07-12 8:50,R_dmy4vDCeuWa5Q5n,,,,,48.4992981,-123.4002991,test,,2,2,4,4,2,3,1,2,1,4,2,4,4,1
2019-07-12 8:50,2019-07-12 8:50,2,,100,0,1,2019-07-12 8:50,R_3PFYfJm2jNjIB7v,,,,,48.4992981,-123.4002991,test,,3,1,2,2,2,4,4,4,3,3,3,3,4,4
2019-07-12 8:50,2019-07-12 8:50,2,,100,0,1,2019-07-12 8:50,R_4OYJk5MnlPE14gd,,,,,48.4992981,-123.4002991,test,,1,4,1,1,3,1,3,1,2,3,2,4,2,1
2019-07-12 8:50,2019-07-12 8:50,2,,100,0,1,2019-07-12 8:50,R_6z1lEY7rgPa7NHv,,,,,48.4992981,-123.4002991,test,,1,4,3,3,1,4,2,2,4,4,4,4,3,1
2019-07-12 8:50,2019-07-12 8:50,2,,100,0,1,2019-07-12 8:50,R_6rsyaOn5jLj18K9,,,,,48.4992981,-123.4002991,test,,2,3,1,4,4,1,1,4,3,1,3,3,2,1
2019-07-12 8:50,2019-07-12 8:50,2,,100,0,1,2019-07-12 8:50,R_a91wVbAApb8eMtv,,,,,48.4992981,-123.4002991,test,,2,1,4,3,2,2,3,3,4,3,3,1,1,4
2019-07-12 8:50,2019-07-12 8:50,2,,100,0,1,2019-07-12 8:50,R_eRw7jhwdx61vAtD,,,,,48.4992981,-123.4002991,test,,3,1,3,2,1,3,2,3,1,1,2,3,2,4
2019-07-12 8:50,2019-07-12 8:50,2,,100,0,1,2019-07-12 8:50,R_dhQZaBPubjGIH6l,,,,,48.4992981,-123.4002991,test,,2,3,1,3,3,4,1,2,1,1,3,1,2,2
2019-07-12 8:50,2019-07-12 8:50,2,,100,0,1,2019-07-12 8:50,R_77q1tUoSr8znd9X,,,,,48.4992981,-123.4002991,test,,1,2,1,1,4,1,3,4,4,4,2,2,3,2
2019-07-12 8:50,2019-07-12 8:50,2,,100,0,1,2019-07-12 8:50,R_eDrn9omqohNaVlX,,,,,48.4992981,-123.4002991,test,,2,2,1,1,2,1,1,2,2,2,4,3,2,2
2019-07-12 8:50,2019-07-12 8:50,2,,100,0,1,2019-07-12 8:50,R_9oaDs0rDPzqYKz3,,,,,48.4992981,-123.4002991,test,,1,1,4,4,2,3,4,1,4,4,1,3,4,4
2019-07-12 8:50,2019-07-12 8:50,2,,100,0,1,2019-07-12 8:50,R_eeuOBSUqW1ZbEyx,,,,,48.4992981,-123.4002991,test,,3,1,3,1,1,4,2,3,4,3,3,1,1,3
2019-07-12 8:50,2019-07-12 8:50,2,,100,0,1,2019-07-12 8:50,R_7NUyWOt1w8qztXf,,,,,48.4992981,-123.4002991,test,,2,2,3,4,3,3,2,3,3,1,4,4,1,1
2019-07-12 8:50,2019-07-12 8:50,2,,100,0,1,2019-07-12 8:50,R_9KnODugFXi65OjX,,,,,48.4992981,-123.4002991,test,,2,2,3,4,4,2,3,4,1,4,1,4,1,2
2019-07-12 8:50,2019-07-12 8:50,2,,100,0,1,2019-07-12 8:50,R_083TJDPv2fP86DX,,,,,48.4992981,-123.4002991,test,,2,1,2,4,2,2,2,4,3,4,4,2,4,4
2019-07-12 8:50,2019-07-12 8:50,2,,100,0,1,2019-07-12 8:50,R_0SMv2ckQ4BQiZfL,,,,,48.4992981,-123.4002991,test,,4,2,1,1,1,4,4,4,3,4,4,4,2,1
2019-07-12 8:50,2019-07-12 8:50,2,,100,0,1,2019-07-12 8:50,R_ac9lBxk78nOVw1v,,,,,48.4992981,-123.4002991,test,,4,3,1,3,2,1,1,2,3,2,2,3,2,2
2019-07-12 8:50,2019-07-12 8:50,2,,100,0,1,2019-07-12 8:50,R_1HXlaJLNY9QsUlv,,,,,48.4992981,-123.4002991,test,,3,4,2,3,3,3,4,4,3,2,2,4,1,2
2019-07-12 8:50,2019-07-12 8:50,2,,100,0,1,2019-07-12 8:50,R_esXNykCziKSZkIB,,,,,48.4992981,-123.4002991,test,,4,1,3,2,1,4,3,4,2,1,1,2,1,1
2019-07-12 8:50,2019-07-12 8:50,2,,100,0,1,2019-07-12 8:50,R_b2sXVeFEWIJscbb,,,,,48.4992981,-123.4002991,test,,4,3,1,1,2,2,1,1,2,4,1,2,1,4
2019-07-12 8:50,2019-07-12 8:50,2,,100,0,1,2019-07-12 8:50,R_831wy9smrr9DUtT,,,,,48.4992981,-123.4002991,test,,4,2,2,2,2,3,4,2,4,1,3,2,1,1
2019-07-12 8:50,2019-07-12 8:50,2,,100,0,1,2019-07-12 8:50,R_ddnSUqJA4ewwVMh,,,,,48.4992981,-123.4002991,test,,4,4,1,2,1,4,2,4,1,2,4,3,4,2
2019-07-12 8:50,2019-07-12 8:50,2,,100,0,1,2019-07-12 8:50,R_cJ5E4z6ea6eMsOF,,,,,48.4992981,-123.4002991,test,,3,4,2,4,2,2,3,2,2,1,3,2,1,1
2019-07-12 8:50,2019-07-12 8:50,2,,100,0,1,2019-07-12 8:50,R_e35eB9S20eef80d,,,,,48.4992981,-123.4002991,test,,2,3,1,4,2,1,2,2,2,3,3,4,3,2
2019-07-12 8:50,2019-07-12 8:50,2,,100,0,1,2019-07-12 8:50,R_abLjzygsHOJB8eF,,,,,48.4992981,-123.4002991,test,,2,3,3,3,1,3,3,1,4,4,3,4,3,1
2019-07-12 8:50,2019-07-12 8:50,2,,100,0,1,2019-07-12 8:50,R_8pGAgVyyHoLrQhf,,,,,48.4992981,-123.4002991,test,,2,3,3,2,1,3,2,2,4,3,2,4,4,4
2019-07-12 8:50,2019-07-12 8:50,2,,100,0,1,2019-07-12 8:50,R_eWnQar7VgbaoQct,,,,,48.4992981,-123.4002991,test,,2,3,3,2,1,2,3,3,2,2,3,3,3,4
2019-07-12 8:50,2019-07-12 8:50,2,,100,0,1,2019-07-12 8:50,R_eF0xiXzpQsnCj5j,,,,,48.4992981,-123.4002991,test,,2,3,4,1,3,1,1,3,2,4,1,4,3,3
2019-07-12 8:50,2019-07-12 8:50,2,,100,0,1,2019-07-12 8:50,R_8Heg6thCKgnyJKt,,,,,48.4992981,-123.4002991,test,,1,2,2,2,3,2,2,1,2,4,3,4,4,4
2019-07-12 8:50,2019-07-12 8:50,2,,100,0,1,2019-07-12 8:50,R_838UQCpdrIZjTRH,,,,,48.4992981,-123.4002991,test,,4,2,4,2,2,3,2,3,2,4,4,4,1,3
2019-07-12 8:50,2019-07-12 8:50,2,,100,0,1,2019-07-12 8:50,R_06wdfAqtOgqZyLP,,,,,48.4992981,-123.4002991,test,,1,4,2,4,2,4,2,3,4,1,3,2,1,2
2019-07-12 8:50,2019-07-12 8:50,2,,100,0,1,2019-07-12 8:50,R_24SMa95tzZynezr,,,,,48.4992981,-123.4002991,test,,4,3,1,3,3,2,4,2,2,1,2,4,1,3
2019-07-12 8:50,2019-07-12 8:50,2,,100,0,1,2019-07-12 8:50,R_4TVi7AewPFLjtXv,,,,,48.4992981,-123.4002991,test,,1,2,1,2,3,1,3,4,4,4,3,3,2,2
2019-07-12 8:50,2019-07-12 8:50,2,,100,1,1,2019-07-12 8:50,R_9nwYfff3lE5eUOV,,,,,48.4992981,-123.4002991,test,,2,1,4,3,4,3,3,4,2,4,1,4,2,1
2019-07-12 8:50,2019-07-12 8:50,2,,100,0,1,2019-07-12 8:50,R_3gyXQdKsfRMieBn,,,,,48.4992981,-123.4002991,test,,2,3,3,4,1,2,1,4,2,1,4,1,1,3
2019-07-12 8:50,2019-07-12 8:50,2,,100,0,1,2019-07-12 8:50,R_87b7wwS6XBge9x3,,,,,48.4992981,-123.4002991,test,,3,2,4,3,1,2,1,1,4,4,1,1,1,2
2019-07-12 8:50,2019-07-12 8:50,2,,100,0,1,2019-07-12 8:50,R_exR3JGNnhKmZCUR,,,,,48.4992981,-123.4002991,test,,3,3,1,4,1,1,2,1,2,2,4,1,3,4
2019-07-12 8:50,2019-07-12 8:50,2,,100,0,1,2019-07-12 8:50,R_1FAQmGgXwHqFe0B,,,,,48.4992981,-123.4002991,test,,4,4,1,1,4,1,4,3,3,2,2,3,3,3
2019-07-12 8:50,2019-07-12 8:50,2,,100,0,1,2019-07-12 8:50,R_1ZwqTwlko8wmAsJ,,,,,48.4992981,-123.4002991,test,,4,4,4,3,2,2,4,3,3,3,1,3,1,2
2019-07-12 8:50,2019-07-12 8:50,2,,100,0,1,2019-07-12 8:50,R_1HoOOvOW4uTNVEp,,,,,48.4992981,-123.4002991,test,,4,1,3,4,2,1,2,3,4,4,2,1,2,2
2019-07-12 8:50,2019-07-12 8:50,2,,100,0,1,2019-07-12 8:50,R_4Vqko9YiVzD9fmZ,,,,,48.4992981,-123.4002991,test,,1,4,3,1,1,3,3,2,3,2,1,1,3,4
2019-07-12 8:50,2019-07-12 8:50,2,,100,0,1,2019-07-12 8:50,R_aa8neTKO5YUAQst,,,,,48.4992981,-123.4002991,test,,3,4,2,1,2,3,3,4,3,1,1,4,2,1
2019-07-12 8:50,2019-07-12 8:50,2,,100,0,1,2019-07-12 8:50,R_9EMJpfaK4Xx4tbD,,,,,48.4992981,-123.4002991,test,,2,4,1,1,1,4,1,1,1,4,3,4,3,1
2019-07-12 8:50,2019-07-12 8:50,2,,100,0,1,2019-07-12 8:50,R_8kmYImalZRBxSLP,,,,,48.4992981,-123.4002991,test,,3,1,3,2,2,3,2,4,3,2,1,4,3,3
2019-07-12 8:50,2019-07-12 8:50,2,,100,0,1,2019-07-12 8:50,R_9GoD7RIXB8RGiMJ,,,,,48.4992981,-123.4002991,test,,1,4,2,4,1,2,4,2,1,2,4,1,2,2
2019-07-12 8:50,2019-07-12 8:50,2,,100,0,1,2019-07-12 8:50,R_b102ljl17vzsAPX,,,,,48.4992981,-123.4002991,test,,3,3,1,1,4,4,1,1,2,1,4,1,3,2
2019-07-12 8:50,2019-07-12 8:50,2,,100,0,1,2019-07-12 8:50,R_6gqO24fYVZNtkEd,,,,,48.4992981,-123.4002991,test,,2,4,2,3,3,2,1,3,2,1,2,3,2,1
2019-07-12 8:50,2019-07-12 8:50,2,,100,0,1,2019-07-12 8:50,R_1T7G63OOo4BmhuJ,,,,,48.4992981,-123.4002991,test,,2,2,3,4,2,1,4,2,4,4,1,2,4,4
2019-07-12 8:50,2019-07-12 8:50,2,,100,0,1,2019-07-12 8:50,R_6icEBqcIq4KoEgR,,,,,48.4992981,-123.4002991,test,,1,2,3,3,2,3,1,3,4,3,4,1,1,4
2019-07-12 8:50,2019-07-12 8:50,2,,100,0,1,2019-07-12 8:50,R_3ki84gpw8eL6xlX,,,,,48.4992981,-123.4002991,test,,4,4,1,4,2,1,4,4,2,1,4,4,3,2
2019-07-12 8:50,2019-07-12 8:50,2,,100,0,1,2019-07-12 8:50,R_2bnoIVyBAPjFK4t,,,,,48.4992981,-123.4002991,test,,4,2,1,1,1,3,1,3,4,1,4,2,2,4
2019-07-12 8:50,2019-07-12 8:50,2,,100,0,1,2019-07-12 8:50,R_cRVQ4pvVsjX6ELP,,,,,48.4992981,-123.4002991,test,,2,2,3,2,3,2,2,3,1,1,4,2,4,1
2019-07-12 8:50,2019-07-12 8:50,2,,100,0,1,2019-07-12 8:50,R_6ysg67AK7b4SChL,,,,,48.4992981,-123.4002991,test,,3,4,1,3,4,3,4,4,4,1,1,4,4,4
2019-07-12 8:50,2019-07-12 8:50,2,,100,0,1,2019-07-12 8:50,R_72mFHZcGYLceRr7,,,,,48.4992981,-123.4002991,test,,4,1,3,2,4,1,2,4,2,1,3,4,2,4
2019-07-12 8:50,2019-07-12 8:50,2,,100,0,1,2019-07-12 8:50,R_3qmHjy5lHcEDuq9,,,,,48.4992981,-123.4002991,test,,4,3,3,4,1,3,3,4,4,4,3,1,1,2
2019-07-12 8:50,2019-07-12 8:50,2,,100,0,1,2019-07-12 8:50,R_410ojfrg3aHiYlL,,,,,48.4992981,-123.4002991,test,,1,3,2,1,1,4,3,2,2,3,1,2,4,4
2019-07-12 8:50,2019-07-12 8:50,2,,100,0,1,2019-07-12 8:50,R_869TzlD4VAH8G45,,,,,48.4992981,-123.4002991,test,,1,4,2,4,4,2,4,4,3,1,3,3,4,2
2019-07-12 8:50,2019-07-12 8:50,2,,100,0,1,2019-07-12 8:50,R_eIZFPvJOThPLv49,,,,,48.4992981,-123.4002991,test,,1,4,4,2,4,2,3,3,3,4,4,1,3,1
2019-07-12 8:50,2019-07-12 8:50,2,,100,0,1,2019-07-12 8:50,R_eR2k3CAv7Eh6Jcp,,,,,48.4992981,-123.4002991,test,,1,3,4,4,1,2,4,1,1,1,1,3,2,3
2019-07-12 8:50,2019-07-12 8:50,2,,100,0,1,2019-07-12 8:50,R_8kmBBlVu3n2wDhr,,,,,48.4992981,-123.4002991,test,,4,3,3,1,1,2,3,4,4,1,4,2,1,2
2019-07-12 8:50,2019-07-12 8:50,2,,100,0,1,2019-07-12 8:50,R_3LcOGBsl4yh1ihD,,,,,48.4992981,-123.4002991,test,,3,4,1,3,3,4,3,3,2,2,4,4,3,1
2019-07-12 8:50,2019-07-12 8:50,2,,100,0,1,2019-07-12 8:50,R_3I8NGkLNYJ6BIgJ,,,,,48.4992981,-123.4002991,test,,1,3,4,2,2,4,3,2,1,1,2,2,3,4
2019-07-12 8:50,2019-07-12 8:50,2,,100,0,1,2019-07-12 8:50,R_bE4rcc8uyDOxPud,,,,,48.4992981,-123.4002991,test,,3,3,3,2,1,3,4,4,3,3,4,1,3,1
2019-07-12 8:50,2019-07-12 8:50,2,,100,0,1,2019-07-12 8:50,R_79QSMV4RujYt3dH,,,,,48.4992981,-123.4002991,test,,1,1,1,1,2,2,2,3,1,4,2,3,1,3
2019-07-12 8:50,2019-07-12 8:50,2,,100,0,1,2019-07-12 8:50,R_6zNAtcqPa9pwvsx,,,,,48.4992981,-123.4002991,test,,1,4,1,4,2,2,2,1,4,1,3,3,1,4
2019-07-12 8:50,2019-07-12 8:50,2,,100,0,1,2019-07-12 8:50,R_3wIy3Dvn567Iryt,,,,,48.4992981,-123.4002991,test,,3,4,4,1,3,2,4,1,4,2,3,2,4,1
2019-07-12 8:50,2019-07-12 8:50,2,,100,1,1,2019-07-12 8:50,R_2m0aM9BfoGchC3b,,,,,48.4992981,-123.4002991,test,,4,3,2,1,4,4,2,4,3,2,3,2,3,3
2019-07-12 8:50,2019-07-12 8:50,2,,100,0,1,2019-07-12 8:50,R_1YcBB329mDFVXBb,,,,,48.4992981,-123.4002991,test,,3,4,2,2,2,3,2,2,3,2,2,2,1,3
2019-07-12 8:50,2019-07-12 8:50,2,,100,0,1,2019-07-12 8:50,R_cGC8CZX9kIG0KDb,,,,,48.4992981,-123.4002991,test,,1,4,2,2,2,4,1,3,1,4,3,1,1,2
2019-07-12 8:50,2019-07-12 8:50,2,,100,0,1,2019-07-12 8:50,R_ePt0ymrSwctj7kF,,,,,48.4992981,-123.4002991,test,,3,2,1,2,1,1,4,2,4,3,3,2,1,2
2019-07-12 8:50,2019-07-12 8:50,2,,100,1,1,2019-07-12 8:50,R_39Tje0d0XzpYjqJ,,,,,48.4992981,-123.4002991,test,,4,4,2,1,2,3,4,4,1,1,3,1,1,4
2019-07-12 8:50,2019-07-12 8:50,2,,100,0,1,2019-07-12 8:50,R_8HyaBJa2Ht3hBXL,,,,,48.4992981,-123.4002991,test,,3,3,2,3,4,4,2,1,4,4,1,3,3,3
2019-07-12 8:50,2019-07-12 8:50,2,,100,0,1,2019-07-12 8:50,R_7Pd4xqPvWQhhwKF,,,,,48.4992981,-123.4002991,test,,1,2,1,2,3,4,1,1,4,1,4,2,3,2
2019-07-12 8:50,2019-07-12 8:50,2,,100,0,1,2019-07-12 8:50,R_40jLywRwDNqDdU9,,,,,48.4992981,-123.4002991,test,,4,4,2,2,2,3,1,3,1,4,2,3,2,3
2019-07-12 8:50,2019-07-12 8:50,2,,100,0,1,2019-07-12 8:50,R_9SPKyc86FjYBJjf,,,,,48.4992981,-123.4002991,test,,2,1,3,1,1,3,4,1,3,1,1,1,3,1
2019-07-12 8:50,2019-07-12 8:50,2,,100,0,1,2019-07-12 8:50,R_6VUwZcPNv62alhj,,,,,48.4992981,-123.4002991,test,,4,4,4,3,3,1,3,4,2,4,3,4,1,1
2019-07-12 8:50,2019-07-12 8:50,2,,100,0,1,2019-07-12 8:50,R_a9K3IV8jtS8kD1r,,,,,48.4992981,-123.4002991,test,,3,3,3,3,2,1,3,2,3,2,3,3,1,3
2019-07-12 8:50,2019-07-12 8:50,2,,100,0,1,2019-07-12 8:50,R_2o6wq8zIzpWAoT3,,,,,48.4992981,-123.4002991,test,,2,4,3,4,2,2,4,2,3,2,4,4,4,1
2019-07-12 8:50,2019-07-12 8:50,2,,100,0,1,2019-07-12 8:50,R_6JSAJcA7ktGDYnb,,,,,48.4992981,-123.4002991,test,,1,1,4,4,4,2,4,1,1,3,3,2,4,4
2019-07-12 8:50,2019-07-12 8:50,2,,100,0,1,2019-07-12 8:50,R_d5nKxXKYxCcZ8KV,,,,,48.4992981,-123.4002991,test,,2,4,2,4,3,1,1,2,3,4,3,4,4,4
2019-07-12 8:50,2019-07-12 8:50,2,,100,0,1,2019-07-12 8:50,R_3HNgi2Jc22wKUO9,,,,,48.4992981,-123.4002991,test,,2,3,2,1,4,3,1,4,3,1,4,1,2,2