StartDate,EndDate,Status,IPAddress,Progress,Duration (in seconds),Finished,RecordedDate,ResponseId,RecipientLastName,RecipientFirstName,RecipientEmail,ExternalReference,LocationLatitude,LocationLongitude,DistributionChannel,UserLanguage,ICS_1,ICS_2,ICS_3,ICS_4,ICS_5,ICS_6,ICS_7,ICS_8,ICS_9,ICS_10,ICS_11,ICS_12,ICS_13,ICS_14,ICS_15,ICS_16,ICS_17,ICS_18,ICS_19,ICS_20,ICS_21,ICS_22,ICS_23,ICS_24,ICS_25,ECS
2019-07-20 14:33,2019-07-20 14:33,2,,100,1,1,2019-07-20 14:33,R_0B19eXVAhX6yLc1,,,,,48.44960022,-123.302597,test,,,3,1,4,,4,4,2,1,3,1,3,,3,2,3,4,3,1,4,1,2,,4,2,"2,3,4,7,9,10,11,12,13,14,17,18"
2019-07-20 14:33,2019-07-20 14:33,2,,100,0,1,2019-07-20 14:33,R_1RFiw6dxA5dj5I1,,,,,48.44960022,-123.302597,test,,2,3,4,2,,4,,2,1,,1,1,1,3,4,2,4,,1,2,,1,,1,2,"4,6,7,9,16,17,18"
2019-07-20 14:33,2019-07-20 14:33,2,,100,0,1,2019-07-20 14:33,R_4Z8nwRJqWHROh6Z,,,,,48.44960022,-123.302597,test,,1,1,,1,4,3,2,4,1,,2,4,3,4,,2,4,2,3,,,,1,3,1,"3,5,8,13,16,17"
2019-07-20 14:33,2019-07-20 14:33,2,,100,0,1,2019-07-20 14:33,R_3R8akiCc4ydG1Y9,,,,,48.44960022,-123.302597,test,,3,,3,2,,1,3,1,1,2,4,1,,1,2,1,1,,2,,4,3,1,2,,"1,4,9,10,12,13,14,16"
2019-07-20 14:33,2019-07-20 14:33,2,,100,0,1,2019-07-20 14:33,R_0IFQg0ExfYeQWVv,,,,,48.44960022,-123.302597,test,,,4,4,2,4,,3,2,1,,2,4,2,2,1,,4,3,1,4,4,2,4,4,3,
2019-07-20 14:33,2019-07-20 14:33,2,,100,0,1,2019-07-20 14:33,R_b25EHL3ECPFBGzH,,,,,48.44960022,-123.302597,test,,1,4,1,2,4,4,,,2,3,,4,2,2,1,1,1,2,,3,2,2,2,4,2,"1,5,6,8,12,14,15,16,17,18"
2019-07-20 14:33,2019-07-20 14:33,2,,100,0,1,2019-07-20 14:33,R_1TvlyCe1ND6huDP,,,,,48.44960022,-123.302597,test,,1,2,1,,,3,3,2,2,,4,2,3,3,3,4,,2,,3,1,,1,2,,"1,2,6,7,11,12,17"
2019-07-20 14:33,2019-07-20 14:33,2,,100,0,1,2019-07-20 14:33,R_5pqEaIpDd41gCCV,,,,,48.44960022,-123.302597,test,,2,1,3,,2,3,3,4,4,,2,,3,4,1,3,3,1,4,3,3,4,2,2,1,"1,2,3,4,5,6,7,8,9,10,11,12,13,14,15,16,17,18"
2019-07-20 14:33,2019-07-20 14:33,2,,100,0,1,2019-07-20 14:33,R_8fiJwXqKubeDun3,,,,,48.44960022,-123.302597,test,,3,,4,3,1,,3,1,2,,2,,1,2,4,3,1,3,4,1,,,4,4,4,"1,2,4,5,6,7,10,11,12,13,14,16,17,18"
2019-07-20 14:33,2019-07-20 14:33,2,,100,0,1,2019-07-20 14:33,R_2smbqXo5gJLi3iJ,,,,,48.44960022,-123.302597,test,,3,4,4,2,3,4,,,,3,4,1,,2,,2,,2,1,2,2,1,2,2,,"1,2,7,10,11,14"
2019-07-20 14:33,2019-07-20 14:33,2,,100,0,1,2019-07-20 14:33,R_819MjGDAtPwGbpb,,,,,48.44960022,-123.302597,test,,4,1,,4,2,1,3,4,4,4,3,3,2,4,2,,3,1,3,1,3,2,1,,,"2,3,4,5,6,7,8,9,10,11,13,14,15,16,17"
2019-07-20 14:33,2019-07-20 14:33,2,,100,0,1,2019-07-20 14:33,R_0vPBZkTZb0gnErz,,,,,48.44960022,-123.302597,test,,1,,1,2,2,,1,2,4,2,2,1,,,1,4,2,4,,3,,3,3,,4,"1,2,3,4,5,6,7,9,11,15,17,18"
2019-07-20 14:33,2019-07-20 14:33,2,,100,0,1,2019-07-20 14:33,R_eQfbScX0qIKxGhT,,,,,48.44960022,-123.302597,test,,4,3,4,1,3,4,4,3,,,1,1,,,,2,3,1,3,,3,4,4,1,3,"1,2,3,4,5,9,10,12,13,15,17,18"
2019-07-20 14:33,2019-07-20 14:33,2,,100,0,1,2019-07-20 14:33,R_9plQOY0x3VBj6ER,,,,,48.44960022,-123.302597,test,,4,1,2,3,4,3,2,3,1,3,3,,1,3,2,2,1,,3,1,3,2,1,4,,"2,5,7,10,11,12,14,15,17"
2019-07-20 14:33,2019-07-20 14:33,2,,100,0,1,2019-07-20 14:34,R_3IQGu5QhS4JV1Gt,,,,,48.44960022,-123.302597,test,,,3,4,3,,3,2,1,,2,4,,4,4,4,4,4,3,4,4,3,2,2,,3,"1,4,5,6,10,11,13,14,15,17,18"
2019-07-20 14:34,2019-07-20 14:34,2,,100,0,1,2019-07-20 14:34,R_a9H3CLqMeOoNq4Z,,,,,48.44960022,-123.302597,test,,4,3,3,1,4,1,1,2,,2,3,,3,3,2,4,2,2,3,4,3,2,2,,3,"2,3,5,6,7,8,11,12,15,16,17,18"
2019-07-20 14:34,2019-07-20 14:34,2,,100,0,1,2019-07-20 14:34,R_5toMDTfxroKxLRH,,,,,48.44960022,-123.302597,test,,4,3,3,3,3,1,2,3,3,3,,2,,2,1,2,3,3,4,1,3,1,4,1,1,"1,2,3,12,13,14,15,16,17"
2019-07-20 14:34,2019-07-20 14:34,2,,100,0,1,2019-07-20 14:34,R_eg4vMjdSVObEaGh,,,,,48.44960022,-123.302597,test,,3,4,3,,1,4,2,1,,3,1,3,1,,,2,4,1,1,3,4,3,4,3,4,"1,2,3,4,5,7,8,9,10,11,14,15,16,17,18"
2019-07-20 14:34,2019-07-20 14:34,2,,100,0,1,2019-07-20 14:34,R_0UMJD6oFjZvBDo1,,,,,48.44960022,-123.302597,test,,2,1,4,4,4,1,1,3,,4,2,3,4,2,4,,1,3,3,4,4,3,4,3,4,"2,3,4,7,8,9,11,13,14,15,16,17,18"
2019-07-20 14:34,2019-07-20 14:34,2,,100,0,1,2019-07-20 14:34,R_aXVoaIsNgoorsC9,,,,,48.44960022,-123.302597,test,,2,2,3,2,2,3,4,1,1,1,,4,2,3,2,1,4,3,3,3,4,3,3,2,,"1,2,3,4,5,6,7,9,10,11,12,13,14,15,16,17,18"
2019-07-20 14:34,2019-07-20 14:34,2,,100,0,1,2019-07-20 14:34,R_cSkdyoNtyBUoMVD,,,,,48.44960022,-123.302597,test,,1,1,1,2,1,2,,3,,1,1,2,3,,4,2,2,,,,1,1,2,,4,"2,3,4,5,9,10,11,12,13,15,16,18"
2019-07-20 14:34,2019-07-20 14:34,2,,100,0,1,2019-07-20 14:34,R_9N5ZuawAt0e6y5D,,,,,48.44960022,-123.302597,test,,4,3,2,1,3,4,2,3,,2,1,,,1,3,4,1,,3,,2,4,3,1,2,"1,2,3,4,6,7,8,9,10,11,12,13,14,17,18"
2019-07-20 14:34,2019-07-20 14:34,2,,100,0,1,2019-07-20 14:34,R_er26aVnAYlerSPX,,,,,48.44960022,-123.302597,test,,1,3,,3,1,4,,,3,1,4,2,1,1,3,3,3,,2,3,4,2,1,,2,"1,2,3,4,5,6,7,8,9,10,11,12,13,14,16,17,18"
2019-07-20 14:34,2019-07-20 14:34,2,,100,0,1,2019-07-20 14:34,R_9TxyFQkdQq0K4gl,,,,,48.44960022,-123.302597,test,,4,,3,2,4,1,2,3,1,4,3,1,2,2,2,,1,,1,1,2,3,,4,1,"1,5,6,8,9,10,11,14,16,17"
2019-07-20 14:34,2019-07-20 14:34,2,,100,0,1,2019-07-20 14:34,R_0AueVue6EiilJVr,,,,,48.44960022,-123.302597,test,,1,,4,,,3,,,3,,,3,4,,1,,3,2,3,,4,,2,2,3,"3,4,15,17"
2019-07-20 14:34,2019-07-20 14:34,2,,100,0,1,2019-07-20 14:34,R_0llRZTuGIksXWPH,,,,,48.44960022,-123.302597,test,,2,2,,2,,2,1,2,3,3,3,,3,1,4,3,2,1,4,2,2,4,1,4,4,"1,2,6,15,17"
2019-07-20 14:34,2019-07-20 14:34,2,,100,0,1,2019-07-20 14:34,R_3eA6aSfrMU8FMqh,,,,,48.44960022,-123.302597,test,,4,2,4,2,,2,2,,,2,3,4,,2,,4,4,1,,4,2,,4,4,2,"14,16,18"
2019-07-20 14:34,2019-07-20 14:34,2,,100,0,1,2019-07-20 14:34,R_b4xkpYPJKGCSfBP,,,,,48.44960022,-123.302597,test,,3,2,1,2,1,2,1,1,,4,3,1,,,4,2,1,2,2,2,,1,4,4,2,"1,3,4,8,11,12,13,16,17"
2019-07-20 14:34,2019-07-20 14:34,2,,100,0,1,2019-07-20 14:34,R_1SJfkynUvQK8o2p,,,,,48.44960022,-123.302597,test,,2,4,1,2,,3,4,4,4,2,1,3,4,,4,2,2,3,3,2,,2,3,,4,"1,2,6,8,9,10,12,13,16,18"
2019-07-20 14:34,2019-07-20 14:34,2,,100,0,1,2019-07-20 14:34,R_cuN08vQ9qP0U6od,,,,,48.44960022,-123.302597,test,,3,2,4,1,2,1,1,3,1,2,2,4,4,2,3,,4,,1,4,,,,4,,"5,8,17"
2019-07-20 14:34,2019-07-20 14:34,2,,100,0,1,2019-07-20 14:34,R_3JyeLpFGjN6big5,,,,,48.44960022,-123.302597,test,,,3,,1,1,,,2,1,3,2,1,,,,3,2,4,4,,1,,,2,4,"1,9,17"
2019-07-20 14:34,2019-07-20 14:34,2,,100,0,1,2019-07-20 14:34,R_4YhP54DPtzlrGdL,,,,,48.44960022,-123.302597,test,,2,1,,2,,4,4,4,,1,3,,4,3,3,1,4,,2,2,,3,1,1,,"1,2,3,4,5,6,7,8,9,10,11,12,13,14,15,16,17,18"
2019-07-20 14:34,2019-07-20 14:34,2,,100,0,1,2019-07-20 14:34,R_cwhw8WDqRFr24oR,,,,,48.44960022,-123.302597,test,,,3,1,4,,2,,,4,1,3,1,,,3,1,1,1,,1,1,,4,3,3,"2,3,6,8,10,11,13,15,16,17,18"
2019-07-20 14:34,2019-07-20 14:34,2,,100,0,1,2019-07-20 14:34,R_8kwQp6AiWp69vk9,,,,,48.44960022,-123.302597,test,,1,4,2,,3,2,4,,3,,3,2,3,2,3,1,3,,4,2,1,3,1,4,1,"1,2,5,6,7,8,9,12,13,14,15,16,17,18"
2019-07-20 14:34,2019-07-20 14:34,2,,100,0,1,2019-07-20 14:34,R_4Hii0xIoyKP98RT,,,,,48.44960022,-123.302597,test,,,3,2,,,3,3,1,,1,4,3,2,2,2,1,,,,2,,1,1,3,4,"1,3,4,5,10,12,13,14,16,17,18"
2019-07-20 14:34,2019-07-20 14:34,2,,100,0,1,2019-07-20 14:34,R_eD8h09K8X23iKRD,,,,,48.44960022,-123.302597,test,,1,,,2,3,1,2,4,4,3,1,2,4,,2,3,1,,3,2,2,4,3,2,2,"2,4,6,7,8,10,12,14,15,16,18"
2019-07-20 14:34,2019-07-20 14:34,2,,100,0,1,2019-07-20 14:34,R_9FeuRu4J4kD0DMF,,,,,48.44960022,-123.302597,test,,2,,1,,,3,3,1,4,3,3,4,3,,,3,3,4,1,1,,1,1,2,1,"1,2,3,4,5,6,9,11,12,13,14,15,16,17,18"
2019-07-20 14:34,2019-07-20 14:34,2,,100,0,1,2019-07-20 14:34,R_6r57FODOZwRr2Bv,,,,,48.44960022,-123.302597,test,,,4,3,4,3,4,4,2,1,4,4,4,4,4,1,2,4,,1,1,2,2,2,2,4,"1,2,3,4,5,6,7,8,9,10,11,12,13,14,15,17,18"
2019-07-20 14:34,2019-07-20 14:34,2,,100,0,1,2019-07-20 14:34,R_8iUA2LyGWThqCyx,,,,,48.44960022,-123.302597,test,,3,2,4,,2,,,4,1,,2,4,1,,1,3,,2,1,,4,1,2,3,,"2,3,7,9,14,18"
2019-07-20 14:34,2019-07-20 14:34,2,,100,0,1,2019-07-20 14:34,R_1RhmVwbDZiiL2zH,,,,,48.44960022,-123.302597,test,,2,3,,,1,,,4,4,,1,4,3,2,2,2,2,2,,,,2,4,1,1,"1,3,4,5,6,7,9,10,11,14,15,17,18"
2019-07-20 14:34,2019-07-20 14:34,2,,100,0,1,2019-07-20 14:34,R_eFNRkVUVxIPB8Xz,,,,,48.44960022,-123.302597,test,,3,,2,,4,,1,2,2,3,1,1,2,1,3,1,,4,2,3,1,3,2,3,4,"3,16,17"
2019-07-20 14:34,2019-07-20 14:34,2,,100,0,1,2019-07-20 14:34,R_cSySTQhQlw2EVAp,,,,,48.44960022,-123.302597,test,,,3,,1,3,3,1,,,2,4,2,4,,4,,4,1,,4,1,4,,3,,"1,2,3,4,5,6,7,8,9,10,13,14,15,17"
2019-07-20 14:34,2019-07-20 14:34,2,,100,0,1,2019-07-20 14:34,R_3Vo0TpdjE6br8gZ,,,,,48.44960022,-123.302597,test,,,1,4,1,,2,1,1,,4,,3,1,3,,3,1,1,4,2,2,,4,2,2,"1,3,10"
2019-07-20 14:34,2019-07-20 14:34,2,,100,0,1,2019-07-20 14:34,R_3HFx20f3oTE9rzn,,,,,48.44960022,-123.302597,test,,4,,2,2,,4,3,1,3,,1,3,4,4,1,1,,3,,1,,3,,4,,"1,2,3,4,5,6,7,8,9,10,13,16,17,18"
2019-07-20 14:34,2019-07-20 14:34,2,,100,0,1,2019-07-20 14:34,R_3qk2KrWrCaQN01v,,,,,48.44960022,-123.302597,test,,4,1,1,4,1,4,4,3,3,4,3,2,,2,1,1,2,3,4,2,4,,3,,4,"1,2,4,5,6,7,8,9,10,11,12,13,14,15,16,17"
2019-07-20 14:34,2019-07-20 14:34,2,,100,0,1,2019-07-20 14:34,R_0IjNKvw98brONMN,,,,,48.44960022,-123.302597,test,,4,4,1,3,4,,1,2,1,4,3,4,4,2,1,3,1,4,2,2,3,,2,3,,"2,3,4,6,8,9,11,13,14,15,17,18"
2019-07-20 14:34,2019-07-20 14:34,2,,100,0,1,2019-07-20 14:34,R_0k7Pg7qdIXNXl4N,,,,,48.44960022,-123.302597,test,,3,1,2,,1,2,2,1,,,2,4,,3,1,4,2,4,3,1,1,,4,4,3,"1,2,3,4,6,11,12,13,14"
2019-07-20 14:34,2019-07-20 14:34,2,,100,0,1,2019-07-20 14:34,R_4UEM7bc9DjHO4w5,,,,,48.44960022,-123.302597,test,,2,,2,,3,1,2,1,3,3,4,4,2,3,,,1,2,3,2,2,1,1,4,1,"2,4,5,8,9,10,12,15,16,17,18"
2019-07-20 14:34,2019-07-20 14:34,2,,100,0,1,2019-07-20 14:34,R_cIybO9rhNyfQdQV,,,,,48.44960022,-123.302597,test,,1,3,3,,1,3,4,2,2,2,2,2,,3,1,4,,3,1,2,,,1,4,4,"3,4,6,7,8,9,10,11,12,13,16,17"
2019-07-20 14:34,2019-07-20 14:34,2,,100,0,1,2019-07-20 14:34,R_agik0TJzST7Moi9,,,,,48.44960022,-123.302597,test,,3,2,,1,1,4,4,1,,2,4,4,,3,,2,3,1,2,,2,2,4,,1,"8,9,15,17"
2019-07-20 14:34,2019-07-20 14:34,2,,100,0,1,2019-07-20 14:34,R_0Cyt7YePSr03fcF,,,,,48.44960022,-123.302597,test,,2,1,4,4,1,4,2,4,3,2,3,4,4,1,2,4,2,4,1,,3,,2,2,,"6,7,12,13"
2019-07-20 14:34,2019-07-20 14:34,2,,100,0,1,2019-07-20 14:34,R_8oaVZ6CgM4Z3gm9,,,,,48.44960022,-123.302597,test,,2,4,1,3,4,,,2,1,3,4,2,1,,1,4,4,3,1,1,1,2,4,2,2,"1,2,3,4,6,7,8,9,10,11,12,13,14,16,17,18"
2019-07-20 14:34,2019-07-20 14:34,2,,100,0,1,2019-07-20 14:34,R_9sixwYTZX1KUlhz,,,,,48.44960022,-123.302597,test,,,1,3,2,3,,4,1,4,1,1,3,1,,,4,4,,4,1,,3,,,2,"3,18"
2019-07-20 14:34,2019-07-20 14:34,2,,100,0,1,2019-07-20 14:34,R_emxsAQnrWfV5P6d,,,,,48.44960022,-123.302597,test,,2,1,4,4,,4,,,2,3,,3,1,1,,,3,1,3,,3,2,,4,4,"9,16"
2019-07-20 14:34,2019-07-20 14:34,2,,100,0,1,2019-07-20 14:34,R_cusRxpMlzTo15sx,,,,,48.44960022,-123.302597,test,,,4,2,4,3,2,2,,2,3,2,2,3,1,2,4,4,,4,2,,,4,2,1,"11,13,17,18"
2019-07-20 14:34,2019-07-20 14:34,2,,100,0,1,2019-07-20 14:34,R_3t0NJ3irX26mEzb,,,,,48.44960022,-123.302597,test,,2,4,,2,,,1,2,4,,4,2,3,3,3,1,3,,2,4,,3,,1,1,"1,4,5,6,8,9,11,15"
2019-07-20 14:34,2019-07-20 14:34,2,,100,0,1,2019-07-20 14:34,R_6Lsd3ax2XL4vXQF,,,,,48.44960022,-123.302597,test,,,,3,,3,4,4,3,1,,3,3,1,1,2,1,4,4,,3,2,3,,2,,"1,2,3,5,6,7,8,10,11,12,13,14,15,17,18"
2019-07-20 14:34,2019-07-20 14:34,2,,100,0,1,2019-07-20 14:34,R_0B2S2eijpqxwWi1,,,,,48.44960022,-123.302597,test,,2,2,2,3,3,,1,2,3,,,2,4,2,,3,4,4,4,2,,,4,,4,"1,2,3,5,7,10,12,13,14,15,16,17,18"
2019-07-20 14:34,2019-07-20 14:34,2,,100,0,1,2019-07-20 14:34,R_6LMwZE8sS7Tktc9,,,,,48.44960022,-123.302597,test,,3,4,3,3,,3,3,,4,1,,3,,,,4,1,3,2,1,,1,2,2,2,"3,6,7,9,10,15,16,18"
2019-07-20 14:34,2019-07-20 14:34,2,,100,0,1,2019-07-20 14:34,R_bq1ilbSXtPtDDCd,,,,,48.44960022,-123.302597,test,,1,,3,2,3,,3,3,2,4,4,,2,4,,4,,,2,2,4,3,4,,2,"1,3,5,8,11,13,14"
2019-07-20 14:34,2019-07-20 14:34,2,,100,0,1,2019-07-20 14:34,R_6rJPLHJwwrp0KNf,,,,,48.44960022,-123.302597,test,,4,4,4,1,2,3,1,2,1,,,2,,1,2,4,1,,,,1,3,4,1,,"4,13,14,15"
2019-07-20 14:34,2019-07-20 14:34,2,,100,0,1,2019-07-20 14:34,R_6zKoCtsM4rgC4GF,,,,,48.44960022,-123.302597,test,,2,4,2,1,2,3,4,3,1,1,2,4,2,1,4,4,2,,4,,4,,,1,2,"1,3,4,5,6,7,9,10,11,12,13,14,15,16,17"
2019-07-20 14:34,2019-07-20 14:34,2,,100,0,1,2019-07-20 14:34,R_ekE69kNeUD5S5kF,,,,,48.44960022,-123.302597,test,,,4,3,1,4,4,3,1,2,1,3,,,2,2,,2,2,2,2,1,4,1,4,4,"1,2,3,4,5,6,7,8,9,10,11,12,13,14,15,16,17,18"
2019-07-20 14:34,2019-07-20 14:34,2,,100,0,1,2019-07-20 14:34,R_eLhH8rTcF4ubPrT,,,,,48.44960022,-123.302597,test,,3,2,2,,1,1,4,,2,1,3,4,,1,3,1,2,3,2,2,1,1,4,,3,"6,8,11,14,15,17,18"
2019-07-20 14:34,2019-07-20 14:34,2,,100,0,1,2019-07-20 14:34,R_aVv3DuAMqvgGTDT,,,,,48.44960022,-123.302597,test,,2,,3,1,1,2,1,1,2,4,4,3,,1,4,,,3,3,3,4,1,1,1,4,"1,3,4,5,7,9,11,12,13,14,16,17"
2019-07-20 14:34,2019-07-20 14:34,2,,100,0,1,2019-07-20 14:34,R_7P1oZraBB7qOSBn,,,,,48.44960022,-123.302597,test,,,3,,,1,3,,,2,2,,1,,3,,1,1,,,,3,,3,3,1,"2,3,4,5,6,7,12,18"
2019-07-20 14:34,2019-07-20 14:34,2,,100,1,1,2019-07-20 14:34,R_9t3sg2m1TrP8RSt,,,,,48.44960022,-123.302597,test,,,4,1,1,3,2,4,4,2,3,1,1,1,4,4,2,1,,3,2,4,3,4,1,1,"1,3,4,6,7,8,10,11,12,14,15,18"
2019-07-20 14:34,2019-07-20 14:34,2,,100,0,1,2019-07-20 14:34,R_daOrJ4m7Gl60XK5,,,,,48.44960022,-123.302597,test,,4,3,,,4,3,3,4,4,4,2,4,4,2,3,2,,2,1,1,2,1,3,1,1,"1,2,3,5,6,7,8,13,15,17"
2019-07-20 14:34,2019-07-20 14:34,2,,100,0,1,2019-07-20 14:34,R_5vXbbjajOMc3oQR,,,,,48.44960022,-123.302597,test,,4,2,3,3,4,4,2,3,4,4,3,1,1,2,4,1,2,3,4,1,3,4,3,1,2,"3,4,5,7,8,9,11,12,13,14,15,16,18"
2019-07-20 14:34,2019-07-20 14:34,2,,100,0,1,2019-07-20 14:34,R_0cDnzhWlmDw2tGB,,,,,48.44960022,-123.302597,test,,2,3,,4,2,,4,3,4,2,,1,3,1,4,2,1,2,2,1,,1,3,2,1,"1,2,3,4,5,6,7,8,9,11,12,13,15,16,17,18"
2019-07-20 14:34,2019-07-20 14:34,2,,100,0,1,2019-07-20 14:34,R_6sPuUtqOZt69tYx,,,,,48.44960022,-123.302597,test,,2,2,4,3,4,2,1,1,2,2,3,2,2,2,4,2,2,3,3,1,1,1,2,4,4,"1,2,3,4,6,7,8,10,11,12,13,14,16,17,18"
2019-07-20 14:34,2019-07-20 14:34,2,,100,0,1,2019-07-20 14:34,R_2t9MnP4OUt9JQDb,,,,,48.44960022,-123.302597,test,,2,1,1,3,3,2,2,,4,,4,,4,2,1,,1,2,4,2,4,3,1,,1,"1,3,4,6,8,10,11,14,15,16"
2019-07-20 14:34,2019-07-20 14:34,2,,100,0,1,2019-07-20 14:34,R_3gsVqxvXnh0I3RP,,,,,48.44960022,-123.302597,test,,2,,2,3,2,3,2,2,,4,3,1,1,1,1,1,4,3,2,1,,4,1,2,,"2,4,5,7,8,9,10,11,12,13,15,18"
2019-07-20 14:34,2019-07-20 14:34,2,,100,0,1,2019-07-20 14:34,R_eQVu1Tji6AUeGcR,,,,,48.44960022,-123.302597,test,,2,1,3,4,2,3,4,1,1,1,1,2,2,4,,4,3,,3,4,1,4,1,4,2,"1,2,3,4,5,6,7,9,10,11,12,13,15,16"
2019-07-20 14:34,2019-07-20 14:34,2,,100,0,1,2019-07-20 14:34,R_9B52ChtVR9bKoeN,,,,,48.44960022,-123.302597,test,,4,1,1,,2,4,3,4,3,1,,,4,1,4,4,4,3,4,,2,,4,2,,"1,3,4,6,11,12,16,18"
2019-07-20 14:34,2019-07-20 14:34,2,,100,0,1,2019-07-20 14:34,R_bCMlCdnlkBQkrAN,,,,,48.44960022,-123.302597,test,,2,3,2,,3,4,4,,2,2,,,4,1,2,,3,4,1,2,,2,1,2,3,"1,3,5,8,12,15,17"
2019-07-20 14:34,2019-07-20 14:34,2,,100,0,1,2019-07-20 14:34,R_2ryuTr46omWC44t,,,,,48.44960022,-123.302597,test,,1,3,1,2,4,3,3,,2,1,1,1,2,3,1,,2,4,,3,4,2,3,1,,"1,15"
2019-07-20 14:34,2019-07-20 14:34,2,,100,0,1,2019-07-20 14:34,R_8l7sEyU6FHlgesB,,,,,48.44960022,-123.302597,test,,1,3,4,3,2,2,4,4,,3,2,2,3,2,4,3,2,,3,1,3,3,1,1,1,"1,3,4,7,8,9,10,14,18"
2019-07-20 14:34,2019-07-20 14:34,2,,100,0,1,2019-07-20 14:34,R_43k2kF5LlX7NpSl,,,,,48.44960022,-123.302597,test,,,1,2,4,2,,1,3,2,,1,2,3,4,2,,1,1,4,4,1,2,3,,4,"11,13,15"
2019-07-20 14:34,2019-07-20 14:34,2,,100,0,1,2019-07-20 14:34,R_eRrdxYPkJK7CFyR,,,,,48.44960022,-123.302597,test,,3,,1,4,3,2,2,3,4,2,2,3,3,1,2,3,4,,3,2,2,4,,2,3,"1,2,3,4,5,6,8,10,11,12,13,14,15,16,17,18"
2019-07-20 14:34,2019-07-20 14:34,2,,100,0,1,2019-07-20 14:34,R_1Ci2tBjTnJgcvxr,,,,,48.44960022,-123.302597,test,,1,1,,4,2,3,1,2,1,,1,3,4,2,3,,4,,,2,4,2,,2,4,"2,6,8,11,18"
2019-07-20 14:34,2019-07-20 14:34,2,,100,0,1,2019-07-20 14:34,R_8tPLuUcDA31odhj,,,,,48.44960022,-123.302597,test,,1,3,,4,4,2,1,,4,2,1,3,3,3,3,2,3,3,2,3,1,1,3,,2,"2,6,7,8,9,10,11,12,13,14,18"
2019-07-20 14:34,2019-07-20 14:34,2,,100,0,1,2019-07-20 14:34,R_d0uWPjxLCPeMwm1,,,,,48.44960022,-123.302597,test,,,,4,4,,1,,2,,3,,2,2,3,3,1,3,1,,4,4,4,3,4,2,"1,2,5,8,10,16"
2019-07-20 14:34,2019-07-20 14:34,2,,100,0,1,2019-07-20 14:34,R_8DhoYQYXpWI8KBD,,,,,48.44960022,-123.302597,test,,3,1,4,4,1,4,3,2,4,4,,4,3,,4,2,,4,4,3,2,2,,1,4,"1,2,4,5,6,7,8,12,14,15,17"
2019-07-20 14:34,2019-07-20 14:34,2,,100,0,1,2019-07-20 14:34,R_a66hGQq6HhP8DM9,,,,,48.44960022,-123.302597,test,,1,4,2,,2,1,4,4,4,,2,,4,4,2,,2,4,1,4,2,4,2,,,"6,7,12"
2019-07-20 14:34,2019-07-20 14:34,2,,100,0,1,2019-07-20 14:34,R_2ac2jABiIAzxTud,,,,,48.44960022,-123.302597,test,,1,2,1,,,1,1,1,3,4,,1,3,3,3,4,3,2,4,3,3,3,1,,3,"1,2,3,4,5,6,7,8,9,10,11,12,13,14,16,17,18"
2019-07-20 14:34,2019-07-20 14:34,2,,100,0,1,2019-07-20 14:34,R_07ElNm5LlCu5Vlz,,,,,48.44960022,-123.302597,test,,2,4,4,4,2,1,2,4,1,,3,1,2,4,1,,2,4,4,4,2,4,4,3,,"1,2,3,4,6,7,11,14"
2019-07-20 14:34,2019-07-20 14:34,2,,100,0,1,2019-07-20 14:34,R_4YKDHSbaz2B5KD3,,,,,48.44960022,-123.302597,test,,2,2,1,4,1,3,4,1,4,,2,1,3,2,3,2,4,1,1,4,3,1,3,2,,"2,3,5,6,8,14,15,16,17"
2019-07-20 14:34,2019-07-20 14:34,2,,100,0,1,2019-07-20 14:34,R_8GkwtUgGIpf0i7b,,,,,48.44960022,-123.302597,test,,3,4,,2,2,3,4,,3,3,2,1,3,4,1,,4,4,3,,,2,,4,4,"2,4,5,7,11,12,13,14,16,17"
2019-07-20 14:34,2019-07-20 14:34,2,,100,0,1,2019-07-20 14:34,R_8CzBYrDGDbPA9WR,,,,,48.44960022,-123.302597,test,,,3,4,1,4,,4,3,2,1,3,1,2,1,3,4,4,,3,4,3,2,1,2,1,"11,15"
2019-07-20 14:34,2019-07-20 14:34,2,,100,0,1,2019-07-20 14:34,R_1AFLq0vZpqNphfD,,,,,48.44960022,-123.302597,test,,3,4,1,,2,3,3,3,4,3,4,3,1,1,2,2,2,2,2,3,1,3,3,2,1,"7,11,15,17"
2019-07-20 14:34,2019-07-20 14:34,2,,100,0,1,2019-07-20 14:34,R_5gOzmMXac3MbeCx,,,,,48.44960022,-123.302597,test,,,1,1,4,,4,4,4,2,1,2,4,2,4,,1,1,,1,2,,,2,3,3,"6,9,10,11,13,14,15,16,17,18"
2019-07-20 14:34,2019-07-20 14:34,2,,100,0,1,2019-07-20 14:34,R_5v98a5mg9QdbZYx,,,,,48.44960022,-123.302597,test,,3,1,,4,2,1,,3,4,3,,1,1,4,1,3,1,,2,2,,3,4,4,1,"1,2,3,4,5,7,8,12,13,14,15"
2019-07-20 14:34,2019-07-20 14:34,2,,100,0,1,2019-07-20 14:34,R_1BWlC4u6b5blWQJ,,,,,48.44960022,-123.302597,test,,2,4,2,,4,2,1,3,2,2,,4,2,1,3,,3,1,4,,1,4,4,1,1,"1,2,3,4,5,6,7,8,9,10,11,12,13,14,15,16,17,18"
2019-07-20 14:34,2019-07-20 14:34,2,,100,0,1,2019-07-20 14:34,R_bQS0tLiiMxx6NSZ,,,,,48.44960022,-123.302597,test,,4,3,2,1,1,1,,,4,2,3,1,3,4,2,3,2,1,1,4,2,3,1,2,,"1,2,3,5,6,9,10,11,13,14,16"
2019-07-20 14:34,2019-07-20 14:34,2,,100,0,1,2019-07-20 14:34,R_6A3eGRwHKteuLfD,,,,,48.44960022,-123.302597,test,,1,3,,2,3,2,3,,4,4,2,2,4,2,4,2,,4,,,4,2,,1,1,"1,3,5,6,8,9,13,16,18"
2019-07-20 14:34,2019-07-20 14:34,2,,100,0,1,2019-07-20 14:34,R_dm98jQjJQEb82R7,,,,,48.44960022,-123.302597,test,,,4,4,1,,,1,2,4,1,,2,3,3,2,2,1,2,1,2,2,3,4,3,2,"1,2,3,5,7,9,11,13,14,15,17,18"
2019-07-20 14:34,2019-07-20 14:34,2,,100,0,1,2019-07-20 14:34,R_6hAQPkWye1wyW6F,,,,,48.44960022,-123.302597,test,,1,3,,3,4,2,,3,3,4,,1,1,1,,4,2,1,3,4,1,1,2,3,3,"6,8,10"
2019-07-20 14:34,2019-07-20 14:34,2,,100,0,1,2019-07-20 14:34,R_aflNt3OboSXgQ8B,,,,,48.44960022,-123.302597,test,,,,,3,4,2,2,,1,,,,2,3,2,4,1,1,4,1,4,4,1,1,1,"1,2,3,4,5,7,8,9,10,11,12,13,14,15,16,17,18"
2019-07-20 14:34,2019-07-20 14:34,2,,100,0,1,2019-07-20 14:34,R_5vzygUW0vcHPN77,,,,,48.44960022,-123.302597,test,,4,2,1,1,1,4,2,1,2,2,1,,4,4,1,,1,3,3,1,4,3,4,1,2,"4,7,10,11,12,13"
2019-07-20 14:34,2019-07-20 14:34,2,,100,0,1,2019-07-20 14:34,R_7PzgjnhknSynybX,,,,,48.44960022,-123.302597,test,,4,1,3,,1,,2,4,3,1,2,1,3,2,1,1,2,3,4,1,2,1,3,1,2,"4,5,6,7,9,10,14,15,16,17,18"
2019-07-20 14:34,2019-07-20 14:34,2,,100,0,1,2019-07-20 14:34,R_0IYIS1dDaLOyDFr,,,,,48.44960022,-123.302597,test,,3,,4,,1,3,3,2,4,1,2,2,3,,,3,4,4,1,,2,1,3,,,"1,4,5,6,7,9,10,11,12,13,14,15,16,17,18"
2019-07-20 14:34,2019-07-20 14:34,2,,100,1,1,2019-07-20 14:34,R_1XMnh9cBtwnuXjf,,,,,48.44960022,-123.302597,test,,1,2,3,2,1,2,1,1,3,,1,3,3,,2,,2,4,,,1,,1,2,1,"5,11"
2019-07-20 14:34,2019-07-20 14:34,2,,100,0,1,2019-07-20 14:34,R_brsGcTT5lqBx0t7,,,,,48.44960022,-123.302597,test,,4,2,,,2,2,3,2,3,4,2,1,2,3,2,3,,4,1,3,4,1,2,1,2,"1,6,7,16,17,18"
2019-07-20 14:34,2019-07-20 14:34,2,,100,0,1,2019-07-20 14:34,R_d5MGcGxriySI0p7,,,,,48.44960022,-123.302597,test,,1,1,,3,1,,3,1,1,1,4,3,3,1,4,4,1,3,,4,2,2,1,4,2,"7,9,11,12,14,15,17"
2019-07-20 14:34,2019-07-20 14:34,2,,100,0,1,2019-07-20 14:34,R_aaxCvGtp4h0EVEx,,,,,48.44960022,-123.302597,test,,4,3,3,,4,2,2,4,1,,3,,4,4,2,1,1,,,,1,,,3,2,"2,6,8,11,12,13,18"
2019-07-20 14:34,2019-07-20 14:34,2,,100,0,1,2019-07-20 14:34,R_doKdxXx9HzsNrq5,,,,,48.44960022,-123.302597,test,,4,4,1,4,3,3,3,3,2,4,2,,,2,1,3,4,4,4,4,,3,2,2,4,"1,7,9,15,16,17"
2019-07-20 14:34,2019-07-20 14:34,2,,100,0,1,2019-07-20 14:34,R_3I9QVgmpynfYaep,,,,,48.44960022,-123.302597,test,,4,2,1,4,4,,2,,3,3,4,2,1,4,,4,,1,2,1,4,1,1,4,,"1,2,3,4,6,7,8,10,12,13,17,18"
2019-07-20 14:34,2019-07-20 14:34,2,,100,0,1,2019-07-20 14:34,R_250b0ImOglrlXet,,,,,48.44960022,-123.302597,test,,4,1,4,,2,2,2,3,4,1,4,4,,2,,,1,,1,1,3,2,,1,2,"1,2,3,5,6,8,9,10,11,12,13,14,15,16,18"
2019-07-20 14:34,2019-07-20 14:34,2,,100,0,1,2019-07-20 14:34,R_5vitdwK7k6yYHtz,,,,,48.44960022,-123.302597,test,,2,4,,2,4,4,2,3,1,3,3,4,,,2,4,2,,2,2,1,4,,1,2,"1,2,4,6,7,8,10,11,12,14,16,17"
2019-07-20 14:34,2019-07-20 14:34,2,,100,0,1,2019-07-20 14:34,R_3QqbXMNrgLdOI17,,,,,48.44960022,-123.302597,test,,1,4,1,,1,1,3,2,,,,3,3,2,3,4,1,,4,,1,1,2,3,4,"1,2,3,4,5,6,7,9,10,11,12,13,14,15,16,17,18"
2019-07-20 14:34,2019-07-20 14:34,2,,100,0,1,2019-07-20 14:34,R_24ByW1e418jsMmN,,,,,48.44960022,-123.302597,test,,3,2,4,4,1,1,3,4,,1,2,1,4,3,2,3,3,,1,2,4,3,1,1,3,"2,8,11,12"
2019-07-20 14:34,2019-07-20 14:34,2,,100,0,1,2019-07-20 14:34,R_02muVf0T5kJWwcJ,,,,,48.44960022,-123.302597,test,,,1,4,3,4,3,3,3,3,2,,2,4,4,4,3,1,2,3,2,2,1,,1,,"1,2,3,4,5,6,7,8,9,10,11,12,13,14,15,16,17,18"
2019-07-20 14:34,2019-07-20 14:34,2,,100,0,1,2019-07-20 14:34,R_0q95wD2MrwXuODr,,,,,48.44960022,-123.302597,test,,3,3,1,4,3,1,2,2,4,3,2,4,3,2,3,3,2,,,2,2,2,4,1,2,"1,4,5,8,10,11,12,13,14,15"
2019-07-20 14:34,2019-07-20 14:34,2,,100,0,1,2019-07-20 14:34,R_dm7ay2s2YkzRQgt,,,,,48.44960022,-123.302597,test,,2,3,4,2,,3,3,3,1,3,4,1,4,3,,,3,3,1,1,4,4,2,3,2,"2,4,5,7,8,9,10,13,14,15,16,18"
2019-07-20 14:34,2019-07-20 14:34,2,,100,0,1,2019-07-20 14:34,R_cUtyPNzsp59JvLL,,,,,48.44960022,-123.302597,test,,,3,,1,,,3,1,3,,3,3,2,4,4,1,,4,2,,3,4,,,4,"3,5,6,7,10,13"
2019-07-20 14:34,2019-07-20 14:34,2,,100,0,1,2019-07-20 14:34,R_8Dq0dYW7XlkNCg5,,,,,48.44960022,-123.302597,test,,4,4,3,,1,2,,4,4,2,3,4,4,2,1,3,2,1,1,2,3,3,2,2,2,"1,2,4,5,8,9"
2019-07-20 14:34,2019-07-20 14:34,2,,100,0,1,2019-07-20 14:34,R_aVj7t0qwIwFnkMd,,,,,48.44960022,-123.302597,test,,3,1,4,,,3,3,2,4,4,1,,,3,,,4,2,,3,1,,4,1,,"2,3,6,7,8,10,11,13,14,15,16,17"
2019-07-20 14:34,2019-07-20 14:34,2,,100,0,1,2019-07-20 14:34,R_8cXikIDVlFa5pqd,,,,,48.44960022,-123.302597,test,,,1,2,1,1,4,2,2,1,4,,3,,3,,4,,4,1,,1,,2,4,1,"14,15"
2019-07-20 14:34,2019-07-20 14:34,2,,100,0,1,2019-07-20 14:34,R_51rvcL1vbAYXekt,,,,,48.44960022,-123.302597,test,,4,4,,4,4,1,4,4,2,2,2,3,1,,1,3,4,1,4,2,3,,3,3,2,"2,7,8,17"
2019-07-20 14:34,2019-07-20 14:34,2,,100,0,1,2019-07-20 14:34,R_72l2UP1cAVDqWH3,,,,,48.44960022,-123.302597,test,,1,1,3,4,,4,3,1,1,2,4,2,1,,2,2,,,2,3,1,1,,4,2,"1,3,4,6,7,8,9,11,16,17,18"
2019-07-20 14:34,2019-07-20 14:34,2,,100,0,1,2019-07-20 14:34,R_eWf9iTMBOb60hU1,,,,,48.44960022,-123.302597,test,,4,4,,,2,4,3,4,4,1,,4,2,3,,,2,2,1,4,,2,3,3,2,"5,9,11,15"
2019-07-20 14:34,2019-07-20 14:34,2,,100,0,1,2019-07-20 14:34,R_ehftTPY6n52qRHD,,,,,48.44960022,-123.302597,test,,3,,1,4,2,3,4,4,3,2,2,4,1,,2,3,,1,2,3,3,,2,1,3,"1,2,3,4,6,7,8,10,11,12,13,15,16,17,18"
2019-07-20 14:34,2019-07-20 14:34,2,,100,0,1,2019-07-20 14:34,R_3C8EAoJxaS5VziB,,,,,48.44960022,-123.302597,test,,3,2,4,3,2,1,2,3,3,2,3,4,2,3,1,4,4,4,4,2,4,3,,4,,"1,4,6,7,8,9,11,13,14,15,17,18"
2019-07-20 14:34,2019-07-20 14:34,2,,100,0,1,2019-07-20 14:34,R_41tKX3MuqIjTHE1,,,,,48.44960022,-123.302597,test,,1,3,,2,4,1,2,,,2,1,4,4,3,3,4,,2,3,4,,4,2,3,,"4,11,15,16"
2019-07-20 14:34,2019-07-20 14:34,2,,100,0,1,2019-07-20 14:34,R_9uz1SaCO8vdSxxj,,,,,48.44960022,-123.302597,test,,4,,3,,3,2,3,2,2,,2,1,,3,4,3,1,4,3,2,4,2,3,4,,"2,3,5,6,8,10,11,12,13,14,16,17,18"
2019-07-20 14:34,2019-07-20 14:34,2,,100,0,1,2019-07-20 14:34,R_0wbsHK0u9YBBZNr,,,,,48.44960022,-123.302597,test,,3,3,1,,4,2,1,4,3,1,2,1,2,4,,3,1,3,1,1,4,4,,,2,"2,3,4,5,6,7,8,9,10,11,15,16,17,18"
2019-07-20 14:34,2019-07-20 14:34,2,,100,0,1,2019-07-20 14:34,R_1St2hdmnORvEs1n,,,,,48.44960022,-123.302597,test,,3,1,3,2,4,2,3,2,,1,1,,3,2,3,2,2,1,4,1,,,3,,,"1,2,3,5,7,8,9,10,11,12,13,14,15,16,17,18"
2019-07-20 14:34,2019-07-20 14:34,2,,100,0,1,2019-07-20 14:34,R_dpAwteJcmHWU8rH,,,,,48.44960022,-123.302597,test,,2,3,3,3,1,,2,2,2,1,3,3,4,4,2,2,2,4,1,3,3,1,,4,,"1,2,3,4,5,6,7,8,9,10,11,12,13,14,15,16,17,18"
2019-07-20 14:34,2019-07-20 14:34,2,,100,0,1,2019-07-20 14:34,R_1zcyys25fEaqa6F,,,,,48.44960022,-123.302597,test,,4,1,4,1,1,,3,,,,,4,2,,4,3,4,1,2,4,4,2,,3,2,"1,2,5,8,9,11,12,14,15,18"
2019-07-20 14:34,2019-07-20 14:34,2,,100,0,1,2019-07-20 14:34,R_81U30BIzubJcqi1,,,,,48.44960022,-123.302597,test,,3,2,1,4,4,2,2,1,1,,2,1,3,,4,4,,1,3,,1,,3,2,3,"2,3,4,5,6,7,8,9,10,12,13,14,15,16,17,18"
2019-07-20 14:34,2019-07-20 14:34,2,,100,0,1,2019-07-20 14:34,R_eCCwxljDc1bhIeV,,,,,48.44960022,-123.302597,test,,,2,1,4,,3,2,,4,4,,,2,3,1,4,2,3,4,4,4,,1,4,4,"7,9,12,13,17"
2019-07-20 14:34,2019-07-20 14:34,2,,100,0,1,2019-07-20 14:34,R_6M672xUqq8dNfEx,,,,,48.44960022,-123.302597,test,,4,2,2,2,2,1,1,3,2,2,3,4,,,,1,2,2,2,,1,3,3,2,4,"1,2,3,4,5,6,7,8,9,10,11,12,13,14,15,16,17,18"
2019-07-20 14:34,2019-07-20 14:34,2,,100,0,1,2019-07-20 14:34,R_3UjI7w4Lgdm1DsV,,,,,48.44960022,-123.302597,test,,3,2,3,4,2,1,3,1,4,2,2,2,4,4,3,1,3,1,1,4,1,2,4,3,4,"1,2,3,5,6,7,8,11,12,13,14,15,18"
2019-07-20 14:34,2019-07-20 14:34,2,,100,0,1,2019-07-20 14:34,R_8C7NE9EM3cSAYL3,,,,,48.44960022,-123.302597,test,,,4,3,1,3,3,,4,3,1,,2,3,3,4,3,3,2,2,,,3,4,2,4,"1,6,9,14"
2019-07-20 14:34,2019-07-20 14:34,2,,100,0,1,2019-07-20 14:34,R_aWyMzYNxAP4olVj,,,,,48.44960022,-123.302597,test,,,4,4,,1,1,1,3,2,,3,2,2,1,4,3,2,3,,1,1,4,4,4,2,"3,11,15"
2019-07-20 14:34,2019-07-20 14:34,2,,100,0,1,2019-07-20 14:34,R_9z5JtpUGNXYUS4B,,,,,48.44960022,-123.302597,test,,4,1,1,1,4,3,,1,1,2,4,2,1,,2,3,2,1,1,,3,,,1,2,"2,3,4,5,7,8,9,10,11,12,14,16,17,18"
2019-07-20 14:34,2019-07-20 14:34,2,,100,0,1,2019-07-20 14:34,R_6g3xonjxJ1GwnSB,,,,,48.44960022,-123.302597,test,,2,4,,3,,4,1,4,,3,1,,1,3,1,4,1,4,2,,,,,3,2,"1,3,7,10"
2019-07-20 14:34,2019-07-20 14:34,2,,100,0,1,2019-07-20 14:34,R_cRYEPKFzjfuqtJb,,,,,48.44960022,-123.302597,test,,2,4,2,,1,2,2,4,,1,4,4,2,,1,3,,4,,4,2,1,,4,,"2,4,7,10"
2019-07-20 14:34,2019-07-20 14:34,2,,100,0,1,2019-07-20 14:34,R_b1qtfpALW5SBpIN,,,,,48.44960022,-123.302597,test,,4,1,1,4,,,3,3,1,,3,1,,3,3,,3,,,1,4,,1,3,2,"1,3,4,5,7,8,12,13,14,15,16,17,18"
2019-07-20 14:34,2019-07-20 14:34,2,,100,0,1,2019-07-20 14:34,R_b2QhdusPozjLRd3,,,,,48.44960022,-123.302597,test,,,2,2,3,1,2,,2,4,3,3,2,2,1,3,3,1,2,3,,1,,2,1,3,"1,2,3,4,5,6,7,8,10,11,13,14,15,17,18"
2019-07-20 14:34,2019-07-20 14:34,2,,100,0,1,2019-07-20 14:34,R_22YsZgYvWcRYmY5,,,,,48.44960022,-123.302597,test,,3,2,1,2,2,2,,4,,1,4,2,,1,3,3,,3,,3,2,4,2,1,1,"2,4,5,7,8,10,12,13"
2019-07-20 14:34,2019-07-20 14:34,2,,100,0,1,2019-07-20 14:34,R_0OZGx5PNS7nuDHL,,,,,48.44960022,-123.302597,test,,1,,,,,4,4,2,,1,3,,2,4,2,4,,4,3,2,1,1,4,2,3,"1,3,4,6,8,10,11,14,15,17,18"
2019-07-20 14:34,2019-07-20 14:34,2,,100,0,1,2019-07-20 14:34,R_aWq3V43aPfXKa2h,,,,,48.44960022,-123.302597,test,,1,3,2,3,3,,4,,,4,3,1,3,1,3,,4,4,1,1,1,4,4,2,3,"1,11,14"
2019-07-20 14:34,2019-07-20 14:34,2,,100,0,1,2019-07-20 14:34,R_aWDavxLSzTvGIQd,,,,,48.44960022,-123.302597,test,,3,4,3,2,2,3,2,4,3,3,4,1,3,3,4,2,3,4,3,2,3,,3,1,,"1,3,4,6,7,8,9,10,11,13,16,17,18"
2019-07-20 14:34,2019-07-20 14:34,2,,100,0,1,2019-07-20 14:34,R_a2GvAUpZVbIjqst,,,,,48.44960022,-123.302597,test,,2,,4,1,,3,3,1,,2,,,3,,3,2,4,1,2,,2,3,,1,3,"1,3,5,8,9,10,11,12,13,15,16"
2019-07-20 14:34,2019-07-20 14:34,2,,100,0,1,2019-07-20 14:34,R_e8MuRGJKV0UKGR7,,,,,48.44960022,-123.302597,test,,3,,,4,2,4,3,1,3,2,3,,4,1,,1,1,1,2,,3,1,4,1,1,"2,6,8"
2019-07-20 14:34,2019-07-20 14:34,2,,100,0,1,2019-07-20 14:34,R_8J8HQgwL9cXlQMt,,,,,48.44960022,-123.302597,test,,,,3,2,4,3,2,,,2,,,3,4,4,4,,2,,3,1,,,,1,"1,2,3,4,5,6,7,8,9,10,11,12,14,15,16,17,18"
2019-07-20 14:34,2019-07-20 14:34,2,,100,0,1,2019-07-20 14:34,R_0NXDNiJwGUJ0h5b,,,,,48.44960022,-123.302597,test,,2,4,3,,2,,3,,3,2,,4,4,3,,4,4,3,4,2,3,3,,2,4,"1,2,3,4,5,7,8,10,11,12,13,15,16,17,18"
2019-07-20 14:34,2019-07-20 14:34,2,,100,0,1,2019-07-20 14:34,R_8kW21u6R2ePyGbz,,,,,48.44960022,-123.302597,test,,2,3,4,3,1,,,2,4,1,2,1,2,4,,2,,3,2,1,1,,4,3,3,"1,2,3,7,9,11,12,13,14,15,17"
2019-07-20 14:34,2019-07-20 14:34,2,,100,0,1,2019-07-20 14:34,R_8cD4pK7VWYofnc9,,,,,48.44960022,-123.302597,test,,3,2,2,,4,,1,3,3,,1,3,1,3,1,1,2,2,4,2,1,3,1,3,4,"1,7,9,10,11,13,14,18"
2019-07-20 14:34,2019-07-20 14:34,2,,100,0,1,2019-07-20 14:34,R_1yNtLEcDF2jPt5j,,,,,48.44960022,-123.302597,test,,4,,3,2,4,4,1,2,3,2,4,2,2,4,2,1,3,3,2,,1,3,,3,2,"1,3,6,7,8,9,10,11,12,13,14,15,17"
2019-07-20 14:34,2019-07-20 14:34,2,,100,0,1,2019-07-20 14:34,R_exEXbOlr5GTgKI5,,,,,48.44960022,-123.302597,test,,,,4,,2,3,4,,2,3,2,4,1,4,3,4,4,2,1,1,,1,,1,2,"2,3,5,6,8,10,11,13,16,18"
2019-07-20 14:34,2019-07-20 14:34,2,,100,0,1,2019-07-20 14:34,R_8BOn5L7BVao4MWF,,,,,48.44960022,-123.302597,test,,1,4,1,3,2,3,3,3,4,3,3,2,,3,3,2,,4,4,3,3,2,3,1,1,"9,12,15"
2019-07-20 14:34,2019-07-20 14:34,2,,100,0,1,2019-07-20 14:34,R_29vPMDuPLXbiq1L,,,,,48.44960022,-123.302597,test,,1,3,1,2,1,4,,,2,2,4,4,3,3,2,1,,,4,3,4,4,,2,3,"2,3,5,6,11,12,13,14,15,16,17,18"
2019-07-20 14:34,2019-07-20 14:34,2,,100,0,1,2019-07-20 14:34,R_8ACbu2W5XQYBr4p,,,,,48.44960022,-123.302597,test,,2,1,4,2,2,1,,2,,,4,4,1,1,1,,3,1,,2,,2,1,,1,"1,2,3,4,5,6,7,8,11,12,13,14,16,18"
2019-07-20 14:34,2019-07-20 14:34,2,,100,0,1,2019-07-20 14:34,R_bqP6o4q1h1vzzIF,,,,,48.44960022,-123.302597,test,,1,4,1,2,2,3,2,3,1,,4,3,4,2,3,,2,2,,4,,2,4,3,1,"3,4,6,7,8,9,10,12,14,16,18"
2019-07-20 14:34,2019-07-20 14:34,2,,100,0,1,2019-07-20 14:34,R_9oVBkz0v1jg3qtv,,,,,48.44960022,-123.302597,test,,3,2,2,2,3,1,,4,3,3,2,,4,4,1,4,2,3,3,,,1,3,3,4,"5,7,8,11,13,14,17"
2019-07-20 14:34,2019-07-20 14:34,2,,100,0,1,2019-07-20 14:34,R_5A5ubAARIZXG0rb,,,,,48.44960022,-123.302597,test,,,3,2,3,2,1,4,4,3,1,4,1,,4,3,4,1,1,3,1,1,,1,3,2,"1,8,15,16,18"
2019-07-20 14:34,2019-07-20 14:34,2,,100,0,1,2019-07-20 14:34,R_4ZoWVlZDzO3Xayp,,,,,48.44960022,-123.302597,test,,2,2,4,3,1,4,4,2,4,,4,4,2,1,2,3,1,3,,1,3,4,2,,1,"1,2,3,4,5,6,7,8,9,10,11,12,13,14,15,16,17,18"
2019-07-20 14:34,2019-07-20 14:34,2,,100,0,1,2019-07-20 14:34,R_5hwzFYE0hYEveGF,,,,,48.44960022,-123.302597,test,,1,1,1,4,4,1,2,4,2,3,3,2,1,,1,3,2,3,,3,2,2,4,3,4,"1,3,4,6,8,10,11,12,14,16,18"
2019-07-20 14:34,2019-07-20 14:34,2,,100,0,1,2019-07-20 14:34,R_6lhn9dmcEMoqDmR,,,,,48.44960022,-123.302597,test,,2,2,3,4,2,,2,2,1,1,4,2,3,1,2,3,3,3,1,1,2,3,2,1,3,"1,2,3,4,5,6,7,8,9,10,11,12,13,14,15,16,17,18"
2019-07-20 14:34,2019-07-20 14:34,2,,100,0,1,2019-07-20 14:34,R_80bH4zNzrVpURcF,,,,,48.44960022,-123.302597,test,,3,3,3,1,,3,4,3,2,2,3,4,4,2,1,3,4,,3,4,2,4,2,,1,"4,5,6,10,17,18"
2019-07-20 14:34,2019-07-20 14:34,2,,100,0,1,2019-07-20 14:34,R_4SlWG9WDEII130h,,,,,48.44960022,-123.302597,test,,2,2,,,2,,,3,3,4,4,3,,4,1,4,4,1,,4,1,3,2,,4,"2,4,8,11,14,18"
2019-07-20 14:34,2019-07-20 14:34,2,,100,0,1,2019-07-20 14:34,R_29KpHMKi6dD50Ut,,,,,48.44960022,-123.302597,test,,1,,2,2,3,2,1,,4,3,3,4,3,2,,,2,1,1,4,1,2,,3,2,"2,3,4,7,8,9,10,11,12,13,16,17,18"
2019-07-20 14:34,2019-07-20 14:34,2,,100,0,1,2019-07-20 14:34,R_7O4BFoli46kPsqN,,,,,48.44960022,-123.302597,test,,4,4,2,4,3,3,,,1,1,2,3,2,2,1,3,2,3,4,3,4,4,2,1,2,"2,3,4,5,6,7,8,9,10,13,14,16,17"
2019-07-20 14:34,2019-07-20 14:34,2,,100,0,1,2019-07-20 14:34,R_2oCaF4i3iGJM1w1,,,,,48.44960022,-123.302597,test,,,4,,,1,,,1,2,3,2,,3,1,2,,3,1,2,2,,1,3,1,2,"2,4,9,10,13,16"
2019-07-20 14:34,2019-07-20 14:34,2,,100,0,1,2019-07-20 14:34,R_2fxghsAnhwdFUfb,,,,,48.44960022,-123.302597,test,,,,,1,4,4,4,1,3,2,,,,2,2,,,4,2,,4,,1,,2,"1,2,3,4,5,6,7,8,9,10,11,12,13,14,15,16,17,18"
2019-07-20 14:34,2019-07-20 14:34,2,,100,0,1,2019-07-20 14:34,R_0eVImDgyc1BtFNb,,,,,48.44960022,-123.302597,test,,4,4,1,2,4,,2,2,3,4,1,2,,1,2,2,4,2,3,4,3,4,3,3,1,"1,2,3,9,10,12,13,14,17,18"
2019-07-20 14:34,2019-07-20 14:34,2,,100,0,1,2019-07-20 14:34,R_eeuujYBRwB7YQrb,,,,,48.44960022,-123.302597,test,,1,1,4,4,4,,,4,1,,1,1,2,3,2,3,4,2,3,1,2,1,4,,3,"1,2,5,7,11,13,15,16,17,18"
2019-07-20 14:34,2019-07-20 14:34,2,,100,0,1,2019-07-20 14:34,R_aUVGmuIUfAOc3jL,,,,,48.44960022,-123.302597,test,,1,1,2,2,,,,1,1,3,,3,3,,4,2,2,,4,2,4,3,3,1,,"1,2,3,4,5,6,7,8,9,10,12,13,14,15,16,17,18"
2019-07-20 14:34,2019-07-20 14:34,2,,100,0,1,2019-07-20 14:34,R_2uj8if2udIf86X3,,,,,48.44960022,-123.302597,test,,,2,1,3,1,1,,3,3,4,4,3,1,3,,1,1,3,1,3,2,1,4,4,4,"1,3,4,6,7,8,9,10,11,12,13,14,16,18"
2019-07-20 14:34,2019-07-20 14:34,2,,100,0,1,2019-07-20 14:34,R_5ySRzm1PBinEs2V,,,,,48.44960022,-123.302597,test,,2,,4,2,1,4,2,3,3,2,3,1,,2,1,3,3,,4,,,,3,,3,"1,2,3,4,6,7,8,9,10,12,13,14,15,16,17"
2019-07-20 14:34,2019-07-20 14:34,2,,100,0,1,2019-07-20 14:34,R_6EgphmvVX9ZrFNX,,,,,48.44960022,-123.302597,test,,3,1,1,2,4,,4,,,2,3,1,1,1,2,2,2,,,,,1,,,4,"1,2,3,4,5,6,7,10,12,14,15,16,17,18"
2019-07-20 14:34,2019-07-20 14:34,2,,100,0,1,2019-07-20 14:34,R_42haGq9mp5CP21D,,,,,48.44960022,-123.302597,test,,2,,4,4,,2,,3,1,2,,2,3,1,1,1,2,3,3,1,4,3,1,2,3,"4,16"
2019-07-20 14:34,2019-07-20 14:34,2,,100,0,1,2019-07-20 14:34,R_1GmlIHZPAQTJRZP,,,,,48.44960022,-123.302597,test,,2,,,4,3,1,4,3,,3,3,4,1,1,2,4,2,1,2,,2,4,,2,,"2,5,11,13,16"
2019-07-20 14:34,2019-07-20 14:34,2,,100,0,1,2019-07-20 14:34,R_b2Djf5JRCYIHqPH,,,,,48.44960022,-123.302597,test,,1,1,1,4,2,1,4,2,2,2,,1,2,,,3,2,2,2,4,3,1,,,4,"1,4,5,8,9,12,13,14,16,17"
2019-07-20 14:34,2019-07-20 14:34,2,,100,0,1,2019-07-20 14:34,R_0PXMLesOCrZNYPz,,,,,48.44960022,-123.302597,test,,1,1,,1,3,,1,3,4,2,3,4,3,,3,,3,,,3,,3,3,2,1,"2,3,13,15,18"
2019-07-20 14:34,2019-07-20 14:34,2,,100,1,1,2019-07-20 14:34,R_ebrTAKJLJ3JmuR7,,,,,48.44960022,-123.302597,test,,4,1,1,3,1,3,,2,2,1,3,,1,2,3,1,3,,4,4,,,4,2,1,"2,5,7,8,9,12,14,16"
2019-07-20 14:34,2019-07-20 14:34,2,,100,0,1,2019-07-20 14:34,R_e8znyLoyr2Sf7dH,,,,,48.44960022,-123.302597,test,,2,,4,,,,1,3,1,1,,3,2,2,4,3,,3,3,4,1,4,2,4,,"4,11,13,16,17"
2019-07-20 14:34,2019-07-20 14:34,2,,100,0,1,2019-07-20 14:34,R_6flD1S09aroaICx,,,,,48.44960022,-123.302597,test,,3,3,,4,3,4,,4,3,2,,,,3,4,3,4,2,2,4,,4,1,1,1,"2,3,4,5,6,7,8,9,10,12,13,14,15,16,17"
2019-07-20 14:34,2019-07-20 14:34,2,,100,0,1,2019-07-20 14:34,R_3WC2is4P3A2nTZb,,,,,48.44960022,-123.302597,test,,2,2,1,4,3,3,2,4,2,2,1,1,3,4,3,,3,3,,2,4,,1,,3,"1,2,3,4,5,6,9,10,11,12,14,15,18"
2019-07-20 14:34,2019-07-20 14:34,2,,100,0,1,2019-07-20 14:34,R_1Xnu6MZaOQvu2QR,,,,,48.44960022,-123.302597,test,,3,1,4,4,1,2,3,,3,,2,2,,,1,1,1,,1,3,1,,,4,,"1,2,3,4,5,7,8,9,10,11,12,13,14,15,16,17,18"
2019-07-20 14:34,2019-07-20 14:34,2,,100,0,1,2019-07-20 14:34,R_5ciXwEXccEpRknb,,,,,48.44960022,-123.302597,test,,3,,4,2,2,2,3,4,2,2,1,2,4,2,1,,4,1,4,,2,2,4,3,1,"2,3,5,7,8,9,11,12,13,17,18"
2019-07-20 14:34,2019-07-20 14:34,2,,100,0,1,2019-07-20 14:34,R_6zGi8G26Npt6eVf,,,,,48.44960022,-123.302597,test,,3,2,1,3,3,3,4,,3,3,4,2,4,2,1,2,4,3,1,4,4,4,2,2,4,"1,2,3,4,5,6,7,8,9,10,11,12,13,14,15,16,17,18"
2019-07-20 14:34,2019-07-20 14:34,2,,100,0,1,2019-07-20 14:34,R_3QPxQnRX7yFeyG1,,,,,48.44960022,-123.302597,test,,1,4,3,4,2,4,2,3,3,3,,2,4,1,,2,4,2,3,4,2,2,3,4,1,"1,2,3,4,5,6,7,8,10,11,13,14,16,17,18"
2019-07-20 14:34,2019-07-20 14:34,2,,100,0,1,2019-07-20 14:34,R_ekXAzRE4jG8datf,,,,,48.44960022,-123.302597,test,,,2,2,3,4,1,2,3,,,2,3,4,,2,4,,,4,3,4,4,3,1,3,"3,4,6,7,8,9,10,12,13,14,15,16,18"
2019-07-20 14:34,2019-07-20 14:34,2,,100,0,1,2019-07-20 14:34,R_4MHie8z5oRdVI57,,,,,48.44960022,-123.302597,test,,,,4,4,,3,4,1,3,3,2,2,,1,3,3,1,1,,3,,2,2,,3,"4,5,9,11,14,17,18"
2019-07-20 14:34,2019-07-20 14:34,2,,100,0,1,2019-07-20 14:34,R_2sL82LKr07mPvgh,,,,,48.44960022,-123.302597,test,,,4,,3,2,3,3,1,2,2,3,2,4,,1,2,4,3,2,2,2,2,2,1,3,"1,2,7,8,9,10,11,16,17,18"
2019-07-20 14:34,2019-07-20 14:34,2,,100,0,1,2019-07-20 14:34,R_7PyWbDXbQwp3oPz,,,,,48.44960022,-123.302597,test,,2,1,2,,2,3,,3,3,4,,3,,2,4,1,4,4,4,1,,1,1,1,3,"2,6,7,8,11,15"
2019-07-20 14:34,2019-07-20 14:34,2,,100,0,1,2019-07-20 14:34,R_e3ZuOWeAWPb9apn,,,,,48.44960022,-123.302597,test,,2,,2,,,,3,1,4,1,2,,4,4,,3,4,2,4,3,4,3,4,2,4,"3,5,7,9,12,13,14,15,16"
2019-07-20 14:34,2019-07-20 14:34,2,,100,0,1,2019-07-20 14:34,R_ahOzqa4SsVOa74h,,,,,48.44960022,-123.302597,test,,3,2,2,3,4,1,4,1,3,2,,3,3,4,3,2,1,,1,,,,4,3,2,"2,4,7,12,13,18"
2019-07-20 14:34,2019-07-20 14:34,2,,100,0,1,2019-07-20 14:34,R_7aFta1RavTHZrfv,,,,,48.44960022,-123.302597,test,,,,1,1,,3,,,4,3,4,4,1,2,4,4,2,,1,2,1,2,3,4,1,"1,3,4,6,7,8,16"
2019-07-20 14:34,2019-07-20 14:34,2,,100,0,1,2019-07-20 14:34,R_8hKzsmqmtmaXqpn,,,,,48.44960022,-123.302597,test,,3,2,,2,,1,4,2,2,3,1,3,4,2,3,4,2,4,4,4,,2,,3,2,"1,3,8,10,11,12,14,17,18"
2019-07-20 14:34,2019-07-20 14:34,2,,100,0,1,2019-07-20 14:34,R_8qyDIig5c8N14pL,,,,,48.44960022,-123.302597,test,,,4,,,3,3,,,1,4,3,2,2,4,2,1,3,1,3,2,2,4,3,1,2,"1,10,12,18"
2019-07-20 14:34,2019-07-20 14:34,2,,100,0,1,2019-07-20 14:34,R_3TPe3E0UcZ63kZn,,,,,48.44960022,-123.302597,test,,1,3,2,3,,4,3,2,2,3,3,3,4,4,,4,1,2,3,4,2,4,,1,3,"1,3,4,5,7,10,11,12,13,14,16,18"
2019-07-20 14:34,2019-07-20 14:34,2,,100,0,1,2019-07-20 14:34,R_0MnFCMhF3s2b5WJ,,,,,48.44960022,-123.302597,test,,2,3,4,3,1,1,4,1,3,4,2,3,2,1,1,,4,1,4,3,,1,2,2,1,"1,2,3,4,5,6,7,8,11,12,13,14,17,18"
2019-07-20 14:34,2019-07-20 14:34,2,,100,0,1,2019-07-20 14:34,R_doK5X1wXgK3aNed,,,,,48.44960022,-123.302597,test,,1,,4,2,4,3,2,,,4,2,1,1,,2,,,1,3,3,3,2,4,1,2,"3,5,7,9,11,12,14,15,17"
2019-07-20 14:34,2019-07-20 14:34,2,,100,0,1,2019-07-20 14:34,R_4PnYSJB8mYhFPpP,,,,,48.44960022,-123.302597,test,,2,,4,1,2,4,4,4,4,2,1,2,1,1,,,4,1,,3,4,3,2,,,"8,14"
2019-07-20 14:34,2019-07-20 14:34,2,,100,0,1,2019-07-20 14:34,R_1HcWs9g2Mb4sC9f,,,,,48.44960022,-123.302597,test,,,1,4,3,3,,1,2,,2,,3,2,2,3,1,,1,4,2,,2,4,2,4,"3,6,7,10,11,12,14,16,17"