StartDate,EndDate,Status,IPAddress,Progress,Duration (in seconds),Finished,RecordedDate,ResponseId,RecipientLastName,RecipientFirstName,RecipientEmail,ExternalReference,LocationLatitude,LocationLongitude,DistributionChannel,UserLanguage,SBS_1,SBS_2,SBS_3,SBS_4,SBS_5,SBS_6,SBS_7,SBS_8,SBS_9,SBS_10,SBS_11,SBS_12,SBS_13,SBS_14,SBS_15,SBS_16,SBS_17,SBS_18,SBS_19,SBS_20,SBS_21,SBS_22,SBS_23,SBS_24,SBS_25,SBS_26,SBS_27,SBS_28,SBS_29,SBS_30,SBS_31,SBS_32,SBS_33,SBS_34,SBS_35,SBS_36,SBS_37,SBS_38,SBS_39,SBS_40
2019-07-17 13:51,2019-07-17 13:51,2,,100,0,1,2019-07-17 13:51,R_5oS4iUB1u3zEXOZ,,,,,48.41520691,-123.3655014,test,,0,2,2,3,0,0,0,0,1,1,0,0,0,2,1,2,0,3,3,2,1,3,3,1,1,2,0,2,2,0,3,1,0,3,2,2,1,0,0,1
2019-07-17 13:51,2019-07-17 13:51,2,,100,0,1,2019-07-17 13:51,R_6yWYpqYwHevokyp,,,,,48.41520691,-123.3655014,test,,0,2,3,3,0,3,0,3,3,0,3,0,2,2,2,2,2,2,2,3,2,0,1,3,1,2,3,1,3,1,3,2,3,0,0,3,2,2,2,3
2019-07-17 13:51,2019-07-17 13:51,2,,100,0,1,2019-07-17 13:51,R_1HwWPV4oi61u2ot,,,,,48.41520691,-123.3655014,test,,1,2,2,0,2,2,0,0,0,2,0,1,0,3,2,1,2,3,2,3,3,3,2,1,2,2,3,2,3,1,2,1,2,0,1,2,0,1,2,2
2019-07-17 13:51,2019-07-17 13:51,2,,100,0,1,2019-07-17 13:51,R_1GOfpoeHP0ZdwYB,,,,,48.41520691,-123.3655014,test,,3,0,2,3,0,1,0,2,3,0,0,3,0,3,3,0,3,0,1,2,0,3,3,0,2,1,0,1,2,3,2,0,1,0,2,1,3,3,3,2
2019-07-17 13:51,2019-07-17 13:51,2,,100,0,1,2019-07-17 13:51,R_exMp751Uf4Yufat,,,,,48.41520691,-123.3655014,test,,1,1,1,2,0,3,1,1,3,2,1,3,3,2,2,3,2,2,0,2,3,3,1,0,2,2,3,0,3,2,1,3,0,2,2,3,0,0,3,3
2019-07-17 13:51,2019-07-17 13:51,2,,100,0,1,2019-07-17 13:51,R_29stXIkLmKcTptz,,,,,48.41520691,-123.3655014,test,,0,2,1,0,2,1,1,0,3,3,3,3,3,3,0,2,2,3,0,3,0,1,0,2,1,1,1,3,1,3,3,2,3,0,3,1,0,0,0,1
2019-07-17 13:51,2019-07-17 13:51,2,,100,0,1,2019-07-17 13:51,R_dd7vSl64pGoTD5X,,,,,48.41520691,-123.3655014,test,,1,3,0,2,1,0,0,2,2,1,1,3,2,3,0,3,0,0,0,3,2,0,0,1,1,0,0,2,1,2,0,0,2,0,2,3,3,0,1,0
2019-07-17 13:51,2019-07-17 13:51,2,,100,0,1,2019-07-17 13:51,R_82oYTYMnnpH7c0d,,,,,48.41520691,-123.3655014,test,,0,0,1,1,0,3,0,0,2,1,0,3,2,2,1,2,2,2,2,1,0,0,1,1,3,3,2,2,3,1,1,0,3,1,1,3,0,3,1,0
2019-07-17 13:51,2019-07-17 13:51,2,,100,0,1,2019-07-17 13:51,R_7Vxv0eXjgsRYzEF,,,,,48.41520691,-123.3655014,test,,3,2,2,0,0,0,2,1,3,2,1,2,2,0,3,1,1,1,2,0,0,2,2,3,0,2,1,0,1,1,3,0,3,1,2,2,0,2,1,0
2019-07-17 13:51,2019-07-17 13:51,2,,100,0,1,2019-07-17 13:51,R_6wYJzBMqAdsMiNf,,,,,48.41520691,-123.3655014,test,,1,1,0,3,1,2,3,2,2,1,1,2,2,0,0,3,3,0,3,0,1,1,1,3,1,0,1,1,2,2,3,1,3,2,2,3,1,2,0,0
2019-07-17 13:51,2019-07-17 13:51,2,,100,0,1,2019-07-17 13:52,R_bBMMBCFAf52qIId,,,,,48.41520691,-123.3655014,test,,1,0,0,0,0,0,1,2,3,0,2,3,0,0,2,1,1,1,1,0,3,1,3,3,3,2,0,1,3,2,1,3,1,1,0,1,1,2,3,2
2019-07-17 13:52,2019-07-17 13:52,2,,100,0,1,2019-07-17 13:52,R_eycgpFqFlHIqqBD,,,,,48.41520691,-123.3655014,test,,2,0,2,3,1,1,2,1,1,1,0,1,0,2,1,3,2,3,2,0,3,1,1,0,0,2,2,1,1,3,1,1,3,3,3,2,0,3,2,2
2019-07-17 13:52,2019-07-17 13:52,2,,100,0,1,2019-07-17 13:52,R_1ZIw7JsZGPwKG8d,,,,,48.41520691,-123.3655014,test,,3,0,3,0,3,0,1,0,0,0,3,1,3,1,3,2,0,3,1,1,1,2,1,1,2,2,3,0,2,0,3,0,0,3,0,0,2,0,1,1
2019-07-17 13:52,2019-07-17 13:52,2,,100,0,1,2019-07-17 13:52,R_eXbD8iPIxz6LSKh,,,,,48.41520691,-123.3655014,test,,2,1,1,1,1,3,0,0,3,2,0,1,3,2,1,1,0,2,3,1,2,1,1,1,0,0,0,2,1,2,3,2,2,3,3,0,1,2,2,2
2019-07-17 13:52,2019-07-17 13:52,2,,100,0,1,2019-07-17 13:52,R_3EPPFd28YQKAgOV,,,,,48.41520691,-123.3655014,test,,1,1,1,0,1,0,0,0,0,0,0,1,0,3,0,3,0,1,3,2,0,0,3,1,1,3,3,0,0,2,3,3,3,3,1,3,1,0,2,2
2019-07-17 13:52,2019-07-17 13:52,2,,100,0,1,2019-07-17 13:52,R_bqQYUi3MzAlnjQp,,,,,48.41520691,-123.3655014,test,,2,1,2,0,0,1,0,1,3,1,3,1,1,1,0,1,2,3,1,2,3,1,3,2,1,2,2,2,1,2,0,1,2,3,2,3,2,3,2,3
2019-07-17 13:52,2019-07-17 13:52,2,,100,0,1,2019-07-17 13:52,R_8qTpiaiOLFrdIWN,,,,,48.41520691,-123.3655014,test,,2,0,3,2,2,3,0,1,3,1,1,0,0,2,0,0,1,3,1,2,1,2,2,2,0,2,3,0,2,2,3,1,2,1,1,0,2,1,2,3
2019-07-17 13:52,2019-07-17 13:52,2,,100,1,1,2019-07-17 13:52,R_0GTYIGU3tgNIWqN,,,,,48.41520691,-123.3655014,test,,2,0,1,2,2,0,2,2,2,2,2,3,0,1,3,0,1,2,2,2,0,3,0,0,3,0,1,3,2,0,1,3,0,1,2,0,0,3,0,2
2019-07-17 13:52,2019-07-17 13:52,2,,100,0,1,2019-07-17 13:52,R_cT2BFMJbhZppFdz,,,,,48.41520691,-123.3655014,test,,3,3,3,2,1,3,2,3,2,0,0,3,1,3,0,1,2,3,2,3,0,3,0,1,1,1,2,1,3,2,0,2,3,0,2,3,3,2,3,0
2019-07-17 13:52,2019-07-17 13:52,2,,100,0,1,2019-07-17 13:52,R_eeNmyt0je7d4FdX,,,,,48.41520691,-123.3655014,test,,1,2,1,2,3,2,0,0,3,0,2,2,1,2,1,2,2,1,0,1,3,3,1,3,0,3,3,1,1,1,0,0,3,1,1,0,0,3,1,2
2019-07-17 13:52,2019-07-17 13:52,2,,100,0,1,2019-07-17 13:52,R_6VC4ZdeSvgrcw9n,,,,,48.41520691,-123.3655014,test,,1,2,3,1,3,3,2,1,0,0,0,0,3,1,1,2,0,2,1,3,1,2,3,3,1,1,0,3,1,1,2,2,0,2,0,1,0,1,2,1
2019-07-17 13:52,2019-07-17 13:52,2,,100,0,1,2019-07-17 13:52,R_2u7FChkTfYi0y1L,,,,,48.41520691,-123.3655014,test,,1,1,3,2,1,1,2,1,3,3,0,2,2,2,1,0,0,1,0,1,3,1,2,1,1,2,0,3,3,3,1,1,2,2,0,0,0,2,1,1
2019-07-17 13:52,2019-07-17 13:52,2,,100,0,1,2019-07-17 13:52,R_eOHr93GHh86Qtsp,,,,,48.41520691,-123.3655014,test,,1,1,2,3,1,0,0,3,3,2,1,1,3,0,0,3,1,0,2,3,1,2,2,1,1,0,2,2,0,3,0,2,1,1,0,2,0,3,2,2
2019-07-17 13:52,2019-07-17 13:52,2,,100,0,1,2019-07-17 13:52,R_e3OZ52jA3fWIp5r,,,,,48.41520691,-123.3655014,test,,3,0,2,1,0,3,3,0,2,0,0,2,1,0,1,3,3,2,0,0,1,0,2,0,3,3,0,3,2,1,3,2,1,2,0,3,0,0,3,2
2019-07-17 13:52,2019-07-17 13:52,2,,100,0,1,2019-07-17 13:52,R_1LdVfaios6Tr2kt,,,,,48.41520691,-123.3655014,test,,0,1,2,1,2,2,3,3,0,2,0,0,0,2,2,0,3,3,1,3,0,2,3,1,0,1,0,3,3,3,2,3,2,2,1,3,0,3,3,0
2019-07-17 13:52,2019-07-17 13:52,2,,100,0,1,2019-07-17 13:52,R_aeFM7pkjspF7BLD,,,,,48.41520691,-123.3655014,test,,0,3,2,2,2,2,2,3,2,1,2,0,2,2,2,3,3,0,1,2,3,2,0,1,3,3,2,2,1,3,2,1,0,1,3,0,2,2,0,0
2019-07-17 13:52,2019-07-17 13:52,2,,100,0,1,2019-07-17 13:52,R_ddtDwWepNi0PpPL,,,,,48.41520691,-123.3655014,test,,0,0,0,0,2,2,0,2,3,0,1,1,2,3,3,2,0,2,0,2,3,1,1,1,3,3,3,0,3,1,1,3,1,1,2,3,0,0,0,1
2019-07-17 13:52,2019-07-17 13:52,2,,100,0,1,2019-07-17 13:52,R_0wI6HXAhGivUAhT,,,,,48.41520691,-123.3655014,test,,0,2,3,0,0,2,1,2,3,1,1,0,3,0,0,3,2,1,0,1,1,1,2,2,1,1,1,2,2,0,0,0,1,1,1,3,0,1,3,3
2019-07-17 13:52,2019-07-17 13:52,2,,100,0,1,2019-07-17 13:52,R_eR8buNAjj1AaEBL,,,,,48.41520691,-123.3655014,test,,2,0,0,3,3,2,0,3,2,2,2,3,0,2,1,3,1,2,2,1,3,2,1,0,1,1,1,2,0,0,1,1,3,1,2,1,3,0,3,2
2019-07-17 13:52,2019-07-17 13:52,2,,100,0,1,2019-07-17 13:52,R_8BN6OvUCiTTiXe5,,,,,48.41520691,-123.3655014,test,,1,2,3,3,2,3,2,3,1,3,1,3,0,1,3,2,2,3,3,2,3,3,1,3,2,0,0,2,3,1,2,2,0,0,2,0,1,2,1,1
2019-07-17 13:52,2019-07-17 13:52,2,,100,0,1,2019-07-17 13:52,R_2aTPMnvTpDQ4AOF,,,,,48.41520691,-123.3655014,test,,1,1,2,2,1,3,2,3,2,2,1,0,2,0,0,1,1,3,2,0,1,3,1,1,0,0,0,3,3,3,1,0,3,0,0,0,2,2,0,2
2019-07-17 13:52,2019-07-17 13:52,2,,100,0,1,2019-07-17 13:52,R_39mMLSPJlBvbmQJ,,,,,48.41520691,-123.3655014,test,,0,0,2,1,3,3,3,2,1,1,1,2,2,0,2,0,1,3,2,1,2,0,3,3,1,3,1,0,2,2,0,2,2,2,2,3,1,0,2,2
2019-07-17 13:52,2019-07-17 13:52,2,,100,1,1,2019-07-17 13:52,R_ahmcsm2T1WMVKyF,,,,,48.41520691,-123.3655014,test,,2,0,2,2,3,0,1,2,1,0,1,1,3,2,3,0,2,2,2,2,3,0,2,0,1,0,3,3,2,3,3,0,0,3,0,1,1,3,3,1
2019-07-17 13:52,2019-07-17 13:52,2,,100,0,1,2019-07-17 13:52,R_bO9pzyt2DCYlceF,,,,,48.41520691,-123.3655014,test,,1,2,3,2,1,2,0,3,3,3,2,1,3,1,3,3,2,1,0,2,3,2,3,3,1,1,2,1,1,2,0,2,3,0,0,1,3,1,1,0
2019-07-17 13:52,2019-07-17 13:52,2,,100,0,1,2019-07-17 13:52,R_5bTbAnkYRsSAiPP,,,,,48.41520691,-123.3655014,test,,3,0,0,2,1,3,2,1,2,1,3,1,2,3,3,2,1,3,0,1,1,3,1,3,2,2,0,2,3,0,1,3,0,0,0,1,0,1,1,2
2019-07-17 13:52,2019-07-17 13:52,2,,100,0,1,2019-07-17 13:52,R_8e1fE8hE9HiUmdn,,,,,48.41520691,-123.3655014,test,,2,2,3,3,2,0,2,3,3,0,3,0,3,2,1,2,2,0,3,2,3,0,3,1,1,1,2,2,1,3,2,2,0,0,1,3,0,0,3,0
2019-07-17 13:52,2019-07-17 13:52,2,,100,0,1,2019-07-17 13:52,R_3qmXNyejOhXDiG9,,,,,48.41520691,-123.3655014,test,,3,2,2,2,3,3,3,3,3,0,2,2,3,1,2,1,3,0,3,3,3,2,3,3,0,2,1,0,3,3,0,3,1,2,1,1,3,0,3,2
2019-07-17 13:52,2019-07-17 13:52,2,,100,0,1,2019-07-17 13:52,R_0084H18OTmY3n3n,,,,,48.41520691,-123.3655014,test,,2,3,1,0,1,2,1,3,3,3,2,3,0,2,1,3,0,3,0,3,2,1,3,1,2,3,2,1,2,3,0,1,3,3,3,0,2,2,0,3
2019-07-17 13:52,2019-07-17 13:52,2,,100,0,1,2019-07-17 13:52,R_ewyhHO3meNmfWjb,,,,,48.41520691,-123.3655014,test,,0,3,3,3,3,2,2,3,0,2,2,3,3,3,3,0,3,2,2,3,3,0,0,2,1,0,1,0,0,3,2,3,2,1,1,2,3,0,0,2
2019-07-17 13:52,2019-07-17 13:52,2,,100,0,1,2019-07-17 13:52,R_ezFouX4vhj3wJeJ,,,,,48.41520691,-123.3655014,test,,2,2,2,3,0,0,2,0,2,0,3,2,2,0,2,2,2,1,0,0,2,3,1,0,0,2,3,3,3,1,3,3,2,3,2,3,0,2,2,0
2019-07-17 13:52,2019-07-17 13:52,2,,100,0,1,2019-07-17 13:52,R_af5LGEnOmshXspv,,,,,48.41520691,-123.3655014,test,,0,2,3,1,0,3,0,3,0,1,1,2,2,0,3,0,1,2,1,3,3,3,1,3,2,0,1,2,1,1,2,3,3,2,2,2,1,3,3,1
2019-07-17 13:52,2019-07-17 13:52,2,,100,0,1,2019-07-17 13:52,R_3WY9TOlHHXkTTmZ,,,,,48.41520691,-123.3655014,test,,3,1,0,1,0,2,1,0,1,2,1,2,1,3,3,1,1,2,0,3,1,2,1,1,2,0,0,3,1,2,3,3,2,1,2,1,2,2,3,2
2019-07-17 13:52,2019-07-17 13:52,2,,100,0,1,2019-07-17 13:52,R_dhQCp5QMIUMInEF,,,,,48.41520691,-123.3655014,test,,2,0,0,0,2,2,1,1,1,2,0,1,2,2,2,0,0,1,2,0,3,0,3,3,0,2,0,2,3,3,3,0,2,1,1,2,0,3,3,2
2019-07-17 13:52,2019-07-17 13:52,2,,100,0,1,2019-07-17 13:52,R_3vKuomDVWK26g5L,,,,,48.41520691,-123.3655014,test,,2,2,2,2,1,2,3,1,3,2,2,3,0,1,3,1,0,0,3,1,0,1,3,1,0,1,0,3,2,3,2,3,1,3,1,0,0,2,2,2
2019-07-17 13:52,2019-07-17 13:52,2,,100,0,1,2019-07-17 13:52,R_8e5JJh6Kj9M4bWt,,,,,48.41520691,-123.3655014,test,,3,3,2,1,3,1,3,2,2,0,1,1,1,0,3,1,1,2,2,3,1,1,2,1,3,1,2,2,0,3,0,1,2,1,3,3,3,2,0,0
2019-07-17 13:52,2019-07-17 13:52,2,,100,0,1,2019-07-17 13:52,R_cB9Q0gFV64MD4ah,,,,,48.41520691,-123.3655014,test,,2,1,3,2,2,0,0,1,3,2,2,0,0,0,3,1,2,1,3,0,0,1,0,2,2,1,2,2,2,0,0,1,0,2,3,1,1,0,3,1
2019-07-17 13:52,2019-07-17 13:52,2,,100,0,1,2019-07-17 13:52,R_03oOjLRGEXvjFOt,,,,,48.41520691,-123.3655014,test,,1,3,0,1,1,1,0,1,3,1,1,1,3,0,2,2,3,0,1,2,0,3,3,2,0,3,3,2,0,1,2,3,0,3,0,0,1,2,2,2
2019-07-17 13:52,2019-07-17 13:52,2,,100,0,1,2019-07-17 13:52,R_d5UbxxZA7IF7g8d,,,,,48.41520691,-123.3655014,test,,3,2,1,0,0,2,3,0,0,1,3,1,1,2,3,0,1,2,3,2,1,0,0,1,0,3,2,2,2,3,0,3,3,0,1,1,2,1,3,2
2019-07-17 13:52,2019-07-17 13:52,2,,100,1,1,2019-07-17 13:52,R_8o9bpJoqxj8BVUF,,,,,48.41520691,-123.3655014,test,,3,2,0,1,0,3,1,2,3,3,1,2,2,2,0,3,3,2,1,0,1,2,1,0,3,0,0,1,2,0,1,1,3,0,2,3,2,1,0,1
2019-07-17 13:52,2019-07-17 13:52,2,,100,0,1,2019-07-17 13:52,R_6sdyHT36owjEkrb,,,,,48.41520691,-123.3655014,test,,2,1,1,1,3,3,1,3,2,0,2,2,1,2,1,3,0,2,2,3,1,0,0,0,1,2,2,2,3,0,3,1,3,0,2,1,0,2,1,1
2019-07-17 13:52,2019-07-17 13:52,2,,100,0,1,2019-07-17 13:52,R_3Iv2lXVwZy0cjwF,,,,,48.41520691,-123.3655014,test,,0,1,3,1,2,3,1,3,3,2,0,3,0,3,1,3,1,0,1,3,3,3,3,1,2,1,2,2,0,0,3,2,1,1,2,2,2,3,0,0
2019-07-17 13:52,2019-07-17 13:52,2,,100,0,1,2019-07-17 13:52,R_4ZumF34FTUaQTE9,,,,,48.41520691,-123.3655014,test,,3,1,0,1,0,2,1,3,3,3,1,3,3,3,1,3,2,3,3,0,3,1,0,3,3,1,1,2,2,1,0,2,2,2,1,1,2,3,3,2
2019-07-17 13:52,2019-07-17 13:52,2,,100,0,1,2019-07-17 13:52,R_e9zBemY0RbqVDqR,,,,,48.41520691,-123.3655014,test,,0,2,1,2,2,0,2,3,0,3,2,2,2,0,2,0,0,0,0,1,0,0,3,1,1,1,1,1,2,1,1,1,0,1,0,3,3,2,1,1
2019-07-17 13:52,2019-07-17 13:52,2,,100,0,1,2019-07-17 13:52,R_a5k4cRQuXhwjTc9,,,,,48.41520691,-123.3655014,test,,0,2,3,0,2,1,2,3,1,3,1,3,1,1,1,1,2,0,1,2,0,0,3,1,2,1,0,1,2,3,1,3,3,0,3,0,0,1,1,3
2019-07-17 13:52,2019-07-17 13:52,2,,100,0,1,2019-07-17 13:52,R_8HfAwOTVWzI5Axf,,,,,48.41520691,-123.3655014,test,,2,2,2,2,0,3,3,3,3,3,0,0,0,1,1,0,2,2,1,0,3,2,1,1,0,2,2,3,0,1,3,0,0,0,3,0,1,0,1,1
2019-07-17 13:52,2019-07-17 13:52,2,,100,0,1,2019-07-17 13:52,R_4ZuHVQ5zRYVHWeh,,,,,48.41520691,-123.3655014,test,,0,3,2,0,1,1,1,2,3,2,3,3,2,0,1,3,3,2,3,3,0,1,3,0,1,2,2,3,2,1,3,3,3,3,3,0,2,3,1,2
2019-07-17 13:52,2019-07-17 13:52,2,,100,0,1,2019-07-17 13:52,R_e4FC8hMbISy4N1j,,,,,48.41520691,-123.3655014,test,,1,0,3,0,2,2,2,2,2,2,3,1,3,2,3,3,3,3,1,1,1,2,2,3,1,2,2,2,1,0,1,1,3,2,1,3,3,2,0,2
2019-07-17 13:52,2019-07-17 13:52,2,,100,0,1,2019-07-17 13:52,R_8JpBkgRtCDFNulv,,,,,48.41520691,-123.3655014,test,,3,3,0,3,3,2,3,2,0,0,3,3,1,3,0,3,1,3,2,2,1,3,0,2,1,3,3,0,2,3,2,1,1,1,0,1,3,2,2,1
2019-07-17 13:52,2019-07-17 13:52,2,,100,1,1,2019-07-17 13:52,R_a5GuyXGGsgVrAY5,,,,,48.41520691,-123.3655014,test,,2,1,3,2,2,1,0,1,3,2,1,0,2,0,2,1,3,0,0,2,2,1,3,3,1,0,2,0,2,1,2,2,3,3,1,2,3,1,0,2
2019-07-17 13:52,2019-07-17 13:52,2,,100,0,1,2019-07-17 13:52,R_eKFWMSdpjrQczPL,,,,,48.41520691,-123.3655014,test,,1,0,3,3,0,2,1,0,1,0,0,0,3,3,3,0,0,3,0,2,3,1,2,2,2,3,3,3,1,3,2,3,2,2,0,3,0,0,3,0
2019-07-17 13:52,2019-07-17 13:52,2,,100,0,1,2019-07-17 13:52,R_81tEIX6iogHjJ4h,,,,,48.41520691,-123.3655014,test,,0,0,1,1,2,0,2,2,2,0,0,1,2,0,1,1,2,1,2,3,3,1,0,2,2,2,1,1,1,3,0,2,1,2,0,0,0,2,2,1
2019-07-17 13:52,2019-07-17 13:52,2,,100,0,1,2019-07-17 13:52,R_d1gHAYDS3oh0Aeh,,,,,48.41520691,-123.3655014,test,,3,3,0,0,1,0,3,3,3,2,0,2,2,0,0,3,2,0,0,0,0,2,0,1,1,1,0,2,1,0,0,3,2,2,1,3,1,1,0,1
2019-07-17 13:52,2019-07-17 13:52,2,,100,0,1,2019-07-17 13:52,R_01AOBs76EF6oqNf,,,,,48.41520691,-123.3655014,test,,1,2,0,3,3,3,0,3,2,0,1,0,2,1,2,1,2,2,2,0,2,3,1,2,2,1,3,2,0,3,1,1,0,3,2,3,1,3,3,3
2019-07-17 13:52,2019-07-17 13:52,2,,100,0,1,2019-07-17 13:52,R_555bPjykqdvBMLb,,,,,48.41520691,-123.3655014,test,,3,3,3,2,1,3,2,2,0,1,1,3,1,1,0,0,3,1,3,0,1,3,3,2,3,0,3,0,1,3,2,1,0,3,3,0,1,3,3,1
2019-07-17 13:52,2019-07-17 13:52,2,,100,0,1,2019-07-17 13:52,R_3JHL1xouQvCgtmd,,,,,48.41520691,-123.3655014,test,,1,2,1,3,3,2,0,1,3,3,3,0,2,1,0,0,2,2,2,3,3,3,3,3,3,3,0,3,1,2,0,1,0,2,3,1,0,2,3,3
2019-07-17 13:52,2019-07-17 13:52,2,,100,0,1,2019-07-17 13:52,R_0q7wJvOnaQ7JTa5,,,,,48.41520691,-123.3655014,test,,1,1,0,0,2,0,0,0,3,3,3,1,1,0,1,2,0,0,2,1,2,3,2,1,1,2,3,0,0,3,2,2,0,1,3,3,1,3,3,1
2019-07-17 13:52,2019-07-17 13:52,2,,100,0,1,2019-07-17 13:52,R_8kcIe41B8XEFv01,,,,,48.41520691,-123.3655014,test,,0,3,1,0,1,0,3,3,2,2,3,1,0,0,1,3,1,2,3,3,0,1,2,0,3,0,0,1,0,1,0,3,0,1,0,0,3,0,3,2
2019-07-17 13:52,2019-07-17 13:52,2,,100,0,1,2019-07-17 13:52,R_6XWpwcJYS6p1pK5,,,,,48.41520691,-123.3655014,test,,2,2,1,1,0,3,1,3,2,1,2,0,2,0,0,0,3,0,3,0,1,3,2,1,0,2,3,2,3,0,2,0,3,2,1,2,1,0,0,1
2019-07-17 13:52,2019-07-17 13:52,2,,100,1,1,2019-07-17 13:52,R_1FwQ9lVRRVGsME5,,,,,48.41520691,-123.3655014,test,,2,3,2,0,0,0,3,2,2,3,2,0,2,0,1,1,2,0,3,1,2,0,2,1,1,0,1,3,2,1,2,3,0,3,1,0,2,1,2,0
2019-07-17 13:52,2019-07-17 13:52,2,,100,0,1,2019-07-17 13:52,R_eX4n7KYWW3kgHKB,,,,,48.41520691,-123.3655014,test,,1,1,0,3,2,0,2,2,0,1,2,3,3,2,0,3,0,3,3,2,3,3,2,1,0,2,1,3,3,1,0,2,2,3,2,0,0,2,0,3
2019-07-17 13:52,2019-07-17 13:52,2,,100,0,1,2019-07-17 13:52,R_eIZzlYKhoeb0Prf,,,,,48.41520691,-123.3655014,test,,2,0,3,2,3,0,1,0,2,3,1,1,0,3,2,0,3,3,1,1,1,3,1,1,3,1,1,2,2,1,1,2,3,3,3,0,1,0,1,0
2019-07-17 13:52,2019-07-17 13:52,2,,100,0,1,2019-07-17 13:52,R_3jTYLjhYQzdnKmh,,,,,48.41520691,-123.3655014,test,,1,3,2,2,2,3,0,3,3,0,3,2,1,1,0,2,1,3,2,3,0,0,2,2,2,0,0,2,1,1,2,2,3,0,0,0,0,0,2,0
2019-07-17 13:52,2019-07-17 13:52,2,,100,0,1,2019-07-17 13:52,R_ePAofVHH88OhgPz,,,,,48.41520691,-123.3655014,test,,1,3,2,3,2,1,0,0,0,0,1,1,1,2,1,0,3,0,2,0,0,1,1,0,2,1,3,1,1,1,0,0,3,0,2,1,1,3,1,2
2019-07-17 13:52,2019-07-17 13:52,2,,100,0,1,2019-07-17 13:52,R_bQ3RO98zpuIkNox,,,,,48.41520691,-123.3655014,test,,0,1,1,3,3,0,1,0,2,0,0,2,2,2,2,1,2,2,3,3,1,1,2,1,2,1,3,2,3,0,2,1,0,0,0,3,2,0,0,0
2019-07-17 13:52,2019-07-17 13:52,2,,100,0,1,2019-07-17 13:52,R_71wUHhtBQc7fxXf,,,,,48.41520691,-123.3655014,test,,0,3,1,2,2,3,1,3,3,0,0,2,1,1,1,1,1,1,0,3,0,1,0,1,0,0,3,3,0,0,3,0,2,0,2,2,2,1,1,0
2019-07-17 13:52,2019-07-17 13:52,2,,100,0,1,2019-07-17 13:52,R_5sWYfuM5X347yux,,,,,48.41520691,-123.3655014,test,,2,1,1,2,1,3,1,3,3,1,3,2,2,3,2,1,0,2,2,0,3,0,1,0,0,2,1,0,3,3,0,2,3,3,3,1,3,1,1,0
2019-07-17 13:52,2019-07-17 13:52,2,,100,0,1,2019-07-17 13:52,R_55OmwuFjBhdFzh3,,,,,48.41520691,-123.3655014,test,,3,3,0,2,3,3,0,1,3,0,2,3,3,1,1,1,3,1,1,2,2,2,3,0,2,2,1,0,1,3,0,2,2,1,1,0,3,1,2,2
2019-07-17 13:52,2019-07-17 13:52,2,,100,0,1,2019-07-17 13:52,R_3EicHQvgwVIzcgZ,,,,,48.41520691,-123.3655014,test,,1,3,1,2,2,3,0,2,2,1,0,0,2,0,2,0,0,1,2,3,1,1,3,3,3,1,1,0,2,0,3,1,1,0,2,2,0,3,3,3
2019-07-17 13:52,2019-07-17 13:52,2,,100,0,1,2019-07-17 13:52,R_8Hu4OeoRTXYPm61,,,,,48.41520691,-123.3655014,test,,3,1,1,3,0,0,3,1,2,0,2,0,0,3,1,2,3,2,1,1,2,2,3,2,2,0,2,1,1,2,1,2,2,1,0,0,3,0,0,3
2019-07-17 13:52,2019-07-17 13:52,2,,100,0,1,2019-07-17 13:52,R_73qbARFJc3DfDcV,,,,,48.41520691,-123.3655014,test,,0,2,2,0,1,0,1,1,1,2,2,2,0,2,0,0,2,2,2,1,1,0,2,0,0,3,1,3,1,3,1,0,2,1,1,1,2,1,1,0
2019-07-17 13:52,2019-07-17 13:52,2,,100,0,1,2019-07-17 13:52,R_6XKCB8hPuyN0mrz,,,,,48.41520691,-123.3655014,test,,2,0,0,1,3,0,0,0,0,1,0,0,2,3,2,2,1,2,1,0,2,1,3,0,3,0,0,1,1,0,3,2,3,3,3,2,2,0,3,1
2019-07-17 13:52,2019-07-17 13:52,2,,100,0,1,2019-07-17 13:52,R_24xmUqDtx3LK3EV,,,,,48.41520691,-123.3655014,test,,1,0,2,2,1,1,0,1,0,3,3,0,3,1,3,3,0,1,0,1,2,0,3,3,0,2,1,2,3,2,2,3,3,3,1,0,2,0,1,3
2019-07-17 13:52,2019-07-17 13:52,2,,100,0,1,2019-07-17 13:52,R_9nIGdnciNHDXokB,,,,,48.41520691,-123.3655014,test,,2,0,3,0,2,1,2,0,0,2,1,3,1,3,3,0,2,0,1,1,3,0,1,0,1,0,1,3,0,2,2,3,1,1,2,0,0,1,1,1
2019-07-17 13:52,2019-07-17 13:52,2,,100,0,1,2019-07-17 13:52,R_eX5FUej93Mz15m5,,,,,48.41520691,-123.3655014,test,,0,0,1,0,0,2,0,0,2,1,1,3,2,0,0,2,2,0,3,1,0,0,3,3,1,1,2,0,0,0,2,3,3,0,3,2,0,2,2,3
2019-07-17 13:52,2019-07-17 13:52,2,,100,0,1,2019-07-17 13:52,R_b2XbTOso4T2Z4Lb,,,,,48.41520691,-123.3655014,test,,1,1,3,2,0,2,0,2,1,1,3,3,3,2,0,1,0,0,3,0,0,2,1,1,3,3,0,0,1,1,1,0,2,0,2,1,1,2,1,0
2019-07-17 13:52,2019-07-17 13:52,2,,100,0,1,2019-07-17 13:52,R_ebY4RDaYIOyGVTf,,,,,48.41520691,-123.3655014,test,,0,1,0,3,2,3,1,3,0,0,3,0,1,1,2,1,3,0,2,3,2,0,0,0,3,0,3,1,1,1,1,2,1,0,3,0,2,1,2,2
2019-07-17 13:52,2019-07-17 13:52,2,,100,0,1,2019-07-17 13:52,R_eWBME6wBgy9Wu9L,,,,,48.41520691,-123.3655014,test,,0,3,1,0,0,3,3,0,3,0,2,1,2,0,2,0,3,0,3,1,0,2,2,0,2,3,1,2,0,2,3,0,0,1,1,1,1,3,3,0
2019-07-17 13:52,2019-07-17 13:52,2,,100,0,1,2019-07-17 13:52,R_eRTQaW5P0CZZFv7,,,,,48.41520691,-123.3655014,test,,0,3,0,1,1,1,0,1,2,1,3,0,2,1,2,0,1,3,3,0,2,2,2,0,1,1,2,2,3,1,2,3,3,3,0,0,1,0,2,2
2019-07-17 13:52,2019-07-17 13:52,2,,100,0,1,2019-07-17 13:52,R_51JHlieFC2ERSmh,,,,,48.41520691,-123.3655014,test,,0,1,1,1,3,1,3,3,3,2,2,1,2,0,3,3,2,2,1,1,1,1,3,0,1,0,2,1,0,1,2,1,0,2,0,2,2,0,1,1
2019-07-17 13:52,2019-07-17 13:52,2,,100,0,1,2019-07-17 13:52,R_01GoUf36TgVkawZ,,,,,48.41520691,-123.3655014,test,,1,0,1,3,1,2,1,0,1,2,2,2,1,1,3,2,3,1,3,2,1,3,1,3,1,2,1,2,0,1,1,3,2,1,0,3,0,0,1,0
2019-07-17 13:52,2019-07-17 13:52,2,,100,0,1,2019-07-17 13:52,R_cMvbAQJ3NJU1X1j,,,,,48.41520691,-123.3655014,test,,2,2,3,0,1,0,0,1,2,1,3,3,3,2,3,3,1,1,2,0,3,1,3,2,0,3,0,2,1,0,0,0,0,1,2,0,1,1,1,2
2019-07-17 13:52,2019-07-17 13:52,2,,100,0,1,2019-07-17 13:52,R_9Z6Q4Ii6INm4Kcl,,,,,48.41520691,-123.3655014,test,,0,2,0,0,2,2,3,1,2,0,2,0,2,2,2,1,0,2,3,2,3,1,3,1,1,3,1,1,3,0,3,1,1,2,0,2,1,3,1,1
2019-07-17 13:52,2019-07-17 13:52,2,,100,0,1,2019-07-17 13:52,R_9LCjsrknGqSuA0l,,,,,48.41520691,-123.3655014,test,,2,1,2,1,3,2,0,0,3,2,3,1,3,3,2,1,0,3,1,0,3,0,0,2,0,0,3,1,3,0,0,3,1,3,3,1,0,1,1,3
2019-07-17 13:52,2019-07-17 13:52,2,,100,0,1,2019-07-17 13:52,R_3WM5wh8VKWJ4YD3,,,,,48.41520691,-123.3655014,test,,2,0,1,1,1,2,2,0,0,1,2,1,0,3,1,1,1,2,3,0,1,2,1,3,1,3,1,1,3,1,3,2,2,2,3,3,2,0,2,3
2019-07-17 13:52,2019-07-17 13:52,2,,100,0,1,2019-07-17 13:52,R_9tpxoeLQNy36G4R,,,,,48.41520691,-123.3655014,test,,1,0,3,0,2,3,0,3,1,3,0,0,3,3,2,3,3,3,0,3,3,1,0,3,2,0,1,3,2,0,3,2,0,3,0,1,2,3,1,0
2019-07-17 13:52,2019-07-17 13:52,2,,100,0,1,2019-07-17 13:52,R_eURPU2XZQDy9qJf,,,,,48.41520691,-123.3655014,test,,0,0,1,2,2,3,3,3,1,1,2,3,2,0,0,2,1,2,0,2,3,1,1,0,1,1,1,0,0,0,0,2,1,1,2,1,1,0,2,1
2019-07-17 13:52,2019-07-17 13:52,2,,100,0,1,2019-07-17 13:52,R_1yJwN3GGOAfg8u1,,,,,48.41520691,-123.3655014,test,,3,0,2,2,0,2,2,0,1,2,0,3,2,0,0,3,3,3,2,2,3,0,2,3,1,2,2,0,0,3,0,2,2,0,3,0,2,0,1,3
2019-07-17 13:52,2019-07-17 13:52,2,,100,0,1,2019-07-17 13:52,R_4IsEqP8mvbVanZj,,,,,48.41520691,-123.3655014,test,,1,1,3,3,1,0,0,3,0,0,3,3,3,3,0,2,0,1,3,2,3,2,2,3,3,1,3,0,1,1,2,1,3,1,1,3,3,1,2,3
2019-07-17 13:52,2019-07-17 13:52,2,,100,0,1,2019-07-17 13:52,R_diif9cbCcB3ijDn,,,,,48.41520691,-123.3655014,test,,3,0,3,0,3,3,1,3,2,1,2,3,0,3,2,3,3,2,1,1,2,3,0,3,1,2,2,2,0,0,0,0,1,0,0,3,1,2,2,1
2019-07-17 13:52,2019-07-17 13:52,2,,100,0,1,2019-07-17 13:52,R_3f1Vaxl0sq0r9QN,,,,,48.41520691,-123.3655014,test,,1,2,3,2,3,0,3,1,3,3,0,1,2,1,0,1,0,0,2,0,2,2,3,1,3,0,2,0,3,0,0,3,3,1,2,1,2,3,1,2
2019-07-17 13:52,2019-07-17 13:52,2,,100,0,1,2019-07-17 13:52,R_9ZjaJauAs2zxS4t,,,,,48.41520691,-123.3655014,test,,0,1,2,3,1,1,3,1,1,3,3,3,1,0,3,3,3,1,1,2,2,1,0,2,1,0,0,2,3,3,2,1,0,1,0,1,3,2,2,0
2019-07-17 13:52,2019-07-17 13:52,2,,100,0,1,2019-07-17 13:52,R_6D2hh1UuBHqXtMp,,,,,48.41520691,-123.3655014,test,,2,2,3,0,2,2,2,2,1,1,1,0,2,0,0,0,1,0,2,0,1,1,3,0,3,0,3,2,0,3,1,0,2,1,3,3,3,1,3,0
2019-07-17 13:52,2019-07-17 13:52,2,,100,0,1,2019-07-17 13:52,R_afV4ZGd8tjFAhhz,,,,,48.41520691,-123.3655014,test,,2,0,3,3,2,0,2,1,2,2,3,1,3,0,1,1,3,3,1,1,2,0,3,0,2,1,0,2,1,1,0,2,1,2,0,3,0,3,3,3
2019-07-17 13:52,2019-07-17 13:52,2,,100,0,1,2019-07-17 13:52,R_3CTLsfQy1sm9MOx,,,,,48.41520691,-123.3655014,test,,2,1,2,0,1,2,1,0,3,0,3,3,1,2,1,1,1,3,2,1,1,1,0,1,1,1,2,0,3,1,1,2,2,2,1,0,2,3,0,1
2019-07-17 13:52,2019-07-17 13:52,2,,100,0,1,2019-07-17 13:52,R_agWwpMeKo5Rru29,,,,,48.41520691,-123.3655014,test,,1,2,2,3,3,3,2,1,3,0,1,3,0,2,1,3,2,0,2,2,1,1,1,2,3,3,3,1,2,0,3,3,0,1,1,2,3,3,0,3
2019-07-17 13:52,2019-07-17 13:52,2,,100,0,1,2019-07-17 13:52,R_ddpaH7aGgj2phzv,,,,,48.41520691,-123.3655014,test,,2,1,3,3,1,2,1,2,0,2,2,0,3,3,1,0,2,2,1,2,2,1,2,2,3,0,2,1,3,1,3,3,1,1,2,1,3,0,0,1
2019-07-17 13:52,2019-07-17 13:52,2,,100,0,1,2019-07-17 13:52,R_6modmLBgFJHvGV7,,,,,48.41520691,-123.3655014,test,,3,0,2,0,0,3,1,3,1,3,3,1,1,2,1,2,0,3,0,2,3,0,2,0,0,1,2,3,1,2,3,3,0,2,1,0,0,0,2,1
2019-07-17 13:52,2019-07-17 13:52,2,,100,0,1,2019-07-17 13:52,R_cUycIROtQbyJiMl,,,,,48.41520691,-123.3655014,test,,3,2,1,1,1,0,2,3,0,3,0,0,0,0,3,2,1,1,0,2,1,1,2,2,2,0,1,2,2,0,0,3,3,0,2,3,3,0,3,3
2019-07-17 13:52,2019-07-17 13:52,2,,100,0,1,2019-07-17 13:52,R_4329vOtQ19iNOKN,,,,,48.41520691,-123.3655014,test,,0,2,1,2,2,2,3,3,2,0,3,1,1,2,3,3,3,0,3,2,1,2,0,2,3,1,1,0,1,1,2,0,0,0,1,2,0,2,0,0
2019-07-17 13:52,2019-07-17 13:52,2,,100,0,1,2019-07-17 13:52,R_bIukjSi4IwTLCGp,,,,,48.41520691,-123.3655014,test,,0,0,0,2,3,3,2,3,3,1,0,3,3,3,1,2,2,1,1,3,1,3,3,0,0,0,0,1,0,0,3,2,2,2,1,0,2,3,2,0
2019-07-17 13:52,2019-07-17 13:52,2,,100,0,1,2019-07-17 13:52,R_bKQYV00lvVGEtwx,,,,,48.41520691,-123.3655014,test,,2,1,0,3,3,2,1,3,2,3,2,3,2,0,3,3,0,2,1,3,2,1,2,2,0,2,0,0,2,1,3,2,2,3,3,2,1,0,1,0
2019-07-17 13:52,2019-07-17 13:52,2,,100,0,1,2019-07-17 13:52,R_9uAY7FLriROFupn,,,,,48.41520691,-123.3655014,test,,2,1,1,1,3,2,3,2,3,3,1,3,1,3,3,0,0,1,1,1,2,1,0,2,3,2,3,0,1,0,3,0,2,3,0,3,1,1,3,3
2019-07-17 13:52,2019-07-17 13:52,2,,100,0,1,2019-07-17 13:52,R_1Yvp9oNXQQxlhlj,,,,,48.41520691,-123.3655014,test,,1,2,1,3,1,2,0,0,2,1,1,1,1,1,3,2,0,3,2,1,3,2,1,2,3,1,3,0,3,3,0,1,0,3,3,2,0,0,3,3
2019-07-17 13:52,2019-07-17 13:52,2,,100,0,1,2019-07-17 13:52,R_9S0gjAbHgCuLkyx,,,,,48.41520691,-123.3655014,test,,1,2,3,0,0,1,1,2,3,0,2,2,3,2,2,2,2,0,0,3,2,3,2,1,1,1,1,2,2,3,1,0,0,2,3,3,0,3,1,0
2019-07-17 13:52,2019-07-17 13:52,2,,100,0,1,2019-07-17 13:52,R_3WcUjvqxPIPTmKx,,,,,48.41520691,-123.3655014,test,,0,2,3,0,2,0,0,1,0,3,1,2,2,1,3,1,0,3,0,2,3,2,0,2,2,0,3,3,2,0,3,2,1,1,2,0,2,0,3,2
2019-07-17 13:52,2019-07-17 13:52,2,,100,0,1,2019-07-17 13:52,R_8pj4e256Wuc24uh,,,,,48.41520691,-123.3655014,test,,0,1,1,3,1,3,0,2,0,3,0,3,1,1,1,1,1,3,3,0,1,2,2,3,2,3,3,3,3,1,0,1,0,2,2,2,3,1,1,0
2019-07-17 13:52,2019-07-17 13:52,2,,100,0,1,2019-07-17 13:52,R_bkgBpEganTUgwTz,,,,,48.41520691,-123.3655014,test,,3,1,2,2,1,0,2,0,1,0,3,3,2,1,3,3,3,0,0,2,0,2,1,2,0,2,3,0,2,0,1,3,0,3,1,2,2,0,2,2
2019-07-17 13:52,2019-07-17 13:52,2,,100,0,1,2019-07-17 13:52,R_9BvAO4yc12VyQ6h,,,,,48.41520691,-123.3655014,test,,3,2,1,2,1,0,0,2,3,1,1,0,2,1,1,1,3,3,1,0,1,0,2,0,2,3,3,2,2,3,0,1,2,3,3,1,2,3,1,3
2019-07-17 13:52,2019-07-17 13:52,2,,100,0,1,2019-07-17 13:52,R_a3kJ09YkE4V51wF,,,,,48.41520691,-123.3655014,test,,2,2,0,2,2,2,1,3,1,3,2,2,1,3,3,2,0,2,3,0,0,1,0,2,0,3,2,3,1,3,0,1,0,0,3,3,1,2,0,0
2019-07-17 13:52,2019-07-17 13:52,2,,100,0,1,2019-07-17 13:52,R_4ON14f3qspPz3IF,,,,,48.41520691,-123.3655014,test,,2,3,3,0,2,0,2,3,0,2,0,0,3,3,2,1,3,1,1,1,3,2,3,0,0,3,2,2,1,3,1,2,0,1,3,3,1,3,3,3
2019-07-17 13:52,2019-07-17 13:52,2,,100,0,1,2019-07-17 13:52,R_eeY39UEO4pzyb6R,,,,,48.41520691,-123.3655014,test,,0,1,2,1,2,1,0,0,3,1,1,1,3,3,0,3,3,2,0,3,3,0,0,1,3,3,3,3,0,2,0,0,0,3,3,0,0,0,3,1
2019-07-17 13:52,2019-07-17 13:52,2,,100,0,1,2019-07-17 13:52,R_8uGvDugcZUe5RRP,,,,,48.41520691,-123.3655014,test,,1,2,1,0,0,2,0,1,1,0,3,2,1,1,0,1,0,1,3,1,2,0,2,3,2,2,1,2,0,1,3,0,0,1,3,2,2,0,1,0
2019-07-17 13:52,2019-07-17 13:52,2,,100,0,1,2019-07-17 13:52,R_7WWGCE7LntXWLLT,,,,,48.41520691,-123.3655014,test,,1,3,0,2,2,2,1,2,0,2,0,3,1,3,3,1,3,1,0,2,0,1,3,2,1,1,0,0,2,1,2,2,0,3,0,0,0,0,2,1
2019-07-17 13:52,2019-07-17 13:52,2,,100,0,1,2019-07-17 13:52,R_1SyE5clTOqKwNH7,,,,,48.41520691,-123.3655014,test,,3,3,0,0,3,3,3,0,1,1,0,2,3,0,2,0,0,2,0,0,2,3,1,3,1,3,1,2,2,2,2,0,3,2,0,3,0,1,0,2
2019-07-17 13:52,2019-07-17 13:52,2,,100,0,1,2019-07-17 13:52,R_6D4nZXN3P1Xo9aR,,,,,48.41520691,-123.3655014,test,,2,2,0,1,3,0,1,1,0,2,2,3,2,2,1,1,0,0,3,2,0,2,3,3,3,1,1,3,2,1,3,3,0,3,2,1,3,3,0,2
2019-07-17 13:52,2019-07-17 13:52,2,,100,0,1,2019-07-17 13:52,R_1RhE0QXw3lMODQh,,,,,48.41520691,-123.3655014,test,,0,3,0,3,1,3,1,3,3,2,2,2,3,0,3,0,1,3,0,0,3,1,3,2,1,3,0,2,2,0,1,3,3,0,3,1,2,0,1,0
2019-07-17 13:52,2019-07-17 13:52,2,,100,0,1,2019-07-17 13:52,R_72jubE6MFET8QeN,,,,,48.41520691,-123.3655014,test,,3,1,1,2,3,3,0,1,2,0,1,3,1,2,2,1,0,0,0,3,2,3,2,2,1,0,3,0,2,3,2,1,3,1,2,0,0,1,3,0
2019-07-17 13:52,2019-07-17 13:52,2,,100,0,1,2019-07-17 13:52,R_0Bq2RVODxZEKHRz,,,,,48.41520691,-123.3655014,test,,0,0,0,3,3,2,0,1,2,2,1,2,1,0,3,3,3,3,1,0,1,2,1,3,1,0,3,2,1,0,1,2,0,3,1,2,3,0,3,3
2019-07-17 13:52,2019-07-17 13:52,2,,100,0,1,2019-07-17 13:52,R_77BI00ccwWyMe57,,,,,48.41520691,-123.3655014,test,,0,1,0,3,1,2,3,0,3,2,1,3,2,2,0,3,2,2,1,0,1,1,2,1,3,1,2,0,3,0,3,1,1,3,1,0,3,1,2,0
2019-07-17 13:52,2019-07-17 13:52,2,,100,0,1,2019-07-17 13:52,R_7UNBnC2BFvRxxOd,,,,,48.41520691,-123.3655014,test,,2,2,2,0,1,1,3,2,3,3,1,3,3,2,0,1,1,2,1,2,3,1,2,2,2,0,2,0,3,1,2,0,0,3,0,3,3,3,1,1
2019-07-17 13:52,2019-07-17 13:52,2,,100,0,1,2019-07-17 13:52,R_4HJt9pNk3uaJBJz,,,,,48.41520691,-123.3655014,test,,0,0,3,1,3,1,1,3,1,1,2,3,2,2,2,1,1,0,3,1,2,2,0,0,2,3,0,2,2,3,0,1,0,0,2,0,2,2,0,2
2019-07-17 13:52,2019-07-17 13:52,2,,100,0,1,2019-07-17 13:52,R_74l1BKXooreviFn,,,,,48.41520691,-123.3655014,test,,1,3,0,0,0,0,3,1,0,1,1,3,3,0,0,3,3,3,0,3,2,0,0,1,3,3,3,0,3,3,0,1,0,0,0,3,1,3,2,3
2019-07-17 13:52,2019-07-17 13:52,2,,100,0,1,2019-07-17 13:52,R_djs8dB4mVEYfb4F,,,,,48.41520691,-123.3655014,test,,0,2,1,3,1,1,0,0,3,1,2,2,3,3,2,0,2,0,1,0,0,1,3,1,0,1,1,2,1,1,0,1,0,3,1,2,1,1,1,1
2019-07-17 13:52,2019-07-17 13:52,2,,100,0,1,2019-07-17 13:52,R_5dUvLluE0ztaKRD,,,,,48.41520691,-123.3655014,test,,2,2,1,3,3,3,2,1,3,2,3,2,0,1,0,0,3,0,0,2,2,0,2,3,0,1,1,2,0,2,2,0,2,3,0,2,1,1,3,2
2019-07-17 13:52,2019-07-17 13:52,2,,100,0,1,2019-07-17 13:52,R_afMktNgxkuvXXBr,,,,,48.41520691,-123.3655014,test,,3,1,3,0,2,3,0,2,0,1,1,3,2,1,3,1,2,3,2,1,3,0,1,1,0,1,2,0,2,0,2,0,0,1,2,3,0,1,3,2
2019-07-17 13:52,2019-07-17 13:52,2,,100,0,1,2019-07-17 13:52,R_9o6eMubBL3b8vRP,,,,,48.41520691,-123.3655014,test,,1,1,1,2,2,0,3,1,2,2,1,3,1,2,0,3,2,3,1,3,0,3,3,0,3,1,3,1,1,0,1,0,2,0,3,0,0,1,0,0
2019-07-17 13:52,2019-07-17 13:52,2,,100,0,1,2019-07-17 13:52,R_79RYcQtSYHzaHnn,,,,,48.41520691,-123.3655014,test,,2,3,3,1,2,0,2,1,0,0,2,3,1,0,2,1,1,3,3,0,2,0,1,2,2,0,3,2,0,2,3,2,1,1,1,3,3,2,3,2
2019-07-17 13:52,2019-07-17 13:52,2,,100,0,1,2019-07-17 13:52,R_6QJTRYPg5DpeZi5,,,,,48.41520691,-123.3655014,test,,2,0,1,1,3,1,1,2,0,0,3,2,2,3,1,2,3,1,0,0,3,2,1,0,2,3,1,3,2,3,0,3,0,3,3,0,2,3,2,1
2019-07-17 13:52,2019-07-17 13:52,2,,100,0,1,2019-07-17 13:52,R_9TcZTFcU964d9CB,,,,,48.41520691,-123.3655014,test,,0,1,0,0,3,0,3,0,2,2,0,0,3,3,1,0,3,0,3,2,2,0,2,2,1,1,2,1,1,3,2,1,0,0,0,3,2,2,3,2
2019-07-17 13:52,2019-07-17 13:52,2,,100,0,1,2019-07-17 13:52,R_6PQTXFjqP0nn29D,,,,,48.41520691,-123.3655014,test,,1,2,1,1,1,0,0,2,0,3,3,0,3,2,3,2,1,0,0,1,0,3,1,2,0,3,0,1,2,0,2,2,2,3,2,1,3,0,2,0
2019-07-17 13:52,2019-07-17 13:52,2,,100,0,1,2019-07-17 13:52,R_1yNo6IG2mKJwft3,,,,,48.41520691,-123.3655014,test,,3,2,3,2,2,1,0,0,2,2,2,2,2,3,2,1,3,2,3,2,2,1,2,1,0,0,2,0,0,0,2,2,2,1,2,3,2,0,2,0
2019-07-17 13:52,2019-07-17 13:52,2,,100,0,1,2019-07-17 13:52,R_eJP7S0fmSi546SV,,,,,48.41520691,-123.3655014,test,,2,2,2,0,2,1,0,1,2,1,2,2,0,0,1,0,2,2,0,1,2,2,1,3,2,2,0,3,0,0,2,0,3,3,0,1,2,3,3,0
2019-07-17 13:52,2019-07-17 13:52,2,,100,0,1,2019-07-17 13:52,R_eKwBv7urBggboJD,,,,,48.41520691,-123.3655014,test,,2,2,1,0,0,3,0,1,3,0,1,0,0,1,3,3,1,0,0,0,0,2,2,3,1,1,3,2,1,3,1,3,2,0,1,1,1,3,3,1
2019-07-17 13:52,2019-07-17 13:52,2,,100,0,1,2019-07-17 13:52,R_eA4JfJLfEwTl1at,,,,,48.41520691,-123.3655014,test,,3,2,1,0,1,0,2,2,3,0,1,1,0,1,1,1,3,1,2,1,2,0,2,1,1,2,3,0,3,1,2,0,1,3,2,3,3,1,3,2
2019-07-17 13:52,2019-07-17 13:52,2,,100,0,1,2019-07-17 13:52,R_0Tndgict2KAw0T3,,,,,48.41520691,-123.3655014,test,,0,3,0,3,0,3,2,2,0,3,2,2,1,0,3,2,3,0,2,0,3,1,1,1,3,1,0,1,1,1,3,2,2,1,1,1,3,1,0,0
2019-07-17 13:52,2019-07-17 13:52,2,,100,0,1,2019-07-17 13:52,R_bBM4nTCKSKU83UV,,,,,48.41520691,-123.3655014,test,,1,3,1,2,2,2,2,1,0,2,2,3,2,0,3,2,3,0,2,1,3,2,0,2,1,3,2,1,3,0,1,3,1,0,2,0,2,3,1,1
2019-07-17 13:52,2019-07-17 13:52,2,,100,0,1,2019-07-17 13:52,R_7POKK9H3n4HpW9n,,,,,48.41520691,-123.3655014,test,,2,2,0,0,3,0,3,2,1,3,2,3,2,3,3,3,2,0,0,0,0,0,2,3,0,3,2,2,1,0,2,0,3,1,1,2,1,1,0,0
2019-07-17 13:52,2019-07-17 13:52,2,,100,0,1,2019-07-17 13:52,R_0oVO92AViWqas9D,,,,,48.41520691,-123.3655014,test,,3,1,0,1,1,3,0,2,0,2,2,3,1,0,2,1,1,2,1,2,1,3,2,0,3,2,1,2,2,3,1,3,1,1,2,3,1,0,2,3
2019-07-17 13:52,2019-07-17 13:52,2,,100,0,1,2019-07-17 13:52,R_e4Ya768Gyfut4BT,,,,,48.41520691,-123.3655014,test,,0,1,2,3,0,1,0,3,3,3,2,1,3,2,2,0,1,2,0,2,1,2,0,1,2,1,0,1,2,0,2,2,0,0,0,0,0,3,0,2
2019-07-17 13:52,2019-07-17 13:52,2,,100,0,1,2019-07-17 13:52,R_1NsgLeEWYcjCSmF,,,,,48.41520691,-123.3655014,test,,3,3,3,0,0,3,0,0,0,1,3,3,3,2,0,2,2,0,3,2,3,2,3,1,2,1,1,2,3,3,0,1,1,2,2,1,3,2,0,0
2019-07-17 13:52,2019-07-17 13:52,2,,100,0,1,2019-07-17 13:52,R_3f8dqoeogjieo0B,,,,,48.41520691,-123.3655014,test,,3,0,0,1,3,3,2,3,1,0,1,2,0,2,0,0,0,3,0,2,1,2,2,3,3,0,3,0,0,3,2,1,1,1,3,2,2,3,1,1
2019-07-17 13:52,2019-07-17 13:52,2,,100,0,1,2019-07-17 13:52,R_cNMd6iLYxhn0tZb,,,,,48.41520691,-123.3655014,test,,0,2,0,2,2,0,2,2,3,1,0,3,2,3,2,2,3,2,3,2,3,0,3,0,3,3,2,1,1,2,2,1,2,1,1,0,3,1,3,0
2019-07-17 13:52,2019-07-17 13:52,2,,100,0,1,2019-07-17 13:52,R_6MbLGc0CycfzkDX,,,,,48.41520691,-123.3655014,test,,0,3,3,2,1,1,3,3,0,3,1,3,3,2,1,1,0,0,1,1,0,2,0,1,2,0,2,0,2,1,1,2,1,1,3,3,2,1,2,0
2019-07-17 13:52,2019-07-17 13:52,2,,100,0,1,2019-07-17 13:52,R_5tJuYO52NxyhUC9,,,,,48.41520691,-123.3655014,test,,3,2,0,0,0,1,0,0,0,2,3,2,1,2,1,2,3,1,0,1,0,0,3,1,2,2,3,3,2,0,2,0,2,0,1,2,3,1,1,2
2019-07-17 13:52,2019-07-17 13:52,2,,100,0,1,2019-07-17 13:52,R_2afzoD9FKVTsJE1,,,,,48.41520691,-123.3655014,test,,3,3,1,3,0,1,1,1,3,2,2,3,2,3,2,3,2,1,0,3,0,2,0,1,1,1,2,2,3,1,2,2,2,2,1,3,1,0,3,3
2019-07-17 13:52,2019-07-17 13:52,2,,100,0,1,2019-07-17 13:52,R_doQ9Q22VUn78f3f,,,,,48.41520691,-123.3655014,test,,1,0,0,3,3,1,1,3,2,3,2,2,3,0,3,1,3,2,1,1,0,1,1,2,0,1,1,3,1,0,1,1,3,0,2,2,3,1,0,1
2019-07-17 13:52,2019-07-17 13:52,2,,100,0,1,2019-07-17 13:52,R_4GVCteO0HNMoBGR,,,,,48.41520691,-123.3655014,test,,2,1,2,1,1,2,1,0,3,1,0,1,3,3,1,3,3,1,2,1,0,0,1,2,1,0,0,2,3,0,2,2,0,3,0,3,2,1,2,3
2019-07-17 13:52,2019-07-17 13:52,2,,100,0,1,2019-07-17 13:52,R_5gr7lY6KjDFUxeZ,,,,,48.41520691,-123.3655014,test,,0,2,0,3,0,1,2,0,3,1,0,3,2,3,0,0,3,2,2,0,0,3,3,1,2,2,1,1,1,3,1,1,0,3,1,2,3,3,1,0
2019-07-17 13:52,2019-07-17 13:52,2,,100,0,1,2019-07-17 13:52,R_3Qzl5R1ihCn7nEh,,,,,48.41520691,-123.3655014,test,,3,3,3,2,1,1,2,2,3,0,1,0,2,3,0,1,3,1,2,3,0,3,1,1,1,2,0,2,3,3,3,3,0,2,3,2,2,2,1,3
2019-07-17 13:52,2019-07-17 13:52,2,,100,0,1,2019-07-17 13:52,R_5jnV0gUKqP2wvS5,,,,,48.41520691,-123.3655014,test,,2,3,2,0,2,2,3,2,1,3,2,3,3,2,0,3,1,2,0,2,3,0,0,1,1,2,1,0,1,2,2,3,3,2,0,0,1,1,2,0
2019-07-17 13:52,2019-07-17 13:52,2,,100,0,1,2019-07-17 13:52,R_0VrZU5e8taahLx3,,,,,48.41520691,-123.3655014,test,,2,0,2,2,1,3,3,0,0,3,0,3,1,2,3,1,1,0,2,2,0,0,3,0,0,0,3,3,3,3,0,2,0,1,0,0,0,3,3,1
2019-07-17 13:52,2019-07-17 13:52,2,,100,0,1,2019-07-17 13:52,R_cPg3q7GZjR94led,,,,,48.41520691,-123.3655014,test,,2,2,0,1,0,2,3,2,1,1,3,3,3,0,2,1,1,2,0,3,1,1,0,1,2,2,2,3,1,0,2,0,1,2,3,2,2,2,3,2
2019-07-17 13:52,2019-07-17 13:52,2,,100,0,1,2019-07-17 13:52,R_7amhp8WTTlW2TnT,,,,,48.41520691,-123.3655014,test,,3,2,2,1,3,2,1,1,2,0,1,2,0,2,1,0,1,2,2,3,1,0,3,0,0,3,2,0,0,2,1,2,2,3,2,2,3,3,1,3
2019-07-17 13:52,2019-07-17 13:52,2,,100,0,1,2019-07-17 13:52,R_8Bnj2Qv9Jv7U20Z,,,,,48.41520691,-123.3655014,test,,1,2,2,1,1,0,1,1,2,2,1,3,0,0,3,2,2,2,2,3,0,3,2,2,3,2,1,2,2,3,1,2,2,1,2,3,1,1,3,2
2019-07-17 13:52,2019-07-17 13:52,2,,100,0,1,2019-07-17 13:52,R_7ZJNNnG7sBdXsLH,,,,,48.41520691,-123.3655014,test,,1,3,1,0,0,2,1,0,2,1,1,3,1,0,1,0,2,3,1,3,2,1,3,0,0,3,2,3,2,0,2,1,2,0,0,2,0,0,1,3
2019-07-17 13:52,2019-07-17 13:52,2,,100,0,1,2019-07-17 13:52,R_b1kNaFJxWXBaGr3,,,,,48.41520691,-123.3655014,test,,1,2,1,1,1,1,0,3,2,1,0,2,1,0,0,1,2,0,2,0,0,2,3,3,0,0,3,2,3,0,3,0,3,0,2,0,1,3,0,1
2019-07-17 13:52,2019-07-17 13:52,2,,100,0,1,2019-07-17 13:52,R_0qULHlPsT7FxGw5,,,,,48.41520691,-123.3655014,test,,0,0,1,2,3,0,2,1,2,3,2,2,2,2,3,3,1,3,1,3,0,2,3,2,1,2,1,2,2,2,0,0,2,2,0,3,1,3,2,1
2019-07-17 13:52,2019-07-17 13:52,2,,100,0,1,2019-07-17 13:52,R_8HayeDmpbLxdLgN,,,,,48.41520691,-123.3655014,test,,3,3,3,1,2,2,0,0,0,3,2,1,1,1,0,2,2,0,1,0,0,2,1,0,0,2,1,3,1,3,0,1,1,2,2,2,0,1,0,3
2019-07-17 13:52,2019-07-17 13:52,2,,100,0,1,2019-07-17 13:52,R_eP6J4i2Q1FPIevH,,,,,48.41520691,-123.3655014,test,,0,2,2,3,2,1,0,1,1,2,0,0,1,2,0,3,2,1,1,3,0,3,1,3,0,3,0,3,2,3,0,3,2,3,0,2,2,0,3,2
2019-07-17 13:52,2019-07-17 13:52,2,,100,1,1,2019-07-17 13:52,R_eFZtidJzXYiXjPD,,,,,48.41520691,-123.3655014,test,,2,2,3,3,3,2,3,1,1,2,3,0,3,2,3,2,3,2,0,2,3,2,0,1,2,3,0,3,3,1,3,1,3,2,1,2,3,1,1,3
2019-07-17 13:52,2019-07-17 13:52,2,,100,0,1,2019-07-17 13:52,R_exGADfPZk9kGgGp,,,,,48.41520691,-123.3655014,test,,1,2,3,0,2,3,3,2,0,2,2,3,3,2,3,0,2,1,3,1,3,0,1,2,2,0,0,2,2,3,1,2,1,0,2,2,1,1,2,0
2019-07-17 13:52,2019-07-17 13:52,2,,100,0,1,2019-07-17 13:52,R_0HWj7Lwel0kKvdz,,,,,48.41520691,-123.3655014,test,,0,2,2,2,0,2,2,0,3,2,3,2,1,3,1,2,1,1,3,2,3,3,0,2,0,0,0,2,0,0,1,2,0,3,1,1,1,2,3,2
2019-07-17 13:52,2019-07-17 13:52,2,,100,0,1,2019-07-17 13:52,R_b94rMk0ZfFdgQDz,,,,,48.41520691,-123.3655014,test,,2,3,0,2,3,0,0,2,0,2,0,2,1,3,3,1,3,1,0,0,2,1,2,2,3,2,1,0,1,3,1,3,3,0,3,0,0,0,1,2
2019-07-17 13:52,2019-07-17 13:52,2,,100,0,1,2019-07-17 13:52,R_56IDF5BeZbxgsJf,,,,,48.41520691,-123.3655014,test,,1,2,0,0,0,0,3,0,1,3,3,1,2,0,3,1,1,1,3,2,2,2,0,2,0,1,0,3,1,2,3,2,1,0,0,0,1,3,1,2
2019-07-17 13:52,2019-07-17 13:52,2,,100,0,1,2019-07-17 13:52,R_ewHetNZxOmHfAZ7,,,,,48.41520691,-123.3655014,test,,0,0,1,1,2,2,3,2,3,2,3,1,2,3,3,3,2,1,2,2,2,1,2,2,3,2,0,3,2,1,0,1,1,2,2,2,3,3,2,3
2019-07-17 13:52,2019-07-17 13:52,2,,100,0,1,2019-07-17 13:52,R_e5tcl8wSNpGaMM5,,,,,48.41520691,-123.3655014,test,,1,2,2,2,1,2,3,1,0,1,2,3,3,2,0,1,3,3,3,2,3,0,2,1,2,3,0,1,1,1,3,0,2,1,2,1,1,1,1,3
2019-07-17 13:52,2019-07-17 13:52,2,,100,0,1,2019-07-17 13:52,R_cIK5yqbSDm12ASN,,,,,48.41520691,-123.3655014,test,,3,1,3,0,3,2,0,0,2,0,2,3,3,2,0,1,0,1,0,3,1,1,2,1,1,3,3,0,3,3,3,0,1,1,3,0,0,1,2,2
2019-07-17 13:52,2019-07-17 13:52,2,,100,0,1,2019-07-17 13:52,R_2lZ2qZ1HGzjCFmZ,,,,,48.41520691,-123.3655014,test,,2,2,1,0,3,0,0,1,0,2,2,3,1,1,3,1,1,0,3,1,2,1,0,0,1,3,2,0,1,0,3,0,2,0,3,0,3,2,1,1
2019-07-17 13:52,2019-07-17 13:52,2,,100,0,1,2019-07-17 13:52,R_dhvRAWwpqY0bQZn,,,,,48.41520691,-123.3655014,test,,1,2,2,0,2,3,3,2,1,2,1,3,2,2,2,0,2,1,2,0,2,1,2,3,3,3,1,3,3,0,0,0,1,2,1,2,3,3,2,2
2019-07-17 13:52,2019-07-17 13:52,2,,100,0,1,2019-07-17 13:52,R_51fMXkQ2wgNG9sF,,,,,48.41520691,-123.3655014,test,,3,0,3,0,0,0,1,1,1,0,1,1,3,1,1,3,0,1,0,3,3,2,3,0,2,3,1,1,3,0,0,2,0,1,3,0,1,2,1,3
2019-07-17 13:52,2019-07-17 13:52,2,,100,0,1,2019-07-17 13:52,R_4P0itMXzC2zhhxH,,,,,48.41520691,-123.3655014,test,,2,1,1,0,2,3,0,3,1,1,3,2,1,1,1,3,2,3,0,3,2,2,3,2,3,3,2,1,0,3,0,1,0,0,0,3,3,0,3,0
2019-07-17 13:52,2019-07-17 13:52,2,,100,0,1,2019-07-17 13:52,R_9BuaHoYqODigVMh,,,,,48.41520691,-123.3655014,test,,2,1,0,1,3,3,2,1,0,1,2,0,1,2,1,2,2,0,0,0,0,2,1,2,2,0,0,2,0,0,1,0,3,1,1,0,2,1,0,2
2019-07-17 13:52,2019-07-17 13:52,2,,100,0,1,2019-07-17 13:52,R_bC9MJVgOkmGdr3T,,,,,48.41520691,-123.3655014,test,,0,1,1,0,0,0,3,0,1,1,1,2,0,2,2,1,0,1,1,3,0,3,1,2,0,1,1,1,2,3,0,2,3,0,2,1,3,1,3,3
2019-07-17 13:52,2019-07-17 13:52,2,,100,0,1,2019-07-17 13:52,R_6rOEuVPVDadPr0N,,,,,48.41520691,-123.3655014,test,,2,1,3,3,1,0,3,2,3,0,2,0,3,2,0,3,0,1,1,3,0,2,3,1,2,2,1,2,0,2,0,3,0,0,3,1,2,0,1,3
2019-07-17 13:52,2019-07-17 13:52,2,,100,0,1,2019-07-17 13:52,R_8qe32Lz1gMb7QoZ,,,,,48.41520691,-123.3655014,test,,0,0,2,3,3,2,3,1,1,1,0,1,1,2,2,3,3,2,2,1,0,2,0,1,0,0,3,2,0,3,0,2,3,0,3,1,3,1,3,1
2019-07-17 13:52,2019-07-17 13:52,2,,100,0,1,2019-07-17 13:52,R_6RSAuddvK9M1EGN,,,,,48.41520691,-123.3655014,test,,1,0,1,2,0,1,0,1,3,1,0,1,1,1,1,3,2,0,2,1,2,1,0,1,0,2,3,1,1,0,2,0,2,0,3,1,1,1,0,3
2019-07-17 13:52,2019-07-17 13:52,2,,100,0,1,2019-07-17 13:52,R_cYe50hHaWbDkPFH,,,,,48.41520691,-123.3655014,test,,0,0,0,1,3,1,2,2,0,2,3,1,1,2,3,1,2,1,1,0,0,1,0,0,3,3,0,0,0,3,2,1,3,0,2,2,0,3,3,3
2019-07-17 13:52,2019-07-17 13:52,2,,100,0,1,2019-07-17 13:52,R_23RzVsAxmqGCauV,,,,,48.41520691,-123.3655014,test,,3,1,0,1,3,0,1,0,0,0,0,2,3,0,0,2,3,3,2,1,2,2,3,1,3,2,0,2,1,0,2,3,0,0,2,3,2,2,0,0
2019-07-17 13:52,2019-07-17 13:52,2,,100,0,1,2019-07-17 13:52,R_bdRWIbPcGIXOG0d,,,,,48.41520691,-123.3655014,test,,1,1,3,3,2,1,1,0,2,2,2,3,0,1,2,1,3,0,3,3,0,2,0,3,3,2,3,2,1,2,0,0,2,0,1,1,3,1,1,0
2019-07-17 13:52,2019-07-17 13:52,2,,100,0,1,2019-07-17 13:52,R_8jJaFAzVlmRGR8h,,,,,48.41520691,-123.3655014,test,,2,0,0,1,0,2,0,3,3,1,0,2,2,3,3,1,3,0,2,0,2,0,0,1,3,2,1,1,0,0,0,1,3,1,3,2,3,3,2,0
2019-07-17 13:52,2019-07-17 13:52,2,,100,0,1,2019-07-17 13:52,R_6WjjMP2SmGKJzLL,,,,,48.41520691,-123.3655014,test,,3,0,3,2,2,0,2,0,1,0,3,3,0,3,2,3,1,3,2,2,3,2,0,0,1,2,1,1,0,3,2,1,0,0,0,3,3,2,1,0
2019-07-17 13:52,2019-07-17 13:52,2,,100,0,1,2019-07-17 13:52,R_5AT9xzdfBEREx6d,,,,,48.41520691,-123.3655014,test,,3,2,0,0,2,3,1,0,2,2,2,0,0,1,1,3,3,3,1,2,0,1,2,1,3,3,1,2,0,0,0,0,1,2,3,3,1,1,0,2
2019-07-17 13:52,2019-07-17 13:52,2,,100,0,1,2019-07-17 13:52,R_4MwQtq7SYvIdRHv,,,,,48.41520691,-123.3655014,test,,2,0,3,0,0,2,1,3,2,1,1,2,0,3,3,3,1,0,3,3,0,2,0,1,1,2,2,0,2,3,1,1,0,0,1,0,1,0,1,3
2019-07-17 13:52,2019-07-17 13:52,2,,100,0,1,2019-07-17 13:52,R_b9j4DIswMvmCOUJ,,,,,48.41520691,-123.3655014,test,,3,0,2,2,0,0,2,0,0,1,1,0,1,0,0,2,3,2,3,1,2,0,0,3,3,1,1,3,0,0,3,2,0,0,3,1,0,2,2,3
2019-07-17 13:52,2019-07-17 13:52,2,,100,0,1,2019-07-17 13:52,R_5uNaanlBXKXmq7X,,,,,48.41520691,-123.3655014,test,,0,2,2,3,1,0,1,2,0,2,1,1,3,2,2,1,3,2,0,1,3,0,3,2,0,2,1,3,0,2,1,0,2,2,3,1,1,2,3,1
2019-07-17 13:52,2019-07-17 13:52,2,,100,0,1,2019-07-17 13:52,R_0feGwp61zzyCwLz,,,,,48.41520691,-123.3655014,test,,0,3,0,1,1,2,3,1,2,2,0,2,0,1,1,3,2,2,3,1,3,2,2,3,0,0,3,2,2,3,3,2,3,3,0,1,2,0,0,1
2019-07-17 13:52,2019-07-17 13:52,2,,100,0,1,2019-07-17 13:52,R_cNjAVlVzUqZvb6t,,,,,48.41520691,-123.3655014,test,,3,3,0,2,3,1,3,3,0,0,2,0,0,1,3,0,1,1,0,3,1,2,3,2,1,3,0,3,1,0,2,3,1,0,0,2,1,2,0,0
2019-07-17 13:52,2019-07-17 13:52,2,,100,0,1,2019-07-17 13:52,R_6kUSDIfucP0YMdL,,,,,48.41520691,-123.3655014,test,,2,2,0,0,2,3,2,0,0,1,3,0,3,0,1,3,0,1,0,1,1,0,0,2,2,1,3,2,2,0,3,0,2,0,0,1,1,1,1,0
2019-07-17 13:52,2019-07-17 13:52,2,,100,0,1,2019-07-17 13:52,R_3HGTkTF1vzwuVVP,,,,,48.41520691,-123.3655014,test,,1,3,2,0,0,1,0,1,3,1,0,3,3,1,3,2,1,3,1,0,3,0,0,2,0,3,3,3,0,1,1,1,2,0,1,0,3,1,3,3
2019-07-17 13:52,2019-07-17 13:52,2,,100,0,1,2019-07-17 13:52,R_aXdyTt6EZKoMKHP,,,,,48.41520691,-123.3655014,test,,0,2,2,1,1,3,3,3,0,3,3,1,1,1,0,1,3,3,0,0,2,2,3,2,1,1,1,2,1,0,2,3,2,1,1,1,3,0,3,3
2019-07-17 13:53,2019-07-17 13:53,2,,100,0,1,2019-07-17 13:53,R_d0WijRntGeQ7sJT,,,,,48.41520691,-123.3655014,test,,3,0,2,2,2,0,2,3,3,0,3,0,0,3,1,0,0,2,3,1,2,0,3,1,1,0,0,1,2,2,3,3,0,3,0,1,2,2,3,2