StartDate,EndDate,Status,IPAddress,Progress,Duration (in seconds),Finished,RecordedDate,ResponseId,RecipientLastName,RecipientFirstName,RecipientEmail,ExternalReference,LocationLatitude,LocationLongitude,DistributionChannel,UserLanguage,NIHI_1,NIHI_2,NIHI_3,NIHI_4,NIHI_5,NIHI_6,NIHI_7,NIHI_8,NIHI_9,NIHI_10,NIHI_11,NIHI_12,NIHI_13,NIHI_14
2019-07-11 14:00,2019-07-11 14:00,2,,100,0,1,2019-07-11 14:00,R_5d8EextLnb3f4pv,,,,,48.44960022,-123.302597,test,,0,1,1,1,0,0,0,1,1,0,1,1,1,0
2019-07-11 14:00,2019-07-11 14:00,2,,100,0,1,2019-07-11 14:00,R_6ioQvomsRSS6m3j,,,,,48.44960022,-123.302597,test,,1,0,0,1,1,1,0,0,0,0,0,1,1,1
2019-07-11 14:00,2019-07-11 14:00,2,,100,0,1,2019-07-11 14:00,R_cNIDSMYEdsMXQO1,,,,,48.44960022,-123.302597,test,,1,0,1,1,1,0,1,1,1,0,1,1,0,0
2019-07-11 14:00,2019-07-11 14:00,2,,100,0,1,2019-07-11 14:00,R_0ibiqstV4IwFbox,,,,,48.44960022,-123.302597,test,,0,1,0,1,1,0,1,1,0,0,0,1,1,0
2019-07-11 14:00,2019-07-11 14:00,2,,100,0,1,2019-07-11 14:00,R_2cyhC5nFrC3JRrL,,,,,48.44960022,-123.302597,test,,1,0,0,0,0,1,1,0,0,0,1,1,1,0
2019-07-11 14:00,2019-07-11 14:00,2,,100,0,1,2019-07-11 14:00,R_1BoBj4nMyj3l5gV,,,,,48.44960022,-123.302597,test,,0,0,0,1,1,1,1,0,1,1,1,0,0,0
2019-07-11 14:01,2019-07-11 14:01,2,,100,0,1,2019-07-11 14:01,R_eyYK8HJHqG4QhWB,,,,,48.44960022,-123.302597,test,,1,0,1,0,1,0,1,0,0,1,0,1,1,0
2019-07-11 14:01,2019-07-11 14:01,2,,100,0,1,2019-07-11 14:01,R_cw3VKVr3BBgP2OF,,,,,48.44960022,-123.302597,test,,0,1,1,1,1,0,0,1,1,1,0,0,0,1
2019-07-11 14:01,2019-07-11 14:01,2,,100,0,1,2019-07-11 14:01,R_bvYi6Ez1WU5T2tL,,,,,48.44960022,-123.302597,test,,1,1,0,0,1,1,0,1,0,0,1,0,0,1
2019-07-11 14:01,2019-07-11 14:01,2,,100,0,1,2019-07-11 14:01,R_dj4LmUv2iVGtJt3,,,,,48.44960022,-123.302597,test,,1,0,0,0,1,1,1,1,0,1,1,0,0,1
2019-07-11 14:01,2019-07-11 14:01,2,,100,0,1,2019-07-11 14:01,R_9ufLjupFSxWqKmp,,,,,48.44960022,-123.302597,test,,0,1,1,0,1,1,1,1,1,0,1,1,1,0
2019-07-11 14:01,2019-07-11 14:01,2,,100,0,1,2019-07-11 14:01,R_6sRq32NPYAc3MXz,,,,,48.44960022,-123.302597,test,,1,1,1,1,1,1,0,0,1,0,1,0,1,0
2019-07-11 14:01,2019-07-11 14:01,2,,100,0,1,2019-07-11 14:01,R_6GdwlwkNQEZmeNv,,,,,48.44960022,-123.302597,test,,0,1,0,1,1,0,0,0,1,0,0,0,1,1
2019-07-11 14:01,2019-07-11 14:01,2,,100,0,1,2019-07-11 14:01,R_02sXUZdib7Lgq8J,,,,,48.44960022,-123.302597,test,,0,0,0,1,1,0,1,1,0,1,0,1,0,0
2019-07-11 14:01,2019-07-11 14:01,2,,100,0,1,2019-07-11 14:01,R_5aTwhDKlr5ixB2d,,,,,48.44960022,-123.302597,test,,1,1,0,0,1,1,1,1,0,1,0,1,0,0
2019-07-11 14:01,2019-07-11 14:01,2,,100,0,1,2019-07-11 14:01,R_1RACpjRXAs8CX2t,,,,,48.44960022,-123.302597,test,,1,0,1,1,1,1,1,0,0,1,1,0,0,0
2019-07-11 14:01,2019-07-11 14:01,2,,100,0,1,2019-07-11 14:01,R_eb8Mf59maQzQYT3,,,,,48.44960022,-123.302597,test,,1,1,1,1,0,0,1,0,0,1,1,0,0,0
2019-07-11 14:01,2019-07-11 14:01,2,,100,0,1,2019-07-11 14:01,R_cveqDjIO2d3mhWB,,,,,48.44960022,-123.302597,test,,1,0,1,1,1,0,0,0,1,1,0,1,0,0
2019-07-11 14:01,2019-07-11 14:01,2,,100,0,1,2019-07-11 14:01,R_e9kfOrWFBTXdqOF,,,,,48.44960022,-123.302597,test,,1,0,0,1,0,0,1,1,0,1,0,1,0,1
2019-07-11 14:01,2019-07-11 14:01,2,,100,0,1,2019-07-11 14:01,R_3eAFZ478GhCo7Qx,,,,,48.44960022,-123.302597,test,,0,0,1,1,0,1,1,1,0,1,1,1,1,1
2019-07-11 14:01,2019-07-11 14:01,2,,100,0,1,2019-07-11 14:01,R_8GM27kwWZygwlTL,,,,,48.44960022,-123.302597,test,,0,0,0,0,1,1,1,1,0,0,0,1,1,1
2019-07-11 14:01,2019-07-11 14:01,2,,100,0,1,2019-07-11 14:01,R_7ZY7MMpyVQetQu9,,,,,48.44960022,-123.302597,test,,0,1,1,0,0,0,0,1,1,0,1,0,1,0
2019-07-11 14:01,2019-07-11 14:01,2,,100,0,1,2019-07-11 14:01,R_aYm5i23lufJAcbH,,,,,48.44960022,-123.302597,test,,0,1,1,0,0,1,1,0,0,0,0,0,0,1
2019-07-11 14:01,2019-07-11 14:01,2,,100,0,1,2019-07-11 14:01,R_bCmL4rkf3xjEOkB,,,,,48.44960022,-123.302597,test,,0,1,1,1,1,0,1,0,0,0,1,1,0,0
2019-07-11 14:01,2019-07-11 14:01,2,,100,0,1,2019-07-11 14:01,R_2oazf7sOuisrGgB,,,,,48.44960022,-123.302597,test,,1,0,1,0,0,0,1,1,1,0,1,0,1,0
2019-07-11 14:01,2019-07-11 14:01,2,,100,0,1,2019-07-11 14:01,R_5h8VKHmQa6VaPNH,,,,,48.44960022,-123.302597,test,,1,0,1,1,1,0,0,0,0,0,0,1,0,0
2019-07-11 14:01,2019-07-11 14:01,2,,100,0,1,2019-07-11 14:01,R_e3YJ0zDDlmQdfw1,,,,,48.44960022,-123.302597,test,,0,1,0,0,0,0,1,1,0,1,1,0,1,0
2019-07-11 14:01,2019-07-11 14:01,2,,100,0,1,2019-07-11 14:01,R_5AempfAK0UX8Bwh,,,,,48.44960022,-123.302597,test,,1,0,0,1,1,1,1,1,1,1,1,0,0,0
2019-07-11 14:01,2019-07-11 14:01,2,,100,0,1,2019-07-11 14:01,R_8CwisqqK5pAYLLT,,,,,48.44960022,-123.302597,test,,0,0,0,0,1,1,1,0,1,0,1,1,0,1
2019-07-11 14:01,2019-07-11 14:01,2,,100,0,1,2019-07-11 14:01,R_6DrZPnRSBRaMGqx,,,,,48.44960022,-123.302597,test,,0,1,0,1,1,1,0,0,0,0,1,0,0,0
2019-07-11 14:01,2019-07-11 14:01,2,,100,0,1,2019-07-11 14:01,R_0kOkievkbjRn0od,,,,,48.44960022,-123.302597,test,,0,0,1,1,1,1,0,1,1,0,0,1,0,0
2019-07-11 14:01,2019-07-11 14:01,2,,100,0,1,2019-07-11 14:01,R_3jGqFOpqQRWglVP,,,,,48.44960022,-123.302597,test,,1,1,0,0,0,1,0,1,0,1,1,0,0,1
2019-07-11 14:01,2019-07-11 14:01,2,,100,0,1,2019-07-11 14:01,R_3OSeKsHfKUwJVKR,,,,,48.44960022,-123.302597,test,,1,1,0,1,0,1,0,1,0,1,0,1,1,0
2019-07-11 14:01,2019-07-11 14:01,2,,100,0,1,2019-07-11 14:01,R_dbce929W8Z5PTZr,,,,,48.44960022,-123.302597,test,,1,0,0,0,1,1,0,1,1,1,1,1,0,0
2019-07-11 14:01,2019-07-11 14:01,2,,100,0,1,2019-07-11 14:01,R_7OGPyfadV5l07Cl,,,,,48.44960022,-123.302597,test,,1,1,0,1,0,0,0,0,1,0,1,0,0,0
2019-07-11 14:01,2019-07-11 14:01,2,,100,0,1,2019-07-11 14:01,R_8pqBvrjfPBzMjtP,,,,,48.44960022,-123.302597,test,,1,0,0,0,1,0,1,1,1,1,0,0,0,1
2019-07-11 14:01,2019-07-11 14:01,2,,100,0,1,2019-07-11 14:01,R_4Oyxtfcz5glxQcl,,,,,48.44960022,-123.302597,test,,1,0,1,1,0,1,1,0,1,1,0,0,0,1
2019-07-11 14:01,2019-07-11 14:01,2,,100,0,1,2019-07-11 14:01,R_eKyBEasWLi6U3I1,,,,,48.44960022,-123.302597,test,,0,1,1,1,1,0,0,1,1,0,1,1,1,1
2019-07-11 14:01,2019-07-11 14:01,2,,100,0,1,2019-07-11 14:01,R_8uf9QVQzPiY7y3b,,,,,48.44960022,-123.302597,test,,0,1,0,0,0,1,0,0,0,1,0,1,0,0
2019-07-11 14:01,2019-07-11 14:01,2,,100,0,1,2019-07-11 14:01,R_1SUVvhEQ4f8AtAF,,,,,48.44960022,-123.302597,test,,0,1,0,1,1,1,1,1,0,1,0,1,0,0
2019-07-11 14:01,2019-07-11 14:01,2,,100,0,1,2019-07-11 14:01,R_4MBeIENr7QdJudf,,,,,48.44960022,-123.302597,test,,0,0,0,1,1,1,1,0,0,0,0,1,1,0
2019-07-11 14:01,2019-07-11 14:01,2,,100,0,1,2019-07-11 14:01,R_d0sW3cgetCQJ9KR,,,,,48.44960022,-123.302597,test,,1,1,0,1,1,1,0,1,0,0,1,1,0,0
2019-07-11 14:01,2019-07-11 14:01,2,,100,0,1,2019-07-11 14:01,R_ePBw1z916DiCXMV,,,,,48.44960022,-123.302597,test,,0,0,0,0,0,1,0,0,0,0,1,0,1,1
2019-07-11 14:01,2019-07-11 14:01,2,,100,0,1,2019-07-11 14:01,R_eFdsZkmmxtrSqbz,,,,,48.44960022,-123.302597,test,,0,0,0,0,0,0,1,1,0,1,0,0,0,1
2019-07-11 14:01,2019-07-11 14:01,2,,100,0,1,2019-07-11 14:01,R_0qyXQtG65PSrlxr,,,,,48.44960022,-123.302597,test,,0,0,1,0,0,1,0,0,1,1,0,1,0,0
2019-07-11 14:01,2019-07-11 14:01,2,,100,0,1,2019-07-11 14:01,R_1LjpwbElbDNADEV,,,,,48.44960022,-123.302597,test,,0,0,1,0,1,1,0,0,1,1,0,1,1,1
2019-07-11 14:01,2019-07-11 14:01,2,,100,0,1,2019-07-11 14:01,R_ePfqwkM5f7cDD1j,,,,,48.44960022,-123.302597,test,,0,0,0,1,0,0,0,0,1,1,0,0,1,1
2019-07-11 14:01,2019-07-11 14:01,2,,100,0,1,2019-07-11 14:01,R_8rjpkVPN9vfcn8p,,,,,48.44960022,-123.302597,test,,0,1,0,1,1,0,1,0,1,1,0,0,1,0
2019-07-11 14:01,2019-07-11 14:01,2,,100,0,1,2019-07-11 14:01,R_3rw8gqg7OWMMWjj,,,,,48.44960022,-123.302597,test,,0,0,0,1,1,1,0,0,1,0,1,0,1,1
2019-07-11 14:01,2019-07-11 14:01,2,,100,0,1,2019-07-11 14:01,R_6YiJCzvy1CKgSFL,,,,,48.44960022,-123.302597,test,,0,0,0,0,1,1,0,1,1,1,0,1,1,1
2019-07-11 14:01,2019-07-11 14:01,2,,100,0,1,2019-07-11 14:01,R_09gf9cG5BoBOXPf,,,,,48.44960022,-123.302597,test,,1,0,0,0,1,1,0,1,0,0,0,0,0,1
2019-07-11 14:01,2019-07-11 14:01,2,,100,0,1,2019-07-11 14:01,R_8dfcVc18uzrm7rf,,,,,48.44960022,-123.302597,test,,0,1,0,0,1,0,1,1,1,0,1,0,0,0
2019-07-11 14:01,2019-07-11 14:01,2,,100,0,1,2019-07-11 14:01,R_ePtUSqdMNh7qjAh,,,,,48.44960022,-123.302597,test,,0,0,1,0,0,1,1,0,0,1,0,0,0,1
2019-07-11 14:01,2019-07-11 14:01,2,,100,0,1,2019-07-11 14:01,R_01eSlOdotrKJ99H,,,,,48.44960022,-123.302597,test,,1,1,0,1,0,0,0,0,0,1,1,0,1,1
2019-07-11 14:01,2019-07-11 14:01,2,,100,0,1,2019-07-11 14:01,R_eOP5Tu5sDhpVd9b,,,,,48.44960022,-123.302597,test,,0,1,0,1,1,1,1,0,1,0,0,1,1,0
2019-07-11 14:01,2019-07-11 14:01,2,,100,0,1,2019-07-11 14:01,R_3Xd7aSMtt2sDKp7,,,,,48.44960022,-123.302597,test,,0,1,1,0,0,1,0,0,1,1,0,1,1,0
2019-07-11 14:01,2019-07-11 14:01,2,,100,0,1,2019-07-11 14:01,R_enX4IiZCBlnVZLT,,,,,48.44960022,-123.302597,test,,0,1,0,1,0,0,0,0,1,0,0,1,1,0
2019-07-11 14:01,2019-07-11 14:01,2,,100,0,1,2019-07-11 14:01,R_5pwt3lgT2TscF6Z,,,,,48.44960022,-123.302597,test,,0,1,1,0,0,0,0,0,1,0,1,1,1,1
2019-07-11 14:01,2019-07-11 14:01,2,,100,0,1,2019-07-11 14:01,R_9XNuiQmJSOt5D7v,,,,,48.44960022,-123.302597,test,,1,0,0,1,1,1,0,0,0,0,0,0,0,1
2019-07-11 14:01,2019-07-11 14:01,2,,100,0,1,2019-07-11 14:01,R_eFXVhkgOLsQ1Lvv,,,,,48.44960022,-123.302597,test,,1,1,0,0,1,0,0,0,1,0,1,0,1,1
2019-07-11 14:01,2019-07-11 14:01,2,,100,0,1,2019-07-11 14:01,R_bE4ANxvNfd6x5s1,,,,,48.44960022,-123.302597,test,,0,1,1,1,0,1,1,0,0,1,1,1,0,0
2019-07-11 14:01,2019-07-11 14:01,2,,100,0,1,2019-07-11 14:01,R_e8JtBzlMvVo0QRf,,,,,48.44960022,-123.302597,test,,1,1,1,1,0,1,0,1,1,0,0,0,1,0
2019-07-11 14:01,2019-07-11 14:01,2,,100,0,1,2019-07-11 14:01,R_etCJJss7f16Axgh,,,,,48.44960022,-123.302597,test,,1,1,0,0,0,1,0,0,0,0,0,1,1,1
2019-07-11 14:01,2019-07-11 14:01,2,,100,0,1,2019-07-11 14:01,R_4MwT2m1HtPuT7xP,,,,,48.44960022,-123.302597,test,,0,0,1,1,1,1,1,1,0,1,0,1,1,1
2019-07-11 14:01,2019-07-11 14:01,2,,100,0,1,2019-07-11 14:01,R_a4zdyZZtHuCqLVX,,,,,48.44960022,-123.302597,test,,0,0,0,1,1,0,1,0,0,1,1,0,0,0
2019-07-11 14:01,2019-07-11 14:01,2,,100,0,1,2019-07-11 14:01,R_bPf2565vwVxbBFX,,,,,48.44960022,-123.302597,test,,1,0,0,1,1,0,0,0,0,1,0,1,0,0
2019-07-11 14:01,2019-07-11 14:01,2,,100,0,1,2019-07-11 14:01,R_3qLQGbG2S9bRcSF,,,,,48.44960022,-123.302597,test,,0,1,1,0,0,1,1,0,0,0,0,1,0,1
2019-07-11 14:01,2019-07-11 14:01,2,,100,0,1,2019-07-11 14:01,R_1NVTi9v08INruM5,,,,,48.44960022,-123.302597,test,,0,0,1,1,1,0,0,0,1,1,1,1,1,0
2019-07-11 14:01,2019-07-11 14:01,2,,100,0,1,2019-07-11 14:01,R_8dp1aSC28DHyx6t,,,,,48.44960022,-123.302597,test,,1,0,0,1,1,0,1,0,0,1,0,1,0,1
2019-07-11 14:01,2019-07-11 14:01,2,,100,0,1,2019-07-11 14:01,R_6sPXtJS1mam4qLb,,,,,48.44960022,-123.302597,test,,0,1,0,1,1,0,1,0,1,0,1,1,1,1
2019-07-11 14:01,2019-07-11 14:01,2,,100,0,1,2019-07-11 14:01,R_5mO87osVO1U4Jg1,,,,,48.44960022,-123.302597,test,,1,0,0,1,1,1,0,1,0,0,0,1,1,0
2019-07-11 14:01,2019-07-11 14:01,2,,100,0,1,2019-07-11 14:01,R_eVf7IgEcgEWXH5H,,,,,48.44960022,-123.302597,test,,1,0,0,1,1,0,1,0,1,1,1,0,0,0
2019-07-11 14:01,2019-07-11 14:01,2,,100,0,1,2019-07-11 14:01,R_b9KUm6ViD5kKQcJ,,,,,48.44960022,-123.302597,test,,1,1,0,1,1,0,0,0,0,0,1,1,0,0
2019-07-11 14:01,2019-07-11 14:01,2,,100,0,1,2019-07-11 14:01,R_0SYiNdjUyfIEt9j,,,,,48.44960022,-123.302597,test,,0,0,1,1,0,0,1,1,0,0,0,0,0,1
2019-07-11 14:01,2019-07-11 14:01,2,,100,0,1,2019-07-11 14:01,R_0TIx5Nd8XGqU0qF,,,,,48.44960022,-123.302597,test,,1,1,0,1,0,1,1,1,0,0,1,1,0,1
2019-07-11 14:01,2019-07-11 14:01,2,,100,0,1,2019-07-11 14:01,R_cJ8GmcO0oYAZqiV,,,,,48.44960022,-123.302597,test,,1,0,0,0,0,0,0,0,0,0,1,1,1,1
2019-07-11 14:01,2019-07-11 14:01,2,,100,0,1,2019-07-11 14:01,R_cYoSmJLm3Rbz2gR,,,,,48.44960022,-123.302597,test,,0,0,0,0,1,0,0,0,1,0,0,1,0,1
2019-07-11 14:01,2019-07-11 14:01,2,,100,0,1,2019-07-11 14:01,R_cJaf46jtLnJfPyl,,,,,48.44960022,-123.302597,test,,0,0,0,0,1,1,0,1,0,1,1,1,0,1
2019-07-11 14:01,2019-07-11 14:01,2,,100,0,1,2019-07-11 14:01,R_9n8sdQe00HQpxlz,,,,,48.44960022,-123.302597,test,,1,0,1,0,1,1,1,0,1,0,0,0,1,1
2019-07-11 14:01,2019-07-11 14:01,2,,100,0,1,2019-07-11 14:01,R_6FgV5uXcaBHyC7b,,,,,48.44960022,-123.302597,test,,0,1,0,0,0,1,1,0,0,0,0,1,1,0
2019-07-11 14:01,2019-07-11 14:01,2,,100,0,1,2019-07-11 14:01,R_eEXftlZRwfJ0HMp,,,,,48.44960022,-123.302597,test,,0,1,1,0,1,1,0,0,0,0,1,1,1,1
2019-07-11 14:01,2019-07-11 14:01,2,,100,0,1,2019-07-11 14:01,R_3vBZPnxY1xSBlSl,,,,,48.44960022,-123.302597,test,,0,0,0,1,0,1,0,0,1,1,1,0,0,0
2019-07-11 14:01,2019-07-11 14:01,2,,100,0,1,2019-07-11 14:01,R_bHnvc2BWXxe8mlD,,,,,48.44960022,-123.302597,test,,0,0,0,1,1,0,0,0,1,1,0,0,0,0
2019-07-11 14:01,2019-07-11 14:01,2,,100,0,1,2019-07-11 14:01,R_0IJ2THI9D0nMd1P,,,,,48.44960022,-123.302597,test,,0,1,0,0,1,0,1,1,1,1,1,0,1,0
2019-07-11 14:01,2019-07-11 14:01,2,,100,0,1,2019-07-11 14:01,R_2aVYjh1XYUykYIZ,,,,,48.44960022,-123.302597,test,,1,1,1,0,0,0,1,0,0,1,0,0,0,0
2019-07-11 14:01,2019-07-11 14:01,2,,100,0,1,2019-07-11 14:01,R_1M2Yfl7MuoRstLf,,,,,48.44960022,-123.302597,test,,0,0,1,1,0,1,0,0,0,0,1,1,1,1
2019-07-11 14:01,2019-07-11 14:01,2,,100,0,1,2019-07-11 14:01,R_6lIyAQQG5DvCF4p,,,,,48.44960022,-123.302597,test,,0,0,1,1,1,0,1,1,1,1,0,1,1,0
2019-07-11 14:01,2019-07-11 14:01,2,,100,0,1,2019-07-11 14:01,R_5nxSYEEpOLeGW0Z,,,,,48.44960022,-123.302597,test,,0,0,0,0,0,1,0,1,0,1,1,1,0,0
2019-07-11 14:01,2019-07-11 14:01,2,,100,0,1,2019-07-11 14:01,R_3CRl3Q7aPrnwhw1,,,,,48.44960022,-123.302597,test,,1,0,1,1,0,0,0,1,0,1,1,0,0,0
2019-07-11 14:01,2019-07-11 14:01,2,,100,0,1,2019-07-11 14:01,R_byMYzQTuIBe5xSB,,,,,48.44960022,-123.302597,test,,0,0,1,0,0,0,1,0,1,1,0,1,1,0
2019-07-11 14:01,2019-07-11 14:01,2,,100,0,1,2019-07-11 14:01,R_8of2XgX3y6AXbsV,,,,,48.44960022,-123.302597,test,,0,1,1,0,1,0,0,0,0,1,0,1,0,0
2019-07-11 14:01,2019-07-11 14:01,2,,100,0,1,2019-07-11 14:01,R_cNKgCxYF9fxEiEJ,,,,,48.44960022,-123.302597,test,,0,0,1,1,0,0,0,1,0,1,1,0,0,1
2019-07-11 14:01,2019-07-11 14:01,2,,100,0,1,2019-07-11 14:01,R_6R7RViDzGj25nAF,,,,,48.44960022,-123.302597,test,,1,1,0,0,1,0,1,1,0,1,0,0,0,1
2019-07-11 14:01,2019-07-11 14:01,2,,100,0,1,2019-07-11 14:01,R_d9Xt1Qnn5vQHZcN,,,,,48.44960022,-123.302597,test,,0,0,1,1,0,1,1,1,1,1,1,0,0,0
2019-07-11 14:01,2019-07-11 14:01,2,,100,0,1,2019-07-11 14:01,R_dmd929LW7RHRPVj,,,,,48.44960022,-123.302597,test,,1,0,1,1,1,0,0,0,1,1,0,0,1,1
2019-07-11 14:01,2019-07-11 14:01,2,,100,0,1,2019-07-11 14:01,R_eUOBQNKREDOXFWZ,,,,,48.44960022,-123.302597,test,,0,0,1,1,0,1,0,0,0,0,1,1,1,0
2019-07-11 14:01,2019-07-11 14:01,2,,100,0,1,2019-07-11 14:01,R_d5936zdPzBpxoCp,,,,,48.44960022,-123.302597,test,,1,0,0,0,1,1,0,1,1,0,0,1,1,0
2019-07-11 14:01,2019-07-11 14:01,2,,100,0,1,2019-07-11 14:01,R_4SIfZEUCuz4Wr3v,,,,,48.44960022,-123.302597,test,,1,0,0,1,0,0,0,1,0,0,1,1,1,1
2019-07-11 14:01,2019-07-11 14:01,2,,100,0,1,2019-07-11 14:01,R_4GzYVj3TqpIavgF,,,,,48.44960022,-123.302597,test,,1,0,0,0,0,0,1,0,1,0,1,0,1,0
2019-07-11 14:01,2019-07-11 14:01,2,,100,0,1,2019-07-11 14:01,R_eS9oqF8zDhs7rYV,,,,,48.44960022,-123.302597,test,,1,1,0,1,1,1,1,0,0,0,1,1,1,0
2019-07-11 14:01,2019-07-11 14:01,2,,100,0,1,2019-07-11 14:01,R_3l1rNSgoe05zKyF,,,,,48.44960022,-123.302597,test,,1,1,0,0,0,0,0,1,0,0,1,1,0,1
2019-07-11 14:01,2019-07-11 14:01,2,,100,0,1,2019-07-11 14:01,R_9oCiTSmzt4oJ5ml,,,,,48.44960022,-123.302597,test,,0,1,1,1,0,0,0,0,0,0,0,0,0,1
2019-07-11 14:01,2019-07-11 14:01,2,,100,0,1,2019-07-11 14:01,R_1TB0UpRHd6sczwF,,,,,48.44960022,-123.302597,test,,0,0,1,0,1,1,1,1,0,0,0,0,0,0
2019-07-11 14:01,2019-07-11 14:01,2,,100,0,1,2019-07-11 14:01,R_bHhEzwHHxkQtv37,,,,,48.44960022,-123.302597,test,,1,1,0,0,0,0,0,0,1,1,0,1,0,1
2019-07-11 14:01,2019-07-11 14:01,2,,100,0,1,2019-07-11 14:01,R_2rSUNeSa4d1SeMZ,,,,,48.44960022,-123.302597,test,,0,0,1,0,0,1,1,1,1,0,0,1,0,0
2019-07-11 14:01,2019-07-11 14:01,2,,100,0,1,2019-07-11 14:01,R_bPMpJS9IUvmtRqt,,,,,48.44960022,-123.302597,test,,1,1,1,0,1,0,1,0,0,1,0,0,1,1
2019-07-11 14:01,2019-07-11 14:01,2,,100,0,1,2019-07-11 14:01,R_2tPG3u7otNHLWn3,,,,,48.44960022,-123.302597,test,,1,0,1,1,0,0,1,1,0,0,0,0,1,1
2019-07-11 14:01,2019-07-11 14:01,2,,100,0,1,2019-07-11 14:01,R_2hOCknXUmEnAfMF,,,,,48.44960022,-123.302597,test,,0,1,1,1,0,0,0,1,1,0,0,1,0,0
2019-07-11 14:01,2019-07-11 14:01,2,,100,0,1,2019-07-11 14:01,R_9AbqNtNyUgtX1k1,,,,,48.44960022,-123.302597,test,,0,1,1,1,0,1,0,1,0,0,1,1,1,0
2019-07-11 14:01,2019-07-11 14:01,2,,100,0,1,2019-07-11 14:01,R_3yqPfLeOCYW0sUR,,,,,48.44960022,-123.302597,test,,1,1,1,0,1,0,0,0,1,0,1,1,1,0
2019-07-11 14:01,2019-07-11 14:01,2,,100,0,1,2019-07-11 14:01,R_3CoHDIvy1376ga9,,,,,48.44960022,-123.302597,test,,0,1,0,0,0,0,0,1,0,1,1,1,0,0
2019-07-11 14:01,2019-07-11 14:01,2,,100,0,1,2019-07-11 14:01,R_5naPORx1ZzrP6Gp,,,,,48.44960022,-123.302597,test,,1,1,0,0,0,0,1,1,1,0,0,0,1,1
2019-07-11 14:01,2019-07-11 14:01,2,,100,0,1,2019-07-11 14:01,R_0Vax0WXiLawdHNP,,,,,48.44960022,-123.302597,test,,0,0,1,1,1,1,0,1,0,1,1,0,1,1
2019-07-11 14:01,2019-07-11 14:01,2,,100,0,1,2019-07-11 14:01,R_0oWnx3BqZu1NkLr,,,,,48.44960022,-123.302597,test,,1,1,0,0,0,1,1,1,0,1,0,0,0,1
2019-07-11 14:01,2019-07-11 14:01,2,,100,0,1,2019-07-11 14:01,R_8rafhUIeXgLriMl,,,,,48.44960022,-123.302597,test,,0,0,1,0,0,0,0,0,0,0,1,1,0,0
2019-07-11 14:01,2019-07-11 14:01,2,,100,0,1,2019-07-11 14:01,R_5BazouLx1jvk98h,,,,,48.44960022,-123.302597,test,,0,0,0,1,0,1,0,0,1,0,1,1,0,1
2019-07-11 14:01,2019-07-11 14:01,2,,100,0,1,2019-07-11 14:01,R_50Xsmn0LZ7vRHBb,,,,,48.44960022,-123.302597,test,,0,0,1,0,1,1,1,1,1,0,1,0,0,0
2019-07-11 14:01,2019-07-11 14:01,2,,100,0,1,2019-07-11 14:01,R_6lNGnij5UIIJZmR,,,,,48.44960022,-123.302597,test,,0,0,1,1,0,1,0,0,0,0,1,0,1,1
2019-07-11 14:01,2019-07-11 14:01,2,,100,0,1,2019-07-11 14:01,R_02igVEr3uLeih8N,,,,,48.44960022,-123.302597,test,,1,0,1,1,0,1,0,1,0,0,1,0,0,1
2019-07-11 14:01,2019-07-11 14:01,2,,100,1,1,2019-07-11 14:01,R_3VtvtOgdh0J8bm5,,,,,48.44960022,-123.302597,test,,1,1,0,1,1,0,1,0,1,1,0,1,0,1
2019-07-11 14:01,2019-07-11 14:01,2,,100,0,1,2019-07-11 14:01,R_74lbmm1uYeGdIDX,,,,,48.44960022,-123.302597,test,,1,0,1,1,0,1,1,1,1,0,1,0,1,0
2019-07-11 14:01,2019-07-11 14:01,2,,100,0,1,2019-07-11 14:01,R_eVilCOGMvM8TAbj,,,,,48.44960022,-123.302597,test,,0,0,0,1,0,0,0,1,0,1,1,1,1,1
2019-07-11 14:01,2019-07-11 14:01,2,,100,0,1,2019-07-11 14:01,R_9oR7nVygQqcylgN,,,,,48.44960022,-123.302597,test,,0,0,0,1,0,0,1,0,1,0,0,0,0,1
2019-07-11 14:01,2019-07-11 14:01,2,,100,0,1,2019-07-11 14:01,R_3w55DcZ4A1TOz6l,,,,,48.44960022,-123.302597,test,,0,1,1,1,0,1,0,0,0,0,0,1,0,1
2019-07-11 14:01,2019-07-11 14:01,2,,100,0,1,2019-07-11 14:01,R_07Erct6r9CofZk1,,,,,48.44960022,-123.302597,test,,1,0,1,1,0,0,0,1,0,0,1,1,1,1
2019-07-11 14:01,2019-07-11 14:01,2,,100,0,1,2019-07-11 14:01,R_9YJl90IX3PSbLOl,,,,,48.44960022,-123.302597,test,,1,0,1,1,1,0,1,0,1,0,1,0,0,0
2019-07-11 14:01,2019-07-11 14:01,2,,100,0,1,2019-07-11 14:01,R_5o2TWrKNKbMlsuF,,,,,48.44960022,-123.302597,test,,0,1,0,1,0,0,0,0,1,0,0,0,1,1
2019-07-11 14:01,2019-07-11 14:01,2,,100,0,1,2019-07-11 14:01,R_eJ16Ek1gW7ac3sx,,,,,48.44960022,-123.302597,test,,1,0,0,0,1,1,1,1,0,1,0,0,1,1
2019-07-11 14:01,2019-07-11 14:01,2,,100,0,1,2019-07-11 14:01,R_3pKSSNzANTHP5SR,,,,,48.44960022,-123.302597,test,,1,0,1,1,1,1,1,0,0,0,0,0,1,0
2019-07-11 14:01,2019-07-11 14:01,2,,100,0,1,2019-07-11 14:01,R_3fvoQGd4SbFIa1v,,,,,48.44960022,-123.302597,test,,1,0,1,0,1,1,1,1,1,1,0,1,1,0
2019-07-11 14:01,2019-07-11 14:01,2,,100,0,1,2019-07-11 14:01,R_8wzSRWacet6GIC1,,,,,48.44960022,-123.302597,test,,1,1,0,0,1,0,0,0,0,0,1,1,0,1
2019-07-11 14:01,2019-07-11 14:01,2,,100,0,1,2019-07-11 14:01,R_2hM8txtPb0EPnud,,,,,48.44960022,-123.302597,test,,1,1,0,0,0,1,0,1,0,0,0,1,0,0
2019-07-11 14:01,2019-07-11 14:01,2,,100,0,1,2019-07-11 14:01,R_4HPtKr4Fk5KTRZP,,,,,48.44960022,-123.302597,test,,0,1,1,0,1,0,0,1,1,0,0,1,1,1
2019-07-11 14:01,2019-07-11 14:01,2,,100,0,1,2019-07-11 14:01,R_7UTf2KolrMTySm9,,,,,48.44960022,-123.302597,test,,1,0,0,1,0,0,0,1,0,1,0,0,1,1
2019-07-11 14:01,2019-07-11 14:01,2,,100,0,1,2019-07-11 14:01,R_9QDstKvLWcJ6NF3,,,,,48.44960022,-123.302597,test,,1,1,1,1,1,0,0,1,1,1,1,1,1,0
2019-07-11 14:01,2019-07-11 14:01,2,,100,0,1,2019-07-11 14:01,R_d9WnowKKdNjM3VH,,,,,48.44960022,-123.302597,test,,0,0,1,0,1,1,1,0,0,0,0,0,0,0
2019-07-11 14:01,2019-07-11 14:01,2,,100,0,1,2019-07-11 14:01,R_3w7Xda2koipfYNL,,,,,48.44960022,-123.302597,test,,0,1,0,0,0,0,1,1,0,1,1,1,1,0
2019-07-11 14:01,2019-07-11 14:01,2,,100,0,1,2019-07-11 14:01,R_6P4mM71PXDSv0gJ,,,,,48.44960022,-123.302597,test,,1,1,1,1,0,1,1,0,1,1,0,1,1,1
2019-07-11 14:01,2019-07-11 14:01,2,,100,0,1,2019-07-11 14:01,R_1RnwHhXxIsLeigJ,,,,,48.44960022,-123.302597,test,,1,1,1,1,1,1,1,0,0,0,0,1,0,0
2019-07-11 14:01,2019-07-11 14:01,2,,100,0,1,2019-07-11 14:01,R_0NAeEfpsGbvJyaV,,,,,48.44960022,-123.302597,test,,1,0,0,1,1,0,0,0,0,0,1,0,0,0
2019-07-11 14:01,2019-07-11 14:01,2,,100,0,1,2019-07-11 14:01,R_2bKEBJic6pSv0JD,,,,,48.44960022,-123.302597,test,,0,1,0,1,0,0,1,1,0,0,0,0,1,0
2019-07-11 14:01,2019-07-11 14:01,2,,100,0,1,2019-07-11 14:01,R_0JatnzfrmWjyKOx,,,,,48.44960022,-123.302597,test,,0,1,0,0,1,1,0,0,0,1,1,0,0,0
2019-07-11 14:01,2019-07-11 14:01,2,,100,0,1,2019-07-11 14:01,R_0UlXIIiR5fbatpj,,,,,48.44960022,-123.302597,test,,1,1,0,1,0,0,0,0,0,1,0,1,1,0
2019-07-11 14:01,2019-07-11 14:01,2,,100,0,1,2019-07-11 14:01,R_41weXOqy95g2Z5r,,,,,48.44960022,-123.302597,test,,0,1,0,0,1,0,0,0,1,1,1,0,1,0
2019-07-11 14:01,2019-07-11 14:01,2,,100,0,1,2019-07-11 14:01,R_3sF1lqNW2tIIzcx,,,,,48.44960022,-123.302597,test,,1,0,0,1,1,0,1,1,1,1,1,0,0,0
2019-07-11 14:01,2019-07-11 14:01,2,,100,0,1,2019-07-11 14:01,R_eJaYIpINyU4V6OF,,,,,48.44960022,-123.302597,test,,0,0,1,1,1,1,1,0,1,1,1,1,0,0
2019-07-11 14:01,2019-07-11 14:01,2,,100,0,1,2019-07-11 14:01,R_50HijiU3BAXxDyl,,,,,48.44960022,-123.302597,test,,0,1,0,1,0,1,1,1,1,0,1,1,0,1
2019-07-11 14:01,2019-07-11 14:01,2,,100,0,1,2019-07-11 14:01,R_4JcMCduvmuoymMJ,,,,,48.44960022,-123.302597,test,,1,1,0,0,0,0,0,1,1,0,1,1,0,1
2019-07-11 14:01,2019-07-11 14:01,2,,100,0,1,2019-07-11 14:01,R_72SYXFFu19M9ZFr,,,,,48.44960022,-123.302597,test,,1,0,0,1,1,0,1,1,0,0,0,1,1,1
2019-07-11 14:01,2019-07-11 14:01,2,,100,0,1,2019-07-11 14:01,R_8qXqFVGLuGqlGTz,,,,,48.44960022,-123.302597,test,,1,1,1,0,1,1,0,1,0,0,1,1,1,1
2019-07-11 14:01,2019-07-11 14:01,2,,100,0,1,2019-07-11 14:01,R_cUesEkYTT0SQZIV,,,,,48.44960022,-123.302597,test,,1,1,0,1,1,1,0,1,1,0,0,1,1,0
2019-07-11 14:01,2019-07-11 14:01,2,,100,0,1,2019-07-11 14:01,R_0fiOiPbYEda7CuN,,,,,48.44960022,-123.302597,test,,0,0,0,0,1,0,0,1,1,0,1,0,1,1
2019-07-11 14:01,2019-07-11 14:01,2,,100,0,1,2019-07-11 14:01,R_9BLv5zNPWsQ8z7n,,,,,48.44960022,-123.302597,test,,1,0,1,1,0,0,0,1,1,0,1,0,1,0
2019-07-11 14:01,2019-07-11 14:01,2,,100,0,1,2019-07-11 14:01,R_cwlJ26KyjVIdTRH,,,,,48.44960022,-123.302597,test,,1,1,0,0,1,1,0,1,0,0,1,0,1,1
2019-07-11 14:01,2019-07-11 14:01,2,,100,0,1,2019-07-11 14:01,R_719Nd7GDTN3DOwR,,,,,48.44960022,-123.302597,test,,1,0,0,0,1,0,1,0,1,1,1,1,1,0
2019-07-11 14:01,2019-07-11 14:01,2,,100,0,1,2019-07-11 14:01,R_41qxn2DQcBByK69,,,,,48.44960022,-123.302597,test,,1,0,1,0,0,0,1,0,1,0,0,0,0,0
2019-07-11 14:01,2019-07-11 14:01,2,,100,0,1,2019-07-11 14:01,R_9EtZ37ON9XsDAGN,,,,,48.44960022,-123.302597,test,,0,0,0,0,0,1,1,0,1,1,0,1,1,1
2019-07-11 14:01,2019-07-11 14:01,2,,100,0,1,2019-07-11 14:01,R_1Rnlp6CSbR3WjoV,,,,,48.44960022,-123.302597,test,,1,1,0,1,1,1,1,0,0,0,1,1,0,1
2019-07-11 14:01,2019-07-11 14:01,2,,100,0,1,2019-07-11 14:01,R_0U4xk9sV3YbDce9,,,,,48.44960022,-123.302597,test,,1,1,1,0,0,0,0,0,1,0,1,1,0,0
2019-07-11 14:01,2019-07-11 14:01,2,,100,0,1,2019-07-11 14:01,R_5hASGf8DI0ECc7z,,,,,48.44960022,-123.302597,test,,0,1,0,0,0,0,0,0,1,0,1,1,1,1
2019-07-11 14:01,2019-07-11 14:01,2,,100,0,1,2019-07-11 14:01,R_6rgKmx3BgdzZhuB,,,,,48.44960022,-123.302597,test,,1,1,1,1,1,1,0,0,0,1,1,1,1,0
2019-07-11 14:01,2019-07-11 14:01,2,,100,0,1,2019-07-11 14:01,R_agEsysAFHLEkwgR,,,,,48.44960022,-123.302597,test,,1,0,1,1,1,0,1,1,1,1,0,1,1,1
2019-07-11 14:01,2019-07-11 14:01,2,,100,0,1,2019-07-11 14:01,R_6ro2apOvJO2eIZL,,,,,48.44960022,-123.302597,test,,1,0,1,1,0,0,0,1,0,1,1,1,0,1
2019-07-11 14:01,2019-07-11 14:01,2,,100,0,1,2019-07-11 14:01,R_3sIXle5Ea8skpMN,,,,,48.44960022,-123.302597,test,,0,0,0,1,0,0,0,1,0,1,1,1,1,0
2019-07-11 14:01,2019-07-11 14:01,2,,100,0,1,2019-07-11 14:01,R_8q5ckHnkLFBce4l,,,,,48.44960022,-123.302597,test,,1,0,1,1,1,0,1,0,0,0,0,1,1,1
2019-07-11 14:01,2019-07-11 14:01,2,,100,0,1,2019-07-11 14:01,R_cNrhhWuj5uBhjrT,,,,,48.44960022,-123.302597,test,,1,0,0,0,1,0,0,1,1,1,1,1,1,1
2019-07-11 14:01,2019-07-11 14:01,2,,100,0,1,2019-07-11 14:01,R_eQyozO3fDnKMC21,,,,,48.44960022,-123.302597,test,,0,0,1,0,1,1,0,0,0,0,0,1,0,1
2019-07-11 14:01,2019-07-11 14:01,2,,100,0,1,2019-07-11 14:01,R_cVj8It0R3rBDRgF,,,,,48.44960022,-123.302597,test,,0,1,0,1,1,0,1,0,0,1,0,0,1,0
2019-07-11 14:01,2019-07-11 14:01,2,,100,0,1,2019-07-11 14:01,R_3eHXexr0jPcjRHf,,,,,48.44960022,-123.302597,test,,0,1,1,0,1,0,1,0,1,0,1,1,1,1
2019-07-11 14:01,2019-07-11 14:01,2,,100,0,1,2019-07-11 14:01,R_aeCIgkk65Kuk83X,,,,,48.44960022,-123.302597,test,,0,0,0,1,1,0,0,1,1,1,0,1,1,0
2019-07-11 14:01,2019-07-11 14:01,2,,100,0,1,2019-07-11 14:01,R_e5uQ1N541OVQ2wt,,,,,48.44960022,-123.302597,test,,1,0,1,1,0,0,1,0,1,0,0,1,0,1
2019-07-11 14:01,2019-07-11 14:01,2,,100,0,1,2019-07-11 14:01,R_74Hgbn0ZLuMQpY9,,,,,48.44960022,-123.302597,test,,0,1,1,1,1,1,0,0,0,1,0,1,1,0
2019-07-11 14:01,2019-07-11 14:01,2,,100,0,1,2019-07-11 14:01,R_6VSadvFP3YtJZ2Z,,,,,48.44960022,-123.302597,test,,1,1,0,0,0,1,1,0,1,1,0,1,1,0
2019-07-11 14:01,2019-07-11 14:01,2,,100,0,1,2019-07-11 14:01,R_7WpuRJAUfvDACkR,,,,,48.44960022,-123.302597,test,,1,0,0,1,1,0,1,0,0,0,1,0,1,0
2019-07-11 14:01,2019-07-11 14:01,2,,100,0,1,2019-07-11 14:01,R_dgPNb4g1NO3K81T,,,,,48.44960022,-123.302597,test,,0,1,0,0,0,1,0,1,0,0,0,0,1,0
2019-07-11 14:01,2019-07-11 14:01,2,,100,0,1,2019-07-11 14:01,R_e3UtKvV0MdRcttb,,,,,48.44960022,-123.302597,test,,0,1,0,1,0,0,1,0,0,0,1,1,0,1
2019-07-11 14:01,2019-07-11 14:01,2,,100,0,1,2019-07-11 14:01,R_cwLEKZlfaCkJ9eR,,,,,48.44960022,-123.302597,test,,0,0,1,0,0,1,1,1,0,0,0,0,0,1
2019-07-11 14:01,2019-07-11 14:01,2,,100,0,1,2019-07-11 14:01,R_0UMCOGxuYBFkeq1,,,,,48.44960022,-123.302597,test,,1,1,0,0,0,0,0,1,0,1,0,1,1,1
2019-07-11 14:01,2019-07-11 14:01,2,,100,0,1,2019-07-11 14:01,R_dm1FWGRZuIgPH13,,,,,48.44960022,-123.302597,test,,0,1,0,0,0,1,0,1,1,0,0,1,1,1
2019-07-11 14:01,2019-07-11 14:01,2,,100,0,1,2019-07-11 14:01,R_eD8tVrnH1fog9Ap,,,,,48.44960022,-123.302597,test,,1,0,1,1,1,0,0,0,1,0,0,1,0,0
2019-07-11 14:01,2019-07-11 14:01,2,,100,0,1,2019-07-11 14:01,R_3DV9DuRASlWvyIt,,,,,48.44960022,-123.302597,test,,1,0,0,1,1,1,1,0,1,0,1,0,1,1
2019-07-11 14:01,2019-07-11 14:01,2,,100,0,1,2019-07-11 14:01,R_5pe4GrR53X1Gd49,,,,,48.44960022,-123.302597,test,,0,0,1,1,0,0,0,1,0,0,0,0,0,0
2019-07-11 14:01,2019-07-11 14:01,2,,100,0,1,2019-07-11 14:01,R_9nKvHlaRN7tnJ0F,,,,,48.44960022,-123.302597,test,,1,1,1,1,0,1,0,1,1,1,1,1,1,0
2019-07-11 14:01,2019-07-11 14:01,2,,100,0,1,2019-07-11 14:01,R_5nJf2HhVeCc6ak5,,,,,48.44960022,-123.302597,test,,1,0,1,0,1,0,0,1,0,1,0,0,0,1
2019-07-11 14:01,2019-07-11 14:01,2,,100,0,1,2019-07-11 14:01,R_2mp241291MWfbw1,,,,,48.44960022,-123.302597,test,,0,1,1,0,1,1,1,0,1,1,0,0,0,1
2019-07-11 14:01,2019-07-11 14:01,2,,100,0,1,2019-07-11 14:01,R_9TAj0bz4Uak1Y7X,,,,,48.44960022,-123.302597,test,,0,1,1,1,1,0,1,0,0,0,0,0,1,1
2019-07-11 14:01,2019-07-11 14:01,2,,100,0,1,2019-07-11 14:01,R_0D88rOwoj1lvMxv,,,,,48.44960022,-123.302597,test,,0,0,1,0,0,0,1,0,1,0,0,1,0,1
2019-07-11 14:01,2019-07-11 14:01,2,,100,0,1,2019-07-11 14:01,R_3wRp419umegZWFD,,,,,48.44960022,-123.302597,test,,0,0,0,0,0,0,0,1,0,0,0,0,1,1
2019-07-11 14:01,2019-07-11 14:01,2,,100,0,1,2019-07-11 14:01,R_54q4hIG5uwWJ3mZ,,,,,48.44960022,-123.302597,test,,0,0,0,1,0,0,1,0,1,0,0,1,1,0
2019-07-11 14:01,2019-07-11 14:01,2,,100,0,1,2019-07-11 14:01,R_9MEDI6EmMOjp4Q5,,,,,48.44960022,-123.302597,test,,0,1,0,0,1,1,0,1,0,0,0,0,1,1
2019-07-11 14:01,2019-07-11 14:01,2,,100,0,1,2019-07-11 14:01,R_24qS1uPTo18ZNgV,,,,,48.44960022,-123.302597,test,,0,1,0,0,0,0,1,0,0,1,1,0,0,1
2019-07-11 14:01,2019-07-11 14:01,2,,100,0,1,2019-07-11 14:01,R_6XSeMSiobG0mdZb,,,,,48.44960022,-123.302597,test,,0,0,1,1,1,1,0,0,0,1,0,1,0,1
2019-07-11 14:01,2019-07-11 14:01,2,,100,0,1,2019-07-11 14:01,R_dh5vrKSfrGNiPiJ,,,,,48.44960022,-123.302597,test,,0,0,0,1,1,1,1,1,0,0,1,0,1,0
2019-07-11 14:01,2019-07-11 14:01,2,,100,0,1,2019-07-11 14:01,R_4YeHRijgX8gxz6t,,,,,48.44960022,-123.302597,test,,0,1,0,0,0,0,0,0,1,1,0,0,1,0
2019-07-11 14:01,2019-07-11 14:01,2,,100,0,1,2019-07-11 14:01,R_79BvzwNEWkbiSR7,,,,,48.44960022,-123.302597,test,,1,1,1,1,1,1,0,0,1,1,0,1,0,0
2019-07-11 14:01,2019-07-11 14:01,2,,100,0,1,2019-07-11 14:01,R_0p84hz7VVVgZGa9,,,,,48.44960022,-123.302597,test,,0,1,1,0,0,0,0,0,0,0,0,1,1,1
2019-07-11 14:01,2019-07-11 14:01,2,,100,0,1,2019-07-11 14:01,R_eeZwfTyeGPyFNWd,,,,,48.44960022,-123.302597,test,,0,1,0,0,0,1,0,0,1,0,0,1,1,1
2019-07-11 14:01,2019-07-11 14:01,2,,100,0,1,2019-07-11 14:01,R_25p9KY1zLuL8zJP,,,,,48.44960022,-123.302597,test,,1,0,0,1,1,1,1,0,0,1,0,1,1,0
2019-07-11 14:01,2019-07-11 14:01,2,,100,0,1,2019-07-11 14:01,R_7QisWXq0NNE50KV,,,,,48.44960022,-123.302597,test,,1,1,1,1,0,1,1,0,1,1,1,1,1,1
2019-07-11 14:01,2019-07-11 14:01,2,,100,0,1,2019-07-11 14:01,R_6QjPwBsLkTSaZ4V,,,,,48.44960022,-123.302597,test,,0,0,0,0,1,1,1,1,0,0,0,1,1,0