StartDate,EndDate,Status,IPAddress,Progress,Duration (in seconds),Finished,RecordedDate,ResponseId,RecipientLastName,RecipientFirstName,RecipientEmail,ExternalReference,LocationLatitude,LocationLongitude,DistributionChannel,UserLanguage,SAS_1,SAS_2,SAS_3,SAS_4,SAS_5,SAS_6,SAS_7,SAS_8,SAS_9,SAS_10,SAS_11,SAS_12,SAS_13,SAS_14,SAS_15,SAS_16,SAS_17,SAS_18,SAS_19,SAS_20,SAS_21,SAS_22,SAS_23,SAS_24,SAS_25,SAS_26,SAS_27,SAS_28,SAS_29,SAS_30,SAS_31,SAS_32,SAS_33,SAS_34,SAS_35,SAS_36
2019-07-18 9:06,2019-07-18 9:06,2,,100,0,1,2019-07-18 9:06,R_6fMgLLj3Yntbkmp,,,,,48.4992981,-123.4002991,test,,1,3,2,4,0,1,0,4,1,1,4,2,1,4,4,3,1,4,4,2,1,3,2,4,0,3,0,0,4,1,2,1,2,0,0,3
2019-07-18 9:06,2019-07-18 9:06,2,,100,0,1,2019-07-18 9:06,R_1SKu5o1bKpv7YhL,,,,,48.4992981,-123.4002991,test,,1,3,0,0,1,1,4,1,4,0,0,3,3,1,0,3,3,2,1,3,4,3,1,0,2,1,3,3,1,3,0,1,0,3,2,2
2019-07-18 9:06,2019-07-18 9:06,2,,100,0,1,2019-07-18 9:06,R_6F2atcZPe2RIrnD,,,,,48.4992981,-123.4002991,test,,2,0,4,0,2,0,2,4,4,4,0,2,0,1,1,2,0,1,3,1,0,0,1,0,0,3,4,1,1,4,0,0,1,4,2,4
2019-07-18 9:06,2019-07-18 9:06,2,,100,0,1,2019-07-18 9:06,R_bw3ORFea0IiAJYp,,,,,48.4992981,-123.4002991,test,,1,1,1,2,0,1,2,0,3,2,2,4,0,3,0,2,1,4,0,4,4,0,1,3,0,1,4,0,4,2,0,2,2,3,4,1
2019-07-18 9:06,2019-07-18 9:06,2,,100,0,1,2019-07-18 9:06,R_6S69kjIqLmleQ8R,,,,,48.4992981,-123.4002991,test,,0,3,4,1,2,1,0,3,2,3,3,1,1,0,3,3,2,2,4,4,2,0,4,2,3,3,3,1,1,0,2,4,1,1,2,4
2019-07-18 9:06,2019-07-18 9:06,2,,100,0,1,2019-07-18 9:06,R_6myBUcpeq3gbWtv,,,,,48.4992981,-123.4002991,test,,1,1,2,2,0,4,4,1,4,2,4,1,0,4,1,4,3,3,3,1,0,0,1,0,3,1,1,4,0,1,3,4,4,0,1,1
2019-07-18 9:06,2019-07-18 9:06,2,,100,0,1,2019-07-18 9:06,R_6hFfq16Wm5UOl2R,,,,,48.4992981,-123.4002991,test,,3,1,0,3,4,0,2,1,3,1,3,0,2,4,3,1,0,0,1,0,3,0,0,1,3,3,4,1,1,4,1,4,1,2,1,2
2019-07-18 9:06,2019-07-18 9:06,2,,100,0,1,2019-07-18 9:06,R_ewJAyqaWIHAbJHL,,,,,48.4992981,-123.4002991,test,,0,2,4,1,4,2,3,4,0,0,0,0,4,3,1,1,4,2,3,4,2,1,4,0,4,1,3,0,4,1,1,0,3,1,2,2
2019-07-18 9:06,2019-07-18 9:06,2,,100,0,1,2019-07-18 9:06,R_egHOedC41tX1L3n,,,,,48.4992981,-123.4002991,test,,0,3,4,4,4,3,1,0,4,2,0,2,3,0,4,2,1,2,2,1,4,2,3,1,4,0,0,3,1,4,1,4,2,1,4,4
2019-07-18 9:06,2019-07-18 9:06,2,,100,0,1,2019-07-18 9:06,R_9WAzkMFgnfyZRwF,,,,,48.4992981,-123.4002991,test,,4,1,2,2,0,1,2,2,4,0,0,4,4,1,1,0,4,3,2,2,0,2,3,3,2,0,3,3,2,0,0,2,3,0,4,1
2019-07-18 9:06,2019-07-18 9:06,2,,100,0,1,2019-07-18 9:06,R_9yLfumQBTrRNYpL,,,,,48.4992981,-123.4002991,test,,0,2,0,1,0,4,0,0,4,2,1,3,3,3,4,1,1,3,2,0,2,0,2,2,0,0,3,0,2,4,2,1,4,2,4,4
2019-07-18 9:06,2019-07-18 9:06,2,,100,0,1,2019-07-18 9:06,R_3rO4NLHMhGuT4aN,,,,,48.4992981,-123.4002991,test,,3,2,1,4,2,4,4,0,0,1,1,0,4,2,2,1,1,4,1,0,1,4,1,0,2,1,3,4,0,0,1,3,2,3,1,2
2019-07-18 9:06,2019-07-18 9:06,2,,100,0,1,2019-07-18 9:06,R_3C6knbwJ48FZZ2Z,,,,,48.4992981,-123.4002991,test,,2,2,3,2,3,4,4,2,4,0,1,0,2,2,3,0,0,4,2,4,1,3,4,3,0,3,4,1,2,3,1,2,0,4,2,1
2019-07-18 9:06,2019-07-18 9:06,2,,100,0,1,2019-07-18 9:06,R_bC4a0FXByudcQuh,,,,,48.4992981,-123.4002991,test,,0,3,2,4,3,3,3,4,4,4,1,2,3,1,0,1,4,3,1,1,1,1,1,2,0,4,3,1,4,1,2,3,3,3,3,0
2019-07-18 9:06,2019-07-18 9:06,2,,100,0,1,2019-07-18 9:06,R_bDEqNxlCkPkMfhr,,,,,48.4992981,-123.4002991,test,,3,4,4,3,0,0,4,2,3,3,3,2,2,2,4,4,0,3,1,0,1,0,4,1,2,1,0,3,1,1,1,1,0,2,3,0
2019-07-18 9:06,2019-07-18 9:06,2,,100,0,1,2019-07-18 9:06,R_1TCiA7WFobyqZyR,,,,,48.4992981,-123.4002991,test,,4,4,3,3,2,0,1,3,0,0,4,0,3,4,0,4,1,2,2,0,0,3,0,4,1,1,2,4,3,3,4,3,0,3,2,2
2019-07-18 9:06,2019-07-18 9:06,2,,100,0,1,2019-07-18 9:06,R_6hSOUe0RrBTANWl,,,,,48.4992981,-123.4002991,test,,3,4,2,0,0,2,0,1,4,4,2,2,1,4,4,3,1,2,2,2,2,1,4,0,2,0,1,1,3,3,4,0,3,3,3,3
2019-07-18 9:06,2019-07-18 9:06,2,,100,0,1,2019-07-18 9:06,R_80uYKAqokJHUoBL,,,,,48.4992981,-123.4002991,test,,0,4,0,1,4,2,1,3,4,0,3,0,0,4,0,0,0,3,1,3,3,0,0,1,4,3,1,4,2,0,3,0,1,2,4,0
2019-07-18 9:06,2019-07-18 9:06,2,,100,0,1,2019-07-18 9:06,R_bqq0mxqGO4TctGB,,,,,48.4992981,-123.4002991,test,,4,1,2,3,0,2,4,3,2,2,1,1,1,4,1,4,4,2,4,0,1,3,1,2,4,0,4,3,2,0,4,1,4,3,3,1
2019-07-18 9:06,2019-07-18 9:06,2,,100,0,1,2019-07-18 9:06,R_795kspCs27s9eex,,,,,48.4992981,-123.4002991,test,,3,3,1,2,0,3,4,4,4,4,3,3,3,2,3,2,1,0,4,4,0,3,1,4,1,4,1,4,4,4,0,1,4,0,2,4
2019-07-18 9:06,2019-07-18 9:06,2,,100,0,1,2019-07-18 9:06,R_6mv1sy32Og6n7mZ,,,,,48.4992981,-123.4002991,test,,4,1,4,2,3,3,4,0,0,3,1,3,0,2,3,2,1,2,0,1,4,3,2,4,3,1,2,4,0,2,2,1,3,2,0,3
2019-07-18 9:06,2019-07-18 9:06,2,,100,0,1,2019-07-18 9:06,R_0H5vp0TbyCsUltX,,,,,48.4992981,-123.4002991,test,,1,3,4,0,0,1,4,0,4,0,2,3,2,0,4,2,2,2,3,4,2,3,2,2,2,0,2,2,3,0,1,0,3,0,3,4
2019-07-18 9:06,2019-07-18 9:06,2,,100,0,1,2019-07-18 9:06,R_eeVdkkCRmbXs85f,,,,,48.4992981,-123.4002991,test,,0,1,0,4,4,2,0,0,3,2,2,2,4,2,1,3,1,3,0,3,0,1,4,2,4,3,0,4,4,2,4,0,2,0,4,4
2019-07-18 9:06,2019-07-18 9:06,2,,100,0,1,2019-07-18 9:06,R_7QE9eVuuLhOHgpv,,,,,48.4992981,-123.4002991,test,,0,2,1,4,1,2,4,0,0,0,2,0,2,3,2,0,3,2,2,1,4,3,2,4,2,3,1,4,2,4,4,4,0,0,0,4
2019-07-18 9:06,2019-07-18 9:06,2,,100,0,1,2019-07-18 9:06,R_a8FI5oi2rA4LO8l,,,,,48.4992981,-123.4002991,test,,1,2,4,4,0,3,1,4,1,1,2,4,2,4,0,2,1,1,2,2,2,2,0,2,3,3,4,4,0,4,4,1,0,2,2,2
2019-07-18 9:06,2019-07-18 9:06,2,,100,0,1,2019-07-18 9:06,R_8pOWu0LBZw0Epox,,,,,48.4992981,-123.4002991,test,,0,4,3,0,0,2,3,2,3,3,2,1,0,1,1,4,4,4,0,1,3,1,1,0,2,0,1,4,3,1,2,2,0,2,4,4
2019-07-18 9:06,2019-07-18 9:06,2,,100,0,1,2019-07-18 9:06,R_9YMV0w5rZL7hjrT,,,,,48.4992981,-123.4002991,test,,0,0,4,3,4,4,0,1,2,1,3,3,1,4,3,3,1,3,0,4,3,4,0,0,0,0,1,3,3,0,3,1,1,3,1,0
2019-07-18 9:06,2019-07-18 9:06,2,,100,0,1,2019-07-18 9:06,R_dna2FIqnGUgAcnP,,,,,48.4992981,-123.4002991,test,,0,3,2,1,4,1,3,0,4,1,2,4,0,4,0,4,3,4,4,1,2,4,1,2,0,0,3,3,3,3,3,2,4,2,1,4
2019-07-18 9:06,2019-07-18 9:06,2,,100,0,1,2019-07-18 9:06,R_723MqFZ4xjjGqjj,,,,,48.4992981,-123.4002991,test,,3,3,3,3,0,2,3,0,4,1,2,4,0,1,2,3,0,2,2,4,4,2,3,2,1,2,2,1,1,0,0,0,3,2,1,0
2019-07-18 9:06,2019-07-18 9:06,2,,100,0,1,2019-07-18 9:06,R_9S6K4hJuq5iIRXn,,,,,48.4992981,-123.4002991,test,,0,4,4,1,2,1,3,4,1,3,0,4,4,1,0,4,1,1,1,2,2,2,3,0,4,2,3,4,0,4,0,0,4,0,1,4
2019-07-18 9:06,2019-07-18 9:06,2,,100,0,1,2019-07-18 9:06,R_8iynZ80IGLGzyh7,,,,,48.4992981,-123.4002991,test,,3,4,0,3,4,0,1,4,4,2,0,1,0,1,3,3,2,4,1,2,3,2,1,0,2,0,2,2,2,2,1,0,4,2,4,3
2019-07-18 9:06,2019-07-18 9:06,2,,100,0,1,2019-07-18 9:06,R_bmzrUTzkCHH3Uhv,,,,,48.4992981,-123.4002991,test,,4,0,3,0,1,0,2,0,2,2,0,1,0,1,0,3,2,3,1,3,4,2,1,2,4,1,3,0,1,0,2,3,4,4,4,1
2019-07-18 9:06,2019-07-18 9:06,2,,100,0,1,2019-07-18 9:06,R_cw0KjsDRnWhRBIN,,,,,48.4992981,-123.4002991,test,,3,0,3,4,3,2,3,0,3,3,3,3,3,1,4,2,0,4,2,4,2,0,2,0,4,1,1,0,2,1,1,3,1,2,2,3
2019-07-18 9:06,2019-07-18 9:06,2,,100,0,1,2019-07-18 9:06,R_88uDv4mHAkbXYgJ,,,,,48.4992981,-123.4002991,test,,4,3,4,1,4,2,3,1,0,1,4,0,3,4,0,4,4,2,2,3,0,1,4,3,0,2,1,4,1,1,0,0,3,4,2,3
2019-07-18 9:06,2019-07-18 9:06,2,,100,0,1,2019-07-18 9:06,R_cMbX9VuKfglDOlv,,,,,48.4992981,-123.4002991,test,,2,0,0,2,4,4,1,1,2,1,1,4,0,2,4,4,3,0,4,2,3,1,2,4,3,1,4,4,4,4,2,0,1,4,4,1
2019-07-18 9:06,2019-07-18 9:06,2,,100,0,1,2019-07-18 9:06,R_6Sz3N4sAxiC0I3b,,,,,48.4992981,-123.4002991,test,,0,4,1,4,4,2,3,4,0,4,3,2,2,0,2,2,0,4,0,2,2,4,0,1,4,2,1,2,1,0,1,2,0,4,4,1
2019-07-18 9:06,2019-07-18 9:06,2,,100,0,1,2019-07-18 9:06,R_3qFSxn7fWzjeCIR,,,,,48.4992981,-123.4002991,test,,3,0,2,4,0,0,3,3,4,1,0,0,4,3,4,3,1,0,0,0,0,4,1,3,4,2,0,3,4,3,2,2,3,0,2,0
2019-07-18 9:06,2019-07-18 9:06,2,,100,0,1,2019-07-18 9:06,R_38DHwuzFPCu77Dv,,,,,48.4992981,-123.4002991,test,,1,4,2,3,1,0,3,4,0,0,0,4,0,1,0,0,2,4,2,2,1,3,0,3,2,0,3,4,0,2,2,3,4,0,0,3
2019-07-18 9:06,2019-07-18 9:06,2,,100,0,1,2019-07-18 9:06,R_3qNhTSMF52PJ3Df,,,,,48.4992981,-123.4002991,test,,1,2,3,4,1,0,3,3,0,3,2,4,2,4,3,2,1,2,1,0,3,1,4,3,2,2,2,1,3,2,4,3,2,4,0,2
2019-07-18 9:06,2019-07-18 9:06,2,,100,0,1,2019-07-18 9:06,R_bDBwftZ3Mt90XLn,,,,,48.4992981,-123.4002991,test,,1,1,1,3,1,2,3,0,0,0,3,1,1,2,3,2,4,2,1,2,4,1,2,0,0,2,4,4,4,4,1,4,4,2,3,2
2019-07-18 9:06,2019-07-18 9:06,2,,100,0,1,2019-07-18 9:06,R_6ycR16CSwHynYZn,,,,,48.4992981,-123.4002991,test,,4,3,1,3,3,4,3,3,3,2,1,1,3,0,3,3,1,3,2,3,0,1,1,1,2,0,1,4,2,4,2,1,1,4,3,1
2019-07-18 9:06,2019-07-18 9:06,2,,100,0,1,2019-07-18 9:06,R_eeSWZgmtr4C5eYt,,,,,48.4992981,-123.4002991,test,,1,4,0,0,0,3,0,3,4,1,3,1,0,3,1,1,1,4,1,4,0,3,0,0,0,1,3,2,4,2,0,2,2,3,1,0
2019-07-18 9:06,2019-07-18 9:06,2,,100,0,1,2019-07-18 9:06,R_5o5PLEx9MKEbStf,,,,,48.4992981,-123.4002991,test,,0,0,0,4,3,3,1,1,3,4,3,1,4,1,0,3,0,1,0,1,0,4,1,4,1,0,1,4,0,1,2,1,2,1,1,0
2019-07-18 9:06,2019-07-18 9:06,2,,100,0,1,2019-07-18 9:06,R_ddwBb2vPNiDZ2YZ,,,,,48.4992981,-123.4002991,test,,3,0,0,3,1,2,4,3,4,3,0,1,4,0,1,3,4,3,2,1,1,4,0,1,3,1,4,1,1,4,2,3,2,1,1,3
2019-07-18 9:06,2019-07-18 9:06,2,,100,0,1,2019-07-18 9:06,R_25nU6Z2yadQZW2V,,,,,48.4992981,-123.4002991,test,,2,1,0,1,1,0,1,1,1,1,4,3,4,3,0,3,0,2,0,1,3,3,3,2,0,3,1,0,1,0,2,2,2,1,3,1
2019-07-18 9:06,2019-07-18 9:06,2,,100,0,1,2019-07-18 9:06,R_bypyaLD64uJIPm5,,,,,48.4992981,-123.4002991,test,,0,3,1,2,3,1,3,3,4,4,0,4,2,4,0,4,4,3,2,4,0,3,4,0,2,0,4,4,4,4,1,1,3,3,3,3
2019-07-18 9:06,2019-07-18 9:06,2,,100,0,1,2019-07-18 9:06,R_aeEB3t0dbGcUbYx,,,,,48.4992981,-123.4002991,test,,4,4,1,4,1,4,2,4,1,0,2,0,0,2,4,3,4,1,3,3,1,1,0,1,1,2,2,2,0,2,1,1,3,3,1,1
2019-07-18 9:06,2019-07-18 9:06,2,,100,0,1,2019-07-18 9:06,R_8cvO8XuYqBJkZEx,,,,,48.4992981,-123.4002991,test,,3,2,3,1,4,2,1,1,3,0,1,2,0,0,3,3,4,4,3,3,4,2,0,2,0,3,4,1,0,4,4,0,1,2,4,1
2019-07-18 9:06,2019-07-18 9:06,2,,100,0,1,2019-07-18 9:06,R_0VaeyHxNT6IurcN,,,,,48.4992981,-123.4002991,test,,3,1,2,2,4,4,1,2,1,2,4,3,2,3,0,1,0,3,0,1,1,4,1,1,4,3,2,0,4,2,4,1,1,1,0,2
2019-07-18 9:06,2019-07-18 9:06,2,,100,0,1,2019-07-18 9:06,R_cLSPssiYIwBeAyF,,,,,48.4992981,-123.4002991,test,,0,1,3,2,1,2,1,0,1,4,2,0,2,4,1,2,1,4,0,3,2,1,3,2,4,0,0,0,2,2,3,1,3,3,2,0
2019-07-18 9:06,2019-07-18 9:06,2,,100,0,1,2019-07-18 9:06,R_eUUyvrDAjsOODqt,,,,,48.4992981,-123.4002991,test,,0,3,2,1,0,1,0,4,3,2,0,1,3,2,4,1,1,1,1,4,2,2,3,4,1,4,0,2,1,0,0,4,0,2,4,3
2019-07-18 9:06,2019-07-18 9:06,2,,100,0,1,2019-07-18 9:06,R_5cBbGkGjs3K6gfz,,,,,48.4992981,-123.4002991,test,,2,0,2,3,0,3,4,2,0,2,4,2,4,0,2,4,3,3,3,0,3,2,3,4,1,3,0,4,1,4,2,1,4,4,2,2
2019-07-18 9:06,2019-07-18 9:06,2,,100,0,1,2019-07-18 9:06,R_7UHJ2swZw079Wy9,,,,,48.4992981,-123.4002991,test,,4,0,0,1,3,3,4,0,1,1,4,1,3,2,2,3,3,0,0,4,1,3,4,3,1,0,4,2,3,1,1,0,3,0,1,0
2019-07-18 9:06,2019-07-18 9:06,2,,100,0,1,2019-07-18 9:06,R_5zQMnBpRW8WfDNP,,,,,48.4992981,-123.4002991,test,,3,2,4,0,3,1,1,1,0,2,0,3,2,1,3,3,0,0,3,2,2,4,0,2,3,1,3,1,1,4,4,2,3,0,0,4
2019-07-18 9:06,2019-07-18 9:06,2,,100,0,1,2019-07-18 9:06,R_cTo2krgo7TaQmDH,,,,,48.4992981,-123.4002991,test,,1,1,0,0,2,2,3,2,1,3,1,4,0,1,4,3,3,1,1,3,2,4,2,3,2,2,4,4,0,1,4,1,0,0,2,3
2019-07-18 9:06,2019-07-18 9:06,2,,100,0,1,2019-07-18 9:06,R_54qlMOIX7GVioeh,,,,,48.4992981,-123.4002991,test,,1,0,1,2,0,0,4,0,0,4,4,0,4,4,2,0,0,3,4,2,4,3,4,0,0,2,0,2,4,4,3,4,2,3,2,4
2019-07-18 9:06,2019-07-18 9:06,2,,100,0,1,2019-07-18 9:06,R_3lBcb443vYRwnCR,,,,,48.4992981,-123.4002991,test,,0,1,3,4,0,4,1,4,2,0,1,0,4,0,0,0,3,0,3,4,3,4,4,3,0,0,0,1,4,2,2,1,1,3,3,4
2019-07-18 9:06,2019-07-18 9:06,2,,100,0,1,2019-07-18 9:06,R_0SXG4BOqJYSOFnf,,,,,48.4992981,-123.4002991,test,,3,1,2,0,0,2,2,3,4,0,1,1,4,2,4,2,4,1,1,2,4,3,0,4,2,3,0,0,2,4,1,2,1,1,4,3
2019-07-18 9:06,2019-07-18 9:06,2,,100,0,1,2019-07-18 9:06,R_3W3avTS8FJMxLiB,,,,,48.4992981,-123.4002991,test,,2,3,2,1,0,2,3,2,2,4,2,3,0,3,3,2,0,3,3,4,4,3,0,4,4,3,3,4,0,2,2,2,0,1,0,0
2019-07-18 9:06,2019-07-18 9:06,2,,100,0,1,2019-07-18 9:06,R_801pdZivc9eNOyp,,,,,48.4992981,-123.4002991,test,,0,4,0,1,4,1,4,2,1,3,3,1,4,1,0,0,4,2,2,2,4,2,3,0,0,4,3,2,1,0,0,1,4,4,3,2
2019-07-18 9:06,2019-07-18 9:06,2,,100,0,1,2019-07-18 9:06,R_5h8eAo0bjBJUqUJ,,,,,48.4992981,-123.4002991,test,,3,4,3,1,0,4,1,2,0,4,2,4,3,1,0,2,2,4,0,3,3,2,3,4,2,3,4,1,3,2,2,0,3,4,0,2
2019-07-18 9:06,2019-07-18 9:06,2,,100,0,1,2019-07-18 9:06,R_cYYFspVZfTVFWWV,,,,,48.4992981,-123.4002991,test,,2,1,4,1,4,4,3,2,2,3,1,1,2,3,1,2,2,2,1,3,3,0,4,4,1,0,4,1,0,1,1,2,2,4,2,2
2019-07-18 9:06,2019-07-18 9:06,2,,100,0,1,2019-07-18 9:06,R_bCx5IOwc3EaKFCd,,,,,48.4992981,-123.4002991,test,,3,0,0,3,4,1,1,1,2,4,1,1,3,2,2,3,0,1,3,4,4,0,1,2,4,1,4,1,0,3,1,2,1,2,0,2
2019-07-18 9:06,2019-07-18 9:06,2,,100,0,1,2019-07-18 9:06,R_1IjnQxnjDRnVc9L,,,,,48.4992981,-123.4002991,test,,2,3,4,0,1,2,1,1,1,4,1,2,0,2,4,1,4,2,1,1,2,4,2,0,0,0,1,2,2,0,3,2,2,3,3,4
2019-07-18 9:06,2019-07-18 9:06,2,,100,0,1,2019-07-18 9:06,R_cAYAuhCwqbkbMgJ,,,,,48.4992981,-123.4002991,test,,0,4,2,0,2,4,0,4,1,3,3,4,3,0,0,1,0,2,4,4,2,1,1,3,3,0,4,1,2,4,3,2,1,1,1,2
2019-07-18 9:06,2019-07-18 9:06,2,,100,0,1,2019-07-18 9:06,R_8pnoBFQddvcfwK9,,,,,48.4992981,-123.4002991,test,,3,4,1,0,0,2,1,4,4,0,4,0,3,4,4,1,1,0,2,1,4,2,0,2,3,3,3,1,1,2,3,2,4,4,3,1
2019-07-18 9:06,2019-07-18 9:06,2,,100,0,1,2019-07-18 9:06,R_72O7T1WNvE8Lg5n,,,,,48.4992981,-123.4002991,test,,0,0,1,2,2,4,1,2,2,0,2,4,2,3,0,0,0,1,1,1,4,4,0,0,2,3,4,1,4,1,3,0,3,3,3,0
2019-07-18 9:06,2019-07-18 9:06,2,,100,0,1,2019-07-18 9:06,R_6S6M82c5k4I9apD,,,,,48.4992981,-123.4002991,test,,4,0,3,4,4,1,3,0,4,0,2,0,3,0,4,2,1,3,3,3,3,2,3,0,3,4,3,1,2,2,3,4,0,4,1,4
2019-07-18 9:06,2019-07-18 9:06,2,,100,0,1,2019-07-18 9:06,R_6ht6rYKkUo3p7lX,,,,,48.4992981,-123.4002991,test,,1,4,0,4,2,1,4,2,4,3,4,4,4,3,4,4,0,3,4,4,3,3,3,4,1,2,4,2,3,4,3,2,0,2,0,0
2019-07-18 9:06,2019-07-18 9:06,2,,100,0,1,2019-07-18 9:06,R_09tmKuF2QmgYm0t,,,,,48.4992981,-123.4002991,test,,2,0,0,3,3,1,2,1,2,2,0,0,4,2,0,2,3,4,0,0,3,4,1,2,1,3,3,2,0,3,4,1,0,3,0,4
2019-07-18 9:06,2019-07-18 9:06,2,,100,0,1,2019-07-18 9:06,R_aVM4GmqAGKVyw8B,,,,,48.4992981,-123.4002991,test,,3,0,4,4,0,0,1,3,1,2,3,0,4,3,0,1,3,0,2,0,2,3,2,2,2,2,3,4,4,3,4,1,0,3,4,2
2019-07-18 9:06,2019-07-18 9:06,2,,100,0,1,2019-07-18 9:06,R_73g1PeGNgCowVI9,,,,,48.4992981,-123.4002991,test,,2,3,3,0,2,0,0,1,0,1,0,4,3,2,3,0,2,1,3,4,4,4,4,4,3,2,1,4,2,4,4,4,0,1,1,3
2019-07-18 9:06,2019-07-18 9:06,2,,100,0,1,2019-07-18 9:06,R_ezBf9FQixEklC5L,,,,,48.4992981,-123.4002991,test,,1,4,1,1,1,0,3,1,1,4,2,3,0,4,1,0,2,0,2,1,0,1,3,3,1,3,3,0,1,4,0,3,0,1,0,2
2019-07-18 9:06,2019-07-18 9:06,2,,100,0,1,2019-07-18 9:06,R_50bUmN78DdOR34V,,,,,48.4992981,-123.4002991,test,,0,4,1,0,0,3,3,4,0,1,1,2,4,2,0,3,2,4,1,4,1,0,1,4,3,0,4,4,0,0,0,2,0,2,4,0
2019-07-18 9:06,2019-07-18 9:06,2,,100,0,1,2019-07-18 9:06,R_3h2fCCI6x0FkmX3,,,,,48.4992981,-123.4002991,test,,0,4,3,2,2,0,2,1,0,3,3,4,4,1,4,2,3,2,1,1,0,2,2,4,2,3,3,2,0,4,4,3,1,4,3,2
2019-07-18 9:06,2019-07-18 9:06,2,,100,0,1,2019-07-18 9:06,R_8qvJ9bdutZEcQCh,,,,,48.4992981,-123.4002991,test,,3,0,3,3,1,3,0,2,4,4,0,1,4,0,1,0,3,0,4,2,4,0,2,0,2,3,3,3,1,3,4,2,4,3,1,0
2019-07-18 9:06,2019-07-18 9:06,2,,100,0,1,2019-07-18 9:06,R_bdVOYVCnp2eRShD,,,,,48.4992981,-123.4002991,test,,4,1,3,1,3,1,0,0,0,3,0,3,0,1,0,0,1,0,0,3,3,3,2,0,1,4,1,1,3,4,4,2,2,2,0,3
2019-07-18 9:06,2019-07-18 9:06,2,,100,0,1,2019-07-18 9:06,R_8tYTCRdeAXCwxCt,,,,,48.4992981,-123.4002991,test,,1,4,4,3,1,2,0,0,4,4,0,2,2,1,0,4,4,3,0,2,1,4,2,3,3,3,0,0,2,2,3,3,3,2,3,2
2019-07-18 9:06,2019-07-18 9:06,2,,100,0,1,2019-07-18 9:06,R_0fAU5fp2zvkpYiN,,,,,48.4992981,-123.4002991,test,,3,0,4,3,2,3,2,3,0,4,2,3,2,2,2,0,2,0,0,4,3,3,4,1,3,0,2,2,0,4,3,1,1,1,2,4
2019-07-18 9:06,2019-07-18 9:06,2,,100,0,1,2019-07-18 9:06,R_cIwXfGN6w8AVDEh,,,,,48.4992981,-123.4002991,test,,4,3,1,0,2,1,3,4,4,1,1,2,1,4,3,4,1,0,4,4,0,2,4,3,4,3,0,4,1,2,2,2,0,3,0,2
2019-07-18 9:06,2019-07-18 9:06,2,,100,0,1,2019-07-18 9:06,R_7PNC5vmgnMfGfC5,,,,,48.4992981,-123.4002991,test,,0,2,1,0,4,2,1,2,1,0,1,1,0,0,4,1,3,3,3,2,1,0,1,0,3,1,2,2,2,0,2,4,2,1,1,1
2019-07-18 9:06,2019-07-18 9:06,2,,100,0,1,2019-07-18 9:06,R_261jjiPD2uytr81,,,,,48.4992981,-123.4002991,test,,3,1,2,4,2,3,4,4,2,1,0,1,4,4,3,1,2,1,1,3,4,1,1,4,1,3,1,0,1,3,4,4,3,1,1,4
2019-07-18 9:06,2019-07-18 9:06,2,,100,0,1,2019-07-18 9:06,R_3gQNh2ZZUPWC1pP,,,,,48.4992981,-123.4002991,test,,2,1,4,0,0,2,0,1,4,2,3,1,3,0,3,0,0,2,2,2,3,2,4,2,1,4,1,1,0,1,2,2,1,1,1,3
2019-07-18 9:06,2019-07-18 9:06,2,,100,0,1,2019-07-18 9:06,R_6Ql80m260toihGl,,,,,48.4992981,-123.4002991,test,,1,1,4,3,4,0,4,0,2,4,4,0,4,1,0,2,2,4,0,0,2,3,4,1,3,4,0,2,1,3,0,3,2,4,0,2
2019-07-18 9:06,2019-07-18 9:06,2,,100,0,1,2019-07-18 9:06,R_8J1t0l6RZRFaglv,,,,,48.4992981,-123.4002991,test,,4,1,3,4,0,3,4,4,4,3,3,1,0,2,3,3,1,3,3,1,4,1,2,3,1,4,3,1,2,1,3,3,1,4,3,3
2019-07-18 9:06,2019-07-18 9:06,2,,100,0,1,2019-07-18 9:06,R_a2IL3KBMmwnFgEZ,,,,,48.4992981,-123.4002991,test,,1,1,0,0,0,2,3,1,2,4,4,3,1,1,0,1,4,1,4,3,4,0,2,0,1,3,1,3,4,3,0,1,3,0,0,1
2019-07-18 9:06,2019-07-18 9:06,2,,100,0,1,2019-07-18 9:06,R_1X2JcZqrYAoPlHL,,,,,48.4992981,-123.4002991,test,,3,3,0,2,2,1,1,0,3,2,1,4,0,2,3,0,3,1,0,0,3,2,3,0,1,0,0,3,1,2,4,2,0,0,3,1
2019-07-18 9:06,2019-07-18 9:06,2,,100,0,1,2019-07-18 9:06,R_dbWvR9tvEvpqrVX,,,,,48.4992981,-123.4002991,test,,0,1,1,4,1,2,0,4,1,2,3,3,3,1,1,2,2,2,1,3,1,1,3,1,2,0,2,4,2,3,4,0,4,1,1,2
2019-07-18 9:06,2019-07-18 9:06,2,,100,0,1,2019-07-18 9:06,R_1HQlUD93ALd7VUF,,,,,48.4992981,-123.4002991,test,,0,1,4,1,1,2,4,0,2,2,2,4,3,3,2,3,0,0,2,2,0,4,2,3,3,4,0,1,3,3,3,2,4,3,4,4
2019-07-18 9:06,2019-07-18 9:06,2,,100,0,1,2019-07-18 9:06,R_bjX1iaLfkH5xZqJ,,,,,48.4992981,-123.4002991,test,,3,2,1,4,3,2,1,0,1,3,3,4,0,4,2,0,0,0,0,3,3,0,2,2,2,1,1,1,2,1,4,4,1,3,1,3
2019-07-18 9:06,2019-07-18 9:06,2,,100,0,1,2019-07-18 9:06,R_b7qlDFzXcdE5zxj,,,,,48.4992981,-123.4002991,test,,4,3,1,4,3,1,1,2,0,2,2,2,0,1,1,3,4,4,1,2,2,0,3,0,0,1,3,1,1,3,3,3,3,4,4,3
2019-07-18 9:06,2019-07-18 9:06,2,,100,0,1,2019-07-18 9:06,R_a03FwSiOFfwuqB7,,,,,48.4992981,-123.4002991,test,,2,3,4,0,1,1,1,2,0,4,3,1,2,0,1,3,4,1,4,2,4,0,4,1,2,1,1,2,3,1,4,2,1,2,2,4
2019-07-18 9:06,2019-07-18 9:06,2,,100,0,1,2019-07-18 9:06,R_0HaqB6UrMR0SPEF,,,,,48.4992981,-123.4002991,test,,1,4,4,4,0,1,3,1,3,4,4,0,3,0,2,2,3,2,1,3,4,4,1,3,4,3,2,4,3,0,4,0,2,1,1,0
2019-07-18 9:06,2019-07-18 9:06,2,,100,0,1,2019-07-18 9:06,R_8AlA8IjkxJ4Uwlv,,,,,48.4992981,-123.4002991,test,,2,2,1,1,3,0,3,3,4,2,3,3,0,1,3,3,3,1,4,2,2,4,4,3,1,0,4,1,2,3,3,2,2,4,3,3
2019-07-18 9:06,2019-07-18 9:06,2,,100,0,1,2019-07-18 9:06,R_6nbEJM94SP3oCMd,,,,,48.4992981,-123.4002991,test,,4,1,4,4,1,4,0,2,2,2,2,3,3,2,3,2,3,4,1,2,1,0,2,4,0,1,1,1,2,4,3,3,1,1,4,3
2019-07-18 9:06,2019-07-18 9:06,2,,100,0,1,2019-07-18 9:06,R_09Dpwotmluteqr3,,,,,48.4992981,-123.4002991,test,,3,0,2,3,4,0,3,3,1,1,1,1,0,1,1,3,0,0,1,2,0,0,4,1,3,4,0,1,4,1,3,0,1,3,4,3
2019-07-18 9:06,2019-07-18 9:06,2,,100,0,1,2019-07-18 9:06,R_0dpBqExlXaq77yl,,,,,48.4992981,-123.4002991,test,,2,1,3,1,1,1,0,4,1,3,2,1,0,4,4,0,1,1,4,1,3,1,0,0,1,4,0,1,3,1,4,4,3,3,4,0
2019-07-18 9:06,2019-07-18 9:06,2,,100,0,1,2019-07-18 9:06,R_cCKCCkyTT7ZBQVL,,,,,48.4992981,-123.4002991,test,,1,1,0,0,2,2,3,3,1,0,4,4,2,1,0,0,2,0,4,2,2,1,0,2,0,2,4,4,0,2,4,1,3,1,3,2
2019-07-18 9:06,2019-07-18 9:06,2,,100,0,1,2019-07-18 9:06,R_397MafQd2htY0VT,,,,,48.4992981,-123.4002991,test,,3,2,0,0,0,3,4,4,4,3,3,3,4,0,0,4,4,1,3,4,1,2,3,2,3,4,4,4,3,2,1,1,0,0,3,2
2019-07-18 9:06,2019-07-18 9:06,2,,100,0,1,2019-07-18 9:06,R_b3MEaUiniInZnXD,,,,,48.4992981,-123.4002991,test,,3,0,1,4,3,1,3,1,3,0,2,0,2,0,3,4,4,1,2,4,4,3,0,2,2,1,4,3,4,4,0,4,1,1,4,4
2019-07-18 9:06,2019-07-18 9:06,2,,100,0,1,2019-07-18 9:06,R_9Zjcwbgm7VCDy6h,,,,,48.4992981,-123.4002991,test,,0,4,1,1,3,2,1,3,3,0,4,1,3,1,4,1,1,3,1,3,3,0,2,0,2,2,2,4,1,3,2,4,0,2,4,1
2019-07-18 9:06,2019-07-18 9:06,2,,100,0,1,2019-07-18 9:06,R_bPJNiQoNQbpu1cF,,,,,48.4992981,-123.4002991,test,,0,1,1,2,3,4,1,3,1,3,4,3,0,2,3,1,1,3,1,1,4,4,2,0,1,4,3,0,2,0,3,3,3,2,4,3
2019-07-18 9:06,2019-07-18 9:06,2,,100,0,1,2019-07-18 9:06,R_3IrZpMJjULeV7RH,,,,,48.4992981,-123.4002991,test,,2,3,4,2,2,2,4,0,0,0,2,4,0,2,4,4,3,0,4,0,1,2,0,4,1,1,4,0,3,4,0,0,3,0,1,4
2019-07-18 9:06,2019-07-18 9:06,2,,100,0,1,2019-07-18 9:06,R_6KiWwXc5FzO541L,,,,,48.4992981,-123.4002991,test,,4,1,3,4,1,4,2,1,2,3,3,3,4,3,2,3,0,3,2,2,4,3,0,3,4,2,3,0,2,3,2,4,1,4,2,0
2019-07-18 9:06,2019-07-18 9:06,2,,100,0,1,2019-07-18 9:06,R_4JFRJOmy8cyFHjT,,,,,48.4992981,-123.4002991,test,,1,3,1,0,4,4,3,1,3,2,3,3,4,3,1,2,2,2,0,0,4,1,3,3,4,0,3,4,2,4,3,1,4,4,4,3
2019-07-18 9:06,2019-07-18 9:06,2,,100,0,1,2019-07-18 9:06,R_eWfMF8smiVjXpUF,,,,,48.4992981,-123.4002991,test,,3,3,3,2,1,4,1,0,2,4,2,1,1,1,3,3,3,1,2,3,1,0,2,3,2,0,4,2,4,0,3,0,4,1,0,4
2019-07-18 9:06,2019-07-18 9:06,2,,100,0,1,2019-07-18 9:06,R_esz3JmcpOKHJNmR,,,,,48.4992981,-123.4002991,test,,3,4,0,2,2,1,4,3,0,1,4,0,4,4,4,2,4,0,1,3,2,1,4,2,3,1,3,0,3,3,0,4,3,3,1,2
2019-07-18 9:06,2019-07-18 9:06,2,,100,0,1,2019-07-18 9:06,R_71HOrzWnAXetkXz,,,,,48.4992981,-123.4002991,test,,3,0,1,3,0,1,2,0,4,2,0,2,0,1,0,0,0,1,2,2,1,0,0,3,2,4,3,0,2,3,1,2,4,0,4,4
2019-07-18 9:06,2019-07-18 9:06,2,,100,0,1,2019-07-18 9:06,R_djrFGEg50xYdS5f,,,,,48.4992981,-123.4002991,test,,1,0,3,0,0,2,3,3,3,1,1,0,0,1,3,1,0,2,1,3,2,3,0,0,4,4,1,2,0,3,1,1,4,4,2,0
2019-07-18 9:06,2019-07-18 9:06,2,,100,0,1,2019-07-18 9:06,R_40jDIUhNb94t6SN,,,,,48.4992981,-123.4002991,test,,2,2,4,1,2,1,1,4,3,0,3,2,4,1,2,0,1,0,0,3,1,0,2,3,1,3,2,0,1,1,0,3,4,1,1,2
2019-07-18 9:06,2019-07-18 9:06,2,,100,0,1,2019-07-18 9:06,R_789q6KBo2tKhW73,,,,,48.4992981,-123.4002991,test,,1,1,3,1,3,2,3,2,2,0,0,0,3,3,1,3,0,1,4,0,3,0,3,1,4,0,0,2,3,4,4,3,1,1,1,1
2019-07-18 9:06,2019-07-18 9:06,2,,100,0,1,2019-07-18 9:06,R_0qWQHPr24WEqkp7,,,,,48.4992981,-123.4002991,test,,1,4,0,3,3,2,3,1,1,2,0,0,1,0,1,1,2,3,0,2,0,0,2,1,0,4,3,0,3,4,1,4,2,3,0,4
2019-07-18 9:06,2019-07-18 9:06,2,,100,0,1,2019-07-18 9:06,R_0NTCCP66Dnuyisl,,,,,48.4992981,-123.4002991,test,,3,0,0,4,1,2,4,1,4,0,3,1,1,1,1,4,0,1,3,2,0,1,1,4,4,0,1,2,2,0,2,1,0,4,1,2
2019-07-18 9:06,2019-07-18 9:06,2,,100,0,1,2019-07-18 9:06,R_071nrJIIBCtFRwV,,,,,48.4992981,-123.4002991,test,,0,2,3,2,2,3,3,3,2,1,3,1,3,0,4,2,0,2,2,0,2,1,4,3,3,3,1,3,3,4,0,0,4,1,0,4
2019-07-18 9:06,2019-07-18 9:06,2,,100,0,1,2019-07-18 9:06,R_cZy7mlUBaEpHIRn,,,,,48.4992981,-123.4002991,test,,3,0,2,1,1,4,2,0,0,3,1,4,2,4,2,1,1,1,3,1,1,1,4,3,1,4,0,1,3,4,0,0,3,1,3,3
2019-07-18 9:06,2019-07-18 9:06,2,,100,0,1,2019-07-18 9:06,R_6YdYQtaFf3TT1Kl,,,,,48.4992981,-123.4002991,test,,3,1,4,3,0,3,4,1,1,4,3,4,3,2,1,3,4,3,2,4,3,0,1,4,2,3,3,3,3,2,4,4,0,2,2,2
2019-07-18 9:06,2019-07-18 9:06,2,,100,0,1,2019-07-18 9:06,R_1MTCL1brW5htKzr,,,,,48.4992981,-123.4002991,test,,0,1,0,4,0,2,2,4,3,2,2,1,1,1,0,0,4,0,3,0,4,2,4,2,0,1,1,3,3,1,4,3,3,0,1,3
2019-07-18 9:06,2019-07-18 9:06,2,,100,0,1,2019-07-18 9:06,R_eh2QWAFCe8UWamF,,,,,48.4992981,-123.4002991,test,,4,4,2,3,0,2,0,1,0,4,3,3,2,2,2,3,3,1,0,4,0,2,0,2,2,2,2,4,1,3,2,1,3,1,3,1
2019-07-18 9:06,2019-07-18 9:06,2,,100,0,1,2019-07-18 9:06,R_1FfnwfrdqcvO5sp,,,,,48.4992981,-123.4002991,test,,2,1,0,0,4,2,1,0,2,1,0,3,3,4,2,0,4,3,2,4,1,4,4,2,4,0,2,2,2,0,0,3,0,3,2,2
2019-07-18 9:06,2019-07-18 9:06,2,,100,0,1,2019-07-18 9:06,R_2lxRT7QAhgyjBel,,,,,48.4992981,-123.4002991,test,,2,4,1,4,2,1,3,4,0,0,4,3,2,3,1,4,4,3,2,0,2,1,2,0,1,2,0,0,2,1,4,2,0,2,3,1
2019-07-18 9:06,2019-07-18 9:06,2,,100,0,1,2019-07-18 9:06,R_3CdhRBIi8Gj35Rj,,,,,48.4992981,-123.4002991,test,,2,3,1,3,2,4,3,1,2,3,4,2,2,1,4,2,3,1,0,3,0,0,2,4,0,1,1,1,3,2,0,2,0,1,4,1
2019-07-18 9:06,2019-07-18 9:06,2,,100,0,1,2019-07-18 9:06,R_doPOc8FqiI91rwx,,,,,48.4992981,-123.4002991,test,,4,0,0,1,2,0,1,2,1,3,2,3,3,0,2,1,1,2,4,3,2,1,0,3,4,3,4,4,2,4,4,1,0,1,3,2
2019-07-18 9:06,2019-07-18 9:06,2,,100,0,1,2019-07-18 9:06,R_eDQyI4C8Z1B9ji5,,,,,48.4992981,-123.4002991,test,,4,1,4,1,0,1,4,4,2,3,0,4,3,4,4,3,4,0,1,2,3,0,3,4,2,1,2,3,3,0,2,4,4,4,2,3
2019-07-18 9:06,2019-07-18 9:06,2,,100,0,1,2019-07-18 9:06,R_6xmKUQUSTN08vFb,,,,,48.4992981,-123.4002991,test,,2,2,4,2,1,0,2,3,2,0,2,1,1,1,1,0,1,3,1,1,2,1,4,2,2,4,0,0,3,3,4,2,1,1,0,3
2019-07-18 9:06,2019-07-18 9:06,2,,100,0,1,2019-07-18 9:06,R_cGEXdvPpBIXrFxr,,,,,48.4992981,-123.4002991,test,,0,3,4,4,4,0,3,1,4,2,0,2,3,1,2,3,0,4,1,3,2,1,1,0,1,3,4,3,4,2,4,3,0,4,1,0
2019-07-18 9:06,2019-07-18 9:06,2,,100,0,1,2019-07-18 9:06,R_6mc6xRteFiIBBvD,,,,,48.4992981,-123.4002991,test,,2,3,3,1,2,1,1,3,4,1,1,4,2,0,0,3,1,0,3,2,2,0,4,1,3,4,4,2,4,4,1,3,3,3,3,3
2019-07-18 9:06,2019-07-18 9:06,2,,100,0,1,2019-07-18 9:06,R_41krduYg6V2Giqh,,,,,48.4992981,-123.4002991,test,,1,4,2,0,0,2,3,2,1,0,4,4,0,3,1,2,0,1,1,2,3,0,1,2,2,2,0,2,0,4,3,4,4,2,4,1
2019-07-18 9:06,2019-07-18 9:06,2,,100,0,1,2019-07-18 9:06,R_eD2OBXWprK0oyDr,,,,,48.4992981,-123.4002991,test,,2,0,3,1,1,3,3,4,3,1,2,0,2,4,0,1,1,4,0,3,4,4,4,4,3,0,4,3,2,4,2,4,2,0,3,3
2019-07-18 9:06,2019-07-18 9:06,2,,100,0,1,2019-07-18 9:06,R_8qRBcwlf5rN3pBz,,,,,48.4992981,-123.4002991,test,,0,1,4,0,3,0,0,4,4,3,4,0,3,2,4,1,3,2,1,0,0,4,0,3,2,0,0,4,2,4,4,0,3,1,3,2
2019-07-18 9:06,2019-07-18 9:06,2,,100,0,1,2019-07-18 9:06,R_8qpkdSHwyeaDJFb,,,,,48.4992981,-123.4002991,test,,3,0,0,3,1,1,1,0,2,3,0,3,2,1,0,0,3,1,3,2,0,1,2,2,3,0,0,3,4,3,0,3,2,3,1,0
2019-07-18 9:06,2019-07-18 9:06,2,,100,0,1,2019-07-18 9:06,R_bqQCEpGoDM30D9r,,,,,48.4992981,-123.4002991,test,,4,3,1,0,3,1,4,2,3,3,0,0,0,2,3,4,4,1,3,3,0,4,2,2,4,4,4,1,3,0,1,4,4,1,3,2
2019-07-18 9:06,2019-07-18 9:06,2,,100,0,1,2019-07-18 9:06,R_9Rh4ohOo3c3SROB,,,,,48.4992981,-123.4002991,test,,3,1,3,4,0,2,3,0,4,2,1,3,1,0,0,1,3,3,0,3,1,1,4,2,4,2,3,1,0,1,2,2,0,3,3,0
2019-07-18 9:06,2019-07-18 9:06,2,,100,0,1,2019-07-18 9:06,R_3VLfwRRzwV0FqT3,,,,,48.4992981,-123.4002991,test,,0,4,2,0,1,4,1,4,0,0,3,4,0,1,3,3,4,4,1,3,4,4,3,3,3,4,1,4,0,3,1,0,1,2,1,2
2019-07-18 9:06,2019-07-18 9:06,2,,100,0,1,2019-07-18 9:06,R_6DxLuFb6lceqrrf,,,,,48.4992981,-123.4002991,test,,1,2,1,2,3,2,1,2,3,2,3,2,2,4,3,4,1,4,4,4,0,4,1,4,0,1,3,3,4,2,1,3,3,3,3,0
2019-07-18 9:06,2019-07-18 9:06,2,,100,0,1,2019-07-18 9:06,R_5bVOiUJoSg7I3tP,,,,,48.4992981,-123.4002991,test,,4,2,3,1,1,4,2,4,0,3,2,2,3,3,1,0,2,0,4,3,2,1,0,2,4,2,0,2,1,3,3,0,4,3,1,4
2019-07-18 9:06,2019-07-18 9:06,2,,100,0,1,2019-07-18 9:06,R_agSiJlOhvr5STTD,,,,,48.4992981,-123.4002991,test,,1,1,1,1,4,3,0,0,4,4,4,3,0,1,4,1,4,1,3,0,1,1,1,4,4,2,0,0,0,1,3,1,3,4,2,2
2019-07-18 9:06,2019-07-18 9:06,2,,100,0,1,2019-07-18 9:06,R_a8Zc9Gn2fZdpeyV,,,,,48.4992981,-123.4002991,test,,4,0,3,4,4,3,2,4,4,3,0,0,3,4,1,4,0,2,4,1,3,1,2,2,0,1,2,0,3,0,1,1,2,3,3,3
2019-07-18 9:06,2019-07-18 9:06,2,,100,0,1,2019-07-18 9:06,R_39ROVnYuVctpzal,,,,,48.4992981,-123.4002991,test,,1,1,4,1,0,4,0,1,0,0,1,3,1,0,0,2,2,0,4,3,4,1,1,2,4,0,2,2,1,3,2,0,4,1,2,4
2019-07-18 9:06,2019-07-18 9:06,2,,100,0,1,2019-07-18 9:06,R_2co2Te4obWSkn0V,,,,,48.4992981,-123.4002991,test,,3,3,3,1,1,3,1,2,3,4,4,1,1,2,0,2,0,2,0,1,2,4,4,2,4,3,4,2,4,2,3,4,2,2,0,3
2019-07-18 9:06,2019-07-18 9:06,2,,100,0,1,2019-07-18 9:06,R_22YLSvAKJZuvuQZ,,,,,48.4992981,-123.4002991,test,,4,3,1,4,4,3,3,4,1,0,4,0,1,3,0,0,1,4,4,4,4,0,4,1,1,1,1,0,0,4,3,3,3,1,4,1
2019-07-18 9:06,2019-07-18 9:06,2,,100,0,1,2019-07-18 9:06,R_bxaDe0Ur8kJIZyR,,,,,48.4992981,-123.4002991,test,,0,0,2,0,4,1,3,0,4,2,2,2,1,3,3,1,3,4,3,0,3,4,0,1,0,1,1,4,1,0,2,4,0,1,1,0
2019-07-18 9:06,2019-07-18 9:06,2,,100,0,1,2019-07-18 9:06,R_6ShogCQP7CCaTqt,,,,,48.4992981,-123.4002991,test,,0,2,4,1,4,2,1,1,0,4,0,0,2,0,0,0,2,2,0,4,4,0,0,1,3,4,0,2,1,1,0,0,1,3,0,0
2019-07-18 9:06,2019-07-18 9:06,2,,100,0,1,2019-07-18 9:06,R_6mRtnQjru9AaKlT,,,,,48.4992981,-123.4002991,test,,3,3,4,2,2,1,1,1,0,2,4,3,2,0,0,1,1,3,3,4,1,3,4,0,1,0,4,3,2,1,1,3,1,2,2,3
2019-07-18 9:06,2019-07-18 9:06,2,,100,0,1,2019-07-18 9:06,R_55cHlokGyCkY4Ul,,,,,48.4992981,-123.4002991,test,,1,4,0,2,1,4,0,1,2,0,4,0,3,4,2,1,0,4,0,1,0,3,1,0,0,2,0,4,4,4,3,0,2,4,1,0
2019-07-18 9:06,2019-07-18 9:06,2,,100,0,1,2019-07-18 9:06,R_1XthB7velpU494V,,,,,48.4992981,-123.4002991,test,,0,2,4,0,2,0,0,2,3,3,0,4,4,4,0,1,0,2,0,2,0,4,0,0,2,4,2,0,1,4,0,4,0,2,2,1
2019-07-18 9:06,2019-07-18 9:06,2,,100,0,1,2019-07-18 9:06,R_eWZCznubYd8WIHH,,,,,48.4992981,-123.4002991,test,,3,3,1,2,4,3,3,1,4,1,2,2,3,3,2,0,2,1,0,4,2,2,2,1,4,1,4,2,3,2,4,1,2,4,3,1
2019-07-18 9:06,2019-07-18 9:06,2,,100,0,1,2019-07-18 9:06,R_cCOnDljrvqiwulD,,,,,48.4992981,-123.4002991,test,,2,1,4,1,3,0,1,4,3,1,2,4,1,3,1,4,4,0,1,4,1,0,2,0,3,1,1,0,0,0,1,2,1,1,1,4
2019-07-18 9:06,2019-07-18 9:06,2,,100,0,1,2019-07-18 9:06,R_1FkXoT9OLVdEcTz,,,,,48.4992981,-123.4002991,test,,1,1,4,1,0,1,3,2,3,4,0,3,2,4,0,3,2,0,2,0,2,3,4,2,0,3,3,1,3,3,3,3,0,2,1,1
2019-07-18 9:06,2019-07-18 9:06,2,,100,0,1,2019-07-18 9:06,R_1OgvjJCwTTTINcV,,,,,48.4992981,-123.4002991,test,,4,3,2,2,0,0,0,2,3,2,0,2,4,4,3,2,2,2,0,2,0,3,4,2,3,2,4,3,3,4,0,3,4,0,1,3
2019-07-18 9:06,2019-07-18 9:06,2,,100,0,1,2019-07-18 9:06,R_6fHC5FuD2darTEx,,,,,48.4992981,-123.4002991,test,,1,0,2,1,2,1,4,4,4,4,3,1,2,3,2,2,0,0,1,1,1,3,1,1,1,0,4,4,0,3,1,4,1,2,0,1
2019-07-18 9:06,2019-07-18 9:06,2,,100,0,1,2019-07-18 9:06,R_5yz53IgC0xGlPOl,,,,,48.4992981,-123.4002991,test,,2,3,4,4,4,0,1,3,2,0,2,0,4,4,2,0,0,4,2,2,2,3,0,4,1,3,3,1,4,4,3,1,1,3,0,1
2019-07-18 9:06,2019-07-18 9:06,2,,100,0,1,2019-07-18 9:06,R_6hPkAURMZgvumOx,,,,,48.4992981,-123.4002991,test,,0,0,2,2,1,3,4,1,1,4,2,4,1,2,3,1,4,1,2,0,4,1,0,4,4,4,4,2,3,3,4,2,0,1,2,0
2019-07-18 9:06,2019-07-18 9:06,2,,100,0,1,2019-07-18 9:06,R_cvXJCYaio7cQuO1,,,,,48.4992981,-123.4002991,test,,3,4,1,3,3,4,0,2,3,2,0,2,4,3,0,3,2,3,0,3,0,0,1,3,1,1,0,3,1,0,4,0,2,2,1,3
2019-07-18 9:06,2019-07-18 9:06,2,,100,0,1,2019-07-18 9:06,R_9HUphuR5QOqQhud,,,,,48.4992981,-123.4002991,test,,1,0,2,2,1,4,2,4,4,4,0,4,3,0,0,4,0,2,4,0,3,2,4,4,1,2,1,4,1,3,2,2,4,2,0,0
2019-07-18 9:06,2019-07-18 9:06,2,,100,0,1,2019-07-18 9:06,R_9ReET2ScwsGPatv,,,,,48.4992981,-123.4002991,test,,3,1,0,4,0,0,2,1,2,1,1,1,0,3,3,4,0,1,0,4,2,0,4,2,0,1,1,1,3,1,2,1,0,1,2,3
2019-07-18 9:06,2019-07-18 9:06,2,,100,0,1,2019-07-18 9:06,R_ePAq4uCRiFRA4YJ,,,,,48.4992981,-123.4002991,test,,2,3,3,0,4,0,1,4,2,3,2,1,1,1,1,1,2,1,1,4,0,0,2,3,4,2,4,1,0,0,3,4,4,1,4,4
2019-07-18 9:06,2019-07-18 9:06,2,,100,0,1,2019-07-18 9:06,R_eE7EBVo6dtpDeDP,,,,,48.4992981,-123.4002991,test,,3,1,4,2,2,1,0,2,2,4,1,1,1,2,2,4,0,2,3,1,1,3,2,1,0,4,4,2,4,1,2,4,2,1,1,2
2019-07-18 9:06,2019-07-18 9:06,2,,100,0,1,2019-07-18 9:06,R_6QYP6xJDyzjxmrH,,,,,48.4992981,-123.4002991,test,,1,4,2,2,0,0,2,1,1,0,2,1,1,4,0,1,1,1,1,4,0,2,0,1,2,4,1,3,3,2,0,3,0,1,3,0
2019-07-18 9:06,2019-07-18 9:06,2,,100,1,1,2019-07-18 9:06,R_7WHdRNn6VLlJ5uR,,,,,48.4992981,-123.4002991,test,,4,4,4,2,1,0,2,3,4,3,0,3,1,4,2,1,3,4,4,1,1,2,3,4,4,3,3,1,4,4,2,0,4,0,0,2
2019-07-18 9:06,2019-07-18 9:06,2,,100,0,1,2019-07-18 9:06,R_bPZCgm7wRZhu9ox,,,,,48.4992981,-123.4002991,test,,3,3,0,2,2,3,3,0,1,1,1,4,3,4,2,4,1,1,3,3,4,0,3,1,2,3,0,4,3,1,1,1,2,4,0,0
2019-07-18 9:06,2019-07-18 9:06,2,,100,0,1,2019-07-18 9:06,R_3yKhKBt5HILPUbP,,,,,48.4992981,-123.4002991,test,,4,1,3,0,4,1,0,0,3,2,3,0,0,0,4,2,3,3,2,3,0,2,3,3,0,4,2,4,2,0,0,1,4,4,4,2
2019-07-18 9:06,2019-07-18 9:06,2,,100,0,1,2019-07-18 9:06,R_6eY8bzc4nYOfOtv,,,,,48.4992981,-123.4002991,test,,1,1,4,1,1,1,4,0,1,2,1,3,4,1,0,4,3,1,2,1,0,0,0,0,3,4,2,1,2,2,1,4,2,0,0,3
2019-07-18 9:06,2019-07-18 9:06,2,,100,0,1,2019-07-18 9:06,R_8ul8aYB3xHBmPxb,,,,,48.4992981,-123.4002991,test,,4,3,1,1,4,0,1,4,4,4,3,3,1,1,0,2,2,1,2,0,0,1,0,3,2,2,0,4,1,2,2,4,2,4,1,1
2019-07-18 9:06,2019-07-18 9:06,2,,100,0,1,2019-07-18 9:06,R_ey8G77ElljwMmYl,,,,,48.4992981,-123.4002991,test,,0,2,3,4,4,0,0,4,2,1,3,3,0,1,2,0,2,4,0,0,0,0,3,4,2,4,0,3,1,0,2,0,0,3,2,2
2019-07-18 9:06,2019-07-18 9:06,2,,100,0,1,2019-07-18 9:06,R_es49ExTyDyr3G4t,,,,,48.4992981,-123.4002991,test,,1,0,0,2,3,0,0,3,4,2,4,1,2,3,4,0,2,4,2,3,2,3,0,1,0,0,3,0,3,4,0,4,3,1,4,0
2019-07-18 9:06,2019-07-18 9:06,2,,100,0,1,2019-07-18 9:06,R_4100YMPthr4HHRb,,,,,48.4992981,-123.4002991,test,,2,0,1,4,2,0,2,3,4,0,0,4,2,0,3,0,1,3,4,1,4,1,2,2,3,4,4,2,3,1,4,1,1,1,3,4
2019-07-18 9:06,2019-07-18 9:06,2,,100,0,1,2019-07-18 9:06,R_6r6mdGI32nJKHrv,,,,,48.4992981,-123.4002991,test,,1,0,2,1,2,2,3,3,2,4,1,3,2,2,1,4,2,3,4,0,1,4,3,0,4,0,3,3,3,0,3,0,3,4,3,3
2019-07-18 9:06,2019-07-18 9:06,2,,100,0,1,2019-07-18 9:06,R_9sK9ywpnytd4ciV,,,,,48.4992981,-123.4002991,test,,2,3,2,2,1,3,3,0,2,3,1,2,0,2,0,2,4,1,3,2,2,4,2,3,0,3,0,4,0,1,1,2,3,1,0,0
2019-07-18 9:06,2019-07-18 9:06,2,,100,0,1,2019-07-18 9:06,R_24T1MiXFa7QZ8Kp,,,,,48.4992981,-123.4002991,test,,1,3,3,2,2,0,2,3,3,0,3,0,4,2,4,2,4,2,0,0,0,1,2,3,2,3,2,2,1,0,3,0,1,3,0,4
2019-07-18 9:06,2019-07-18 9:06,2,,100,0,1,2019-07-18 9:06,R_6iehXW9ok4cVXa5,,,,,48.4992981,-123.4002991,test,,1,4,3,4,3,3,3,3,4,1,4,3,1,4,2,3,2,2,1,4,2,4,2,3,0,3,3,0,4,1,2,4,4,1,4,3
2019-07-18 9:06,2019-07-18 9:06,2,,100,0,1,2019-07-18 9:06,R_bl056i8qA40r7JH,,,,,48.4992981,-123.4002991,test,,1,2,1,0,0,1,4,2,0,1,3,2,3,0,4,1,1,4,1,1,1,0,3,4,0,3,3,0,4,4,1,4,4,3,3,3
2019-07-18 9:06,2019-07-18 9:06,2,,100,0,1,2019-07-18 9:06,R_4THU3fyeceK1ORv,,,,,48.4992981,-123.4002991,test,,1,3,3,0,3,1,2,2,2,3,4,1,1,4,0,1,2,3,3,1,4,2,3,1,3,4,0,4,0,0,0,1,2,0,4,3
2019-07-18 9:06,2019-07-18 9:06,2,,100,0,1,2019-07-18 9:06,R_1HLNPepdftpQ8BL,,,,,48.4992981,-123.4002991,test,,0,3,0,4,1,3,4,0,3,4,3,0,0,2,0,4,0,0,2,0,3,2,1,3,2,3,3,3,1,1,4,4,3,3,1,3
2019-07-18 9:06,2019-07-18 9:06,2,,100,0,1,2019-07-18 9:06,R_a5YQQOkXhfVkvHv,,,,,48.4992981,-123.4002991,test,,0,2,3,2,0,3,2,1,0,0,0,0,1,0,3,3,4,4,3,1,0,1,3,3,3,4,0,4,3,0,2,3,4,1,4,2
2019-07-18 9:06,2019-07-18 9:06,2,,100,0,1,2019-07-18 9:06,R_1TvfwY0GoMat7Bb,,,,,48.4992981,-123.4002991,test,,0,2,3,4,3,3,3,1,0,1,4,3,4,4,4,0,3,2,4,1,1,2,1,1,2,0,4,2,4,0,2,3,3,4,4,1
2019-07-18 9:06,2019-07-18 9:06,2,,100,0,1,2019-07-18 9:06,R_b3ZxWyKQMO3eaWx,,,,,48.4992981,-123.4002991,test,,3,0,1,3,1,1,3,0,2,0,0,0,4,3,2,0,0,0,3,0,2,3,1,2,1,4,0,3,1,2,2,4,1,4,1,4
2019-07-18 9:06,2019-07-18 9:06,2,,100,0,1,2019-07-18 9:06,R_8Gt5NhupjNHfcGx,,,,,48.4992981,-123.4002991,test,,1,2,4,4,4,3,4,1,4,0,1,1,4,1,1,3,4,3,4,1,0,4,2,4,3,3,3,0,3,1,2,3,2,1,0,3
2019-07-18 9:06,2019-07-18 9:06,2,,100,0,1,2019-07-18 9:06,R_cvdBvy7V6jsqIHH,,,,,48.4992981,-123.4002991,test,,0,4,0,0,1,3,4,2,1,1,0,1,2,4,3,4,4,1,4,2,2,0,1,0,1,1,4,0,1,4,2,1,0,4,3,4
2019-07-18 9:06,2019-07-18 9:06,2,,100,0,1,2019-07-18 9:06,R_0D6L7fmTmMxk6hL,,,,,48.4992981,-123.4002991,test,,1,0,4,2,2,2,0,3,1,3,4,1,4,3,1,4,4,2,4,2,2,0,2,3,3,1,4,3,1,3,3,3,1,0,3,4
2019-07-18 9:06,2019-07-18 9:06,2,,100,0,1,2019-07-18 9:06,R_6ETVgB9BXGgNHnv,,,,,48.4992981,-123.4002991,test,,2,1,4,3,3,2,3,1,2,1,2,2,2,0,2,1,4,2,2,2,0,4,1,4,4,0,3,1,4,4,4,2,3,3,4,3
2019-07-18 9:06,2019-07-18 9:06,2,,100,0,1,2019-07-18 9:06,R_aflO9pt26VQnRgV,,,,,48.4992981,-123.4002991,test,,2,1,1,1,1,0,0,2,2,3,4,1,1,1,2,1,1,3,0,4,2,2,1,3,0,2,4,4,0,1,2,4,0,2,1,4
2019-07-18 9:06,2019-07-18 9:06,2,,100,0,1,2019-07-18 9:06,R_2ovukg3dqOtMX3v,,,,,48.4992981,-123.4002991,test,,1,2,1,3,1,3,1,4,3,4,0,1,1,3,3,2,1,2,0,1,1,1,4,0,1,0,3,1,3,4,0,4,4,2,4,4
2019-07-18 9:06,2019-07-18 9:06,2,,100,0,1,2019-07-18 9:06,R_eaQ01Q9mhl1ZY8J,,,,,48.4992981,-123.4002991,test,,3,4,1,1,2,0,3,0,2,0,2,4,0,1,1,4,1,3,1,1,3,4,4,0,1,0,3,1,4,1,2,1,0,0,2,1
2019-07-18 9:06,2019-07-18 9:06,2,,100,0,1,2019-07-18 9:06,R_7P8zu3EOHPcEijj,,,,,48.4992981,-123.4002991,test,,1,0,1,2,1,4,3,0,0,2,4,1,0,2,1,2,1,1,0,2,4,4,0,2,0,1,4,3,3,0,1,4,2,2,0,2
2019-07-18 9:06,2019-07-18 9:06,2,,100,0,1,2019-07-18 9:06,R_7UQYDcj1jdKQKpL,,,,,48.4992981,-123.4002991,test,,3,1,2,1,4,2,1,3,3,1,2,2,0,4,3,3,0,1,3,2,0,2,2,4,3,0,0,1,4,0,0,2,0,3,2,4
2019-07-18 9:06,2019-07-18 9:06,2,,100,0,1,2019-07-18 9:06,R_bNQJAx4mVtCE8kt,,,,,48.4992981,-123.4002991,test,,3,0,0,4,2,2,4,2,4,4,1,0,0,3,3,0,3,2,1,3,2,4,1,1,1,2,3,2,3,0,4,3,2,2,4,4
2019-07-18 9:06,2019-07-18 9:06,2,,100,0,1,2019-07-18 9:06,R_6hZPsYESuLNQrXf,,,,,48.4992981,-123.4002991,test,,0,4,0,4,1,2,1,1,2,1,1,4,3,3,2,1,2,0,0,0,1,3,1,3,0,1,3,3,0,4,0,3,1,0,3,3
2019-07-18 9:06,2019-07-18 9:06,2,,100,0,1,2019-07-18 9:06,R_6sYpwEWEDoHsIPX,,,,,48.4992981,-123.4002991,test,,0,4,4,0,0,2,0,4,4,4,3,2,3,4,0,1,3,3,1,1,3,2,0,3,4,3,4,2,2,0,4,3,4,0,0,1
2019-07-18 9:06,2019-07-18 9:06,2,,100,0,1,2019-07-18 9:06,R_3xVeQVxx9J9cG7H,,,,,48.4992981,-123.4002991,test,,4,2,1,4,4,1,2,3,2,0,2,3,4,4,3,0,2,2,4,2,0,4,0,1,0,1,1,2,4,1,3,1,0,2,4,3
2019-07-18 9:06,2019-07-18 9:06,2,,100,0,1,2019-07-18 9:06,R_cLVhqHimbBweaZT,,,,,48.4992981,-123.4002991,test,,3,4,2,1,0,4,3,1,1,2,2,3,2,2,2,3,1,3,3,1,0,3,1,2,4,3,1,0,1,3,1,3,3,1,1,4
2019-07-18 9:06,2019-07-18 9:06,2,,100,0,1,2019-07-18 9:06,R_0ujCXYTsIWIZ2lv,,,,,48.4992981,-123.4002991,test,,1,1,0,3,2,3,3,1,1,0,3,0,0,2,1,3,1,3,1,1,1,1,3,1,2,3,1,0,3,3,4,2,2,3,4,2
2019-07-18 9:06,2019-07-18 9:06,2,,100,0,1,2019-07-18 9:06,R_cPkkVywIE4xgeiN,,,,,48.4992981,-123.4002991,test,,3,1,1,3,0,3,1,3,3,2,0,0,1,1,3,1,0,4,0,3,3,2,4,2,2,2,3,4,1,3,2,3,1,2,4,2
2019-07-18 9:06,2019-07-18 9:06,2,,100,0,1,2019-07-18 9:06,R_3TPupsDCaJpn0l7,,,,,48.4992981,-123.4002991,test,,1,1,2,3,2,0,0,4,2,3,1,2,1,2,4,1,3,2,4,0,0,4,3,1,1,0,3,3,4,3,4,3,1,0,0,4
2019-07-18 9:06,2019-07-18 9:06,2,,100,0,1,2019-07-18 9:06,R_dgynQ7iSj7iMTD7,,,,,48.4992981,-123.4002991,test,,1,1,4,4,0,4,4,4,0,0,2,0,2,3,1,3,0,4,3,4,4,2,1,4,3,4,3,0,2,0,3,2,2,1,0,1
2019-07-18 9:06,2019-07-18 9:06,2,,100,0,1,2019-07-18 9:06,R_5aQoISzf0vKMqih,,,,,48.4992981,-123.4002991,test,,2,1,2,0,0,4,3,4,1,2,2,2,3,4,0,2,0,0,1,3,3,4,0,4,1,4,1,2,4,4,4,2,0,0,4,2
2019-07-18 9:06,2019-07-18 9:06,2,,100,0,1,2019-07-18 9:06,R_1R3AWSNwWTYQpUx,,,,,48.4992981,-123.4002991,test,,1,1,1,2,4,2,0,2,4,2,2,2,1,3,0,1,1,2,3,3,1,4,3,0,4,4,0,3,4,4,3,3,1,1,0,0
2019-07-18 9:06,2019-07-18 9:06,2,,100,0,1,2019-07-18 9:06,R_erGKASvW2MNkZAV,,,,,48.4992981,-123.4002991,test,,2,1,2,1,3,3,3,2,2,0,4,1,3,2,3,4,4,4,1,4,1,0,1,4,3,0,4,2,0,2,0,4,3,3,0,4
2019-07-18 9:06,2019-07-18 9:06,2,,100,0,1,2019-07-18 9:06,R_29TifTPuRXcalpz,,,,,48.4992981,-123.4002991,test,,0,1,1,4,2,1,4,1,2,0,2,3,3,3,3,0,3,2,4,0,2,1,0,0,3,0,1,2,3,0,0,4,3,1,2,1
2019-07-18 9:06,2019-07-18 9:06,2,,100,0,1,2019-07-18 9:06,R_3LhDTUSf9c1txc1,,,,,48.4992981,-123.4002991,test,,3,4,3,3,3,1,4,1,1,2,4,4,4,3,2,2,4,1,1,3,2,4,2,4,4,2,4,4,1,0,0,0,0,4,3,4
2019-07-18 9:06,2019-07-18 9:06,2,,100,0,1,2019-07-18 9:06,R_299Y3CsBwPZGjsx,,,,,48.4992981,-123.4002991,test,,1,3,2,2,2,4,2,1,0,3,0,0,1,2,0,1,3,4,1,1,1,0,0,3,2,4,3,3,4,1,0,2,2,0,1,1